FP_AdjClou,FP_AdjWate,FP_MAD_DT,FP_MAD_T4,FP_MAD_T5,FP_MeanDT,FP_MeanRad,FP_MeanT4,FP_MeanT5,FP_Rad13,FP_SolAzAn,FP_SolZenA,FP_T4,FP_T5,FP_ViewAzA,FP_ViewZen,FP_WinSize,FP_confide,FP_day,FP_latitud,FP_line,FP_longitu,FP_power,FP_sample,FP_AdjCl_1,FP_AdjWa_1,FP_MAD_DT_,FP_MAD_T4_,FP_MAD_T5_,FP_MeanDT_,FP_MeanR_1,FP_MeanT4_,FP_MeanT5_,FP_Rad13_3,FP_SolAz_1,FP_SolZe_1,FP_T4_3,FP_T5_3,FP_ViewA_1,FP_ViewZ_1,FP_WinSi_1,FP_confi_1,FP_day_3,FP_latit_1,FP_line_3,FP_longi_1,FP_power_3,FP_sample_,FP_AdjCl_2,FP_AdjWa_2,FP_MAD_D_1,FP_MAD_T_1,FP_MAD_T_2,FP_MeanD_1,FP_MeanR_2,FP_MeanT_1,FP_MeanT_2,FP_Rad13_2,FP_SolAz_2,FP_SolZe_2,FP_T4_2,FP_T5_2,FP_ViewA_2,FP_ViewZ_2,FP_WinSi_2,FP_confi_2,FP_day_2,FP_latit_2,FP_line_2,FP_longi_2,FP_power_2,FP_sampl_1,icon_url
"0","0",-2.292128562927250,5.574109077453610,7.866237640380860,14.663843154907200,1.210471153259280,316.712768554688012,302.048980712891023,1.518277764320370,-53.020000457763707,35.290000915527301,342.923858642578011,312.054870605468977,-103.769996643065994,21.930000305175799,"10","8","1",-38.981357574462898,"50",-64.057418823242202,4.118250846862791,"2481",,,,,,,,,,,,,,,,,,,,,,,,,,,,,,,,,,,,,,,,,,,,,,,,,./0.png
"0","3",0.601316928863525,5.380565166473390,4.779248237609860,8.669212341308590,0.880585789680481,307.683898925780966,299.014556884766023,1.092880249023440,-42.099998474121101,31.619998931884801,332.615173339843977,300.547882080078011,81.720001220703111,23.739999771118200,"10","8","1",-39.623519897460902,"183",-71.253646850585895,2.943287134170530,"3979",,,,,,,,,,,,,,,,,,,,,,,,,,,,,,,,,,,,,,,,,,,,,,,,,./0.png
"0","0",1.991543769836430,6.451601982116700,4.460058212280270,7.932962894439700,0.671487927436829,306.296539306641023,298.363189697266023,1.057295680046080,-42.319999694824197,31.659999847412099,346.911804199219034,298.850646972656023,81.959999084472699,23.029998779296900,"10","8","1",-39.594337463378899,"187",-71.132194519042997,5.275211334228520,"3956",,,,,,,,,,,,,,,,,,,,,,,,,,,,,,,,,,,,,,,,,,,,,,,,,./0.png
"0","0",1.769499778747560,6.656208038330080,4.886708259582520,8.719873428344730,0.714316129684448,304.230438232421989,295.510467529296932,1.146257162094120,-42.159999847412102,31.619998931884801,340.383361816406023,296.460266113281023,81.989997863769503,23.590000152587901,"10","8","1",-39.605640411377003,"187",-71.227470397949205,5.973214626312260,"3974",,,,,,,,,,,,,,,,,,,,,,,,,,,,,,,,,,,,,,,,,,,,,,,,,./0.png
"0","0",2.124554157257080,6.535639286041260,4.411085128784180,8.071040153503420,0.707688629627228,306.301818847656023,298.230499267578011,3.261922359466550,-42.319999694824197,31.659999847412099,349.098999023438012,300.510284423828011,82.029998779296889,23.029998779296900,"10","8","1",-39.590736389160199,"188",-71.132911682128906,17.462224960327099,"3956",,,,,,,,,,,,,,,,,,,,,,,,,,,,,,,,,,,,,,,,,,,,,,,,,./0.png
"0","0",2.147042751312260,6.631817817687990,4.484775066375730,7.892671585083010,0.707688629627228,305.782867431641023,297.889984130859034,3.261922359466550,-42.309997558593800,31.659999847412099,346.648712158203011,300.446624755859034,82.029998779296889,23.059999465942401,"10","8","1",-39.591346740722699,"188",-71.137992858886705,17.462224960327099,"3957",,,,,,,,,,,,,,,,,,,,,,,,,,,,,,,,,,,,,,,,,,,,,,,,,./0.png
"0","0",2.279201507568360,6.565890789031980,4.286689281463621,7.413208484649660,0.610870957374573,303.388732910156023,295.975311279296932,0.890695095062256,-42.270000457763707,31.639999389648398,333.270477294921989,300.741516113281023,82.119995117187500,23.219999313354499,"10","8","1",-39.590827941894503,"189",-71.164634704589801,3.840412855148320,"3962",,,,,,,,,,,,,,,,,,,,,,,,,,,,,,,,,,,,,,,,,,,,,,,,,./0.png
"0","1",1.246470928192140,5.770561218261720,4.524090290069580,9.754135131835939,0.819781303405762,309.940582275391023,300.186431884766023,13.401910781860400,-42.450000762939503,31.679998397827099,352.834228515625000,305.641998291016023,82.150001525878906,22.600000381469702,"10","8","1",-39.574935913085902,"190",-71.062187194824205,42.641487121582003,"3942",,,,,,,,,,,,,,,,,,,,,,,,,,,,,,,,,,,,,,,,,,,,,,,,,./0.png
"0","0",1.199064254760740,5.652049541473390,4.452985286712650,9.688667297363279,0.819781303405762,309.938446044921989,300.249786376953011,13.401910781860400,-42.439998626708999,31.679998397827099,334.176208496093977,301.122161865233977,82.159996032714801,22.629999160766602,"10","8","1",-39.575538635253899,"190",-71.067230224609403,42.641487121582003,"3943",,,,,,,,,,,,,,,,,,,,,,,,,,,,,,,,,,,,,,,,,,,,,,,,,./0.png
"0","0",1.070930004119870,4.424907207489010,3.353977203369140,7.672455310821530,0.944807231426239,309.460876464843977,301.788513183593977,1.295065402984620,-41.950000762939503,31.559999465942401,342.999328613281023,307.523986816406023,82.259994506835895,24.299999237060501,"10","8","1",-39.609508514404297,"190",-71.355323791503906,4.913154125213620,"3997",,,,,,,,,,,,,,,,,,,,,,,,,,,,,,,,,,,,,,,,,,,,,,,,,./0.png
"0","1",1.364511966705320,5.629770755767820,4.265258789062500,9.826798439025881,0.819781303405762,309.711181640625000,299.884368896483977,13.401910781860400,-42.450000762939503,31.679998397827099,345.373870849608977,311.204681396483977,82.229995727539105,22.600000381469702,"10","8","1",-39.571365356445298,"191",-71.063095092773395,42.641487121582003,"3942",,,,,,,,,,,,,,,,,,,,,,,,,,,,,,,,,,,,,,,,,,,,,,,,,./0.png
"0","0",2.583027362823490,6.877708435058590,4.294681072235110,7.927439212799070,0.712962448596954,304.455688476561988,296.528167724608977,1.429316282272340,-42.290000915527301,31.639999389648398,339.017486572266023,301.831420898438012,82.259994506835895,23.159999847412099,"10","8","1",-39.582447052002003,"191",-71.156188964843807,9.819229125976561,"3960",,,,,,,,,,,,,,,,,,,,,,,,,,,,,,,,,,,,,,,,,,,,,,,,,./0.png
"0","7",0.726150035858154,6.094686508178710,5.368536472320560,10.167595863342299,0.791624486446381,307.188903808593977,297.021209716796989,1.026563525199890,-42.069999694824197,31.590000152587901,333.687316894531023,299.584106445311988,82.309997558593807,23.899999618530298,"10","8","1",-39.597637176513707,"191",-71.285415649414105,3.269843816757200,"3984",,,,,,,,,,,,,,,,,,,,,,,,,,,,,,,,,,,,,,,,,,,,,,,,,./0.png
"0","0",0.000000000000000,0.000000000000000,0.000000000000000,0.000000000000000,0.819781303405762,0.000000000000000,0.000000000000000,13.401910781860400,-42.439998626708999,31.679998397827099,367.000000000000000,326.163085937500057,82.229995727539105,22.629999160766602,"0","7","1",-39.571949005127003,"191",-71.067893981933594,42.641487121582003,"3943",,,,,,,,,,,,,,,,,,,,,,,,,,,,,,,,,,,,,,,,,,,,,,,,,./0.png
"0","0",1.895784616470340,5.803462028503420,3.907677412033080,10.177076339721699,0.786637246608734,309.131561279296932,298.954345703125000,6.352928638458250,-42.459999084472699,31.689998626708999,342.259979248046989,295.431610107421989,79.939994812011719,22.539999008178700,"10","8","1",-39.574375152587898,"193",-71.059532165527301,37.683174133300803,"3940",,,,,,,,,,,,,,,,,,,,,,,,,,,,,,,,,,,,,,,,,,,,,,,,,./0.png
"0","1",1.831056594848630,5.704234123229980,3.873177528381350,10.159593582153301,0.786637246608734,309.177185058593977,299.017395019531023,6.352928638458250,-42.459999084472699,31.689998626708999,344.076843261718977,317.755279541016023,79.949996948242202,22.569999694824201,"10","8","1",-39.574989318847699,"193",-71.064521789550795,37.683174133300803,"3941",,,,,,,,,,,,,,,,,,,,,,,,,,,,,,,,,,,,,,,,,,,,,,,,,./0.png
"0","1",2.086159706115720,5.781085491180420,3.694925785064700,10.264469146728500,0.791440606117249,308.901275634766023,298.636627197266023,14.618256568908700,-42.469997406005902,31.689998626708999,348.767669677733977,297.498321533203011,80.019996643066406,22.539999008178700,"10","8","1",-39.570804595947301,"194",-71.060363769531193,46.803005218505902,"3940",,,,,,,,,,,,,,,,,,,,,,,,,,,,,,,,,,,,,,,,,,,,,,,,,./0.png
"0","1",2.004791975021360,5.696941852569580,3.692149877548220,10.248378753662100,0.791440606117249,308.944824218750000,298.696197509766023,14.618256568908700,-42.459999084472699,31.679998397827099,345.331359863281023,315.841705322266023,80.019996643066406,22.569999694824201,"10","8","1",-39.571411132812493,"194",-71.065307617187500,46.803005218505902,"3941",,,,,,,,,,,,,,,,,,,,,,,,,,,,,,,,,,,,,,,,,,,,,,,,,./0.png
"0","0",2.832928657531740,7.023658752441410,4.190730094909670,8.837629318237299,0.839564740657806,305.793823242188012,296.956024169921989,4.811469078063960,-42.299999237060497,31.639999389648398,339.080841064453011,305.156921386718977,80.110000610351605,23.129999160766602,"10","8","1",-39.582839965820298,"194",-71.158493041992202,27.187995910644499,"3959",,,,,,,,,,,,,,,,,,,,,,,,,,,,,,,,,,,,,,,,,,,,,,,,,./0.png
"0","0",2.920462131500240,7.274276256561280,4.353814125061040,8.457290649414062,0.754731535911560,304.568572998046989,296.111236572266023,1.971172451972960,-42.270000457763707,31.639999389648398,330.100524902343977,299.953643798828011,80.119995117187500,23.219999313354499,"10","8","1",-39.584751129150398,"194",-71.174102783203097,8.347448348999020,"3962",,,,,,,,,,,,,,,,,,,,,,,,,,,,,,,,,,,,,,,,,,,,,,,,,./0.png
"0","0",1.432613372802730,5.611721515655520,4.179108142852780,8.534716606140140,0.936344027519226,309.856079101561988,301.321472167968977,1.314475178718570,-41.959999084472699,31.559999465942401,341.403533935546989,299.187225341796989,80.269996643066406,24.269998550415000,"10","8","1",-39.607128143310497,"194",-71.357902526855497,5.304135322570800,"3996",,,,,,,,,,,,,,,,,,,,,,,,,,,,,,,,,,,,,,,,,,,,,,,,,./0.png
"0","0",0.000000000000000,0.000000000000000,0.000000000000000,0.000000000000000,0.858884692192078,0.000000000000000,0.000000000000000,20.391046524047901,-42.450000762939503,31.679998397827099,367.000000000000000,329.334167480468977,80.029998779296889,22.600000381469702,"0","7","1",-39.572006225585902,"194",-71.070175170898395,88.260673522949205,"3942",,,,,,,,,,,,,,,,,,,,,,,,,,,,,,,,,,,,,,,,,,,,,,,,,./0.png
"0","0",0.000000000000000,0.000000000000000,0.000000000000000,0.000000000000000,0.858884692192078,0.000000000000000,0.000000000000000,20.391046524047901,-42.450000762939503,31.679998397827099,367.000000000000000,368.011932373046989,80.099998474121094,22.600000381469702,"0","9","1",-39.568420410156200,"195",-71.070938110351605,88.260673522949205,"3942",,,,,,,,,,,,,,,,,,,,,,,,,,,,,,,,,,,,,,,,,,,,,,,,,./0.png
"0","0",2.239479303359990,5.742272853851320,3.502793550491330,10.283529281616200,0.791440606117249,308.622528076171989,298.338867187500057,14.618256568908700,-42.469997406005902,31.679998397827099,331.337219238281023,295.139129638671989,80.099998474121094,22.539999008178700,"10","8","1",-39.567192077636697,"195",-71.060897827148395,46.803005218505902,"3940",,,,,,,,,,,,,,,,,,,,,,,,,,,,,,,,,,,,,,,,,,,,,,,,,./0.png
"0","0",2.209649801254270,5.787893295288090,3.578243494033810,10.474722862243700,0.858884692192078,309.243865966796989,298.768981933593977,20.391046524047901,-42.439998626708999,31.679998397827099,338.415588378906023,303.592193603516023,80.110000610351605,22.629999160766602,"10","8","1",-39.569046020507798,"195",-71.076011657714801,88.260673522949205,"3943",,,,,,,,,,,,,,,,,,,,,,,,,,,,,,,,,,,,,,,,,,,,,,,,,./0.png
"0","0",2.830730438232420,7.064387321472170,4.233656883239750,8.897411346435550,0.798403501510620,305.509460449219034,296.612030029296932,1.595916867256160,-42.290000915527301,31.639999389648398,341.307250976561988,315.813232421875000,80.180000305175795,23.159999847412099,"10","8","1",-39.579944610595703,"195",-71.164924621582003,10.931701660156200,"3960",,,,,,,,,,,,,,,,,,,,,,,,,,,,,,,,,,,,,,,,,,,,,,,,,./0.png
"0","0",2.903034687042240,7.263150691986080,4.360116004943851,8.712500572204590,0.754731535911560,304.813110351561988,296.100585937500057,1.971172451972960,-42.279998779296903,31.629999160766602,335.923156738281023,301.487304687500057,80.189994812011719,23.219999313354499,"10","8","1",-39.581192016601598,"195",-71.175148010253906,8.347448348999020,"3962",,,,,,,,,,,,,,,,,,,,,,,,,,,,,,,,,,,,,,,,,,,,,,,,,./0.png
"0","0",0.000000000000000,0.000000000000000,0.000000000000000,0.000000000000000,0.791440606117249,0.000000000000000,0.000000000000000,14.618256568908700,-42.459999084472699,31.679998397827099,367.000000000000000,336.472137451171989,80.099998474121094,22.569999694824201,"0","7","1",-39.567817687988303,"195",-71.066009521484403,46.803005218505902,"3941",,,,,,,,,,,,,,,,,,,,,,,,,,,,,,,,,,,,,,,,,,,,,,,,,./0.png
"0","0",0.000000000000000,0.000000000000000,0.000000000000000,0.000000000000000,0.839564740657806,0.000000000000000,0.000000000000000,4.811469078063960,-42.299999237060497,31.639999389648398,350.263397216796989,328.319824218750000,80.180000305175795,23.129999160766602,"0","7","1",-39.579307556152301,"195",-71.159706115722699,27.187995910644499,"3959",,,,,,,,,,,,,,,,,,,,,,,,,,,,,,,,,,,,,,,,,,,,,,,,,./0.png
"0","0",2.413282632827760,5.953415870666500,3.540133237838750,10.289563179016101,0.832061469554901,308.507049560546989,298.217407226561988,18.945018768310501,-42.469997406005902,31.679998397827099,336.944824218750000,295.705352783203011,80.169998168945298,22.539999008178700,"10","8","1",-39.563579559326200,"196",-71.061454772949205,61.311355590820298,"3940",,,,,,,,,,,,,,,,,,,,,,,,,,,,,,,,,,,,,,,,,,,,,,,,,./0.png
"0","0",2.438350200653080,6.030594348907470,3.592244148254390,10.350725173950201,0.832061469554901,308.672973632811988,298.322143554688012,18.945018768310501,-42.459999084472699,31.679998397827099,350.539703369140966,314.481536865233977,80.180000305175795,22.569999694824201,"10","8","1",-39.564235687255902,"196",-71.066764831542997,61.311355590820298,"3941",,,,,,,,,,,,,,,,,,,,,,,,,,,,,,,,,,,,,,,,,,,,,,,,,./0.png
"0","0",2.382094144821170,6.018997669219970,3.636903524398800,10.528302192688001,0.897344827651978,309.214477539061988,298.686065673828011,16.098251342773398,-42.450000762939503,31.670000076293899,335.955657958983977,304.063262939453011,80.180000305175795,22.629999160766602,"10","8","1",-39.565460205078097,"196",-71.076759338378906,51.516658782958999,"3943",,,,,,,,,,,,,,,,,,,,,,,,,,,,,,,,,,,,,,,,,,,,,,,,,./0.png
"0","0",2.861985206604000,7.108416080474850,4.246430873870850,9.552723884582520,0.870008349418640,306.487670898438012,296.934967041016023,1.667086005210880,-42.299999237060497,31.639999389648398,337.146697998046989,303.096771240233977,80.250000000000000,23.129999160766602,"10","8","1",-39.575763702392599,"196",-71.160827636718807,10.912117958068800,"3959",,,,,,,,,,,,,,,,,,,,,,,,,,,,,,,,,,,,,,,,,,,,,,,,,./0.png
"0","0",2.910448551177980,7.256982326507570,4.346533775329590,9.204048156738279,0.828850269317627,305.661834716796989,296.457824707031023,1.358147144317630,-42.290000915527301,31.629999160766602,337.812255859375000,298.665863037108977,80.259994506835895,23.189998626708999,"10","8","1",-39.577018737792997,"196",-71.171134948730497,7.255195617675780,"3961",,,,,,,,,,,,,,,,,,,,,,,,,,,,,,,,,,,,,,,,,,,,,,,,,./0.png
"0","0",1.712720870971680,6.302681446075440,4.589960575103760,8.488796234130859,0.927040815353394,309.408813476561988,300.920074462891023,2.692569017410280,-41.959999084472699,31.549999237060501,338.671661376953011,299.610321044921989,80.419998168945298,24.299999237060501,"10","8","1",-39.600475311279297,"196",-71.364440917968807,12.382740974426300,"3997",,,,,,,,,,,,,,,,,,,,,,,,,,,,,,,,,,,,,,,,,,,,,,,,,./0.png
"0","0",0.000000000000000,0.000000000000000,0.000000000000000,0.000000000000000,0.897344827651978,0.000000000000000,0.000000000000000,16.098251342773398,-42.450000762939503,31.679998397827099,367.000000000000000,338.181884765625000,80.180000305175795,22.600000381469702,"0","7","1",-39.564857482910199,"196",-71.071830749511705,51.516658782958999,"3942",,,,,,,,,,,,,,,,,,,,,,,,,,,,,,,,,,,,,,,,,,,,,,,,,./0.png
"0","0",0.000000000000000,0.000000000000000,0.000000000000000,0.000000000000000,0.776716649532318,0.000000000000000,0.000000000000000,9.560393333435060,-42.489997863769503,31.679998397827099,367.000000000000000,327.351989746093977,80.239997863769503,22.510000228881800,"0","9","1",-39.559246063232401,"197",-71.056152343750000,118.785293579102003,"3939",,,,,,,,,,,,,,,,,,,,,,,,,,,,,,,,,,,,,,,,,,,,,,,,,./0.png
"0","0",0.000000000000000,0.000000000000000,0.000000000000000,0.000000000000000,0.832061469554901,0.000000000000000,0.000000000000000,18.945018768310501,-42.479999542236293,31.679998397827099,367.000000000000000,349.058959960938012,80.250000000000000,22.539999008178700,"0","9","1",-39.559947967529297,"197",-71.061836242675795,61.311355590820298,"3940",,,,,,,,,,,,,,,,,,,,,,,,,,,,,,,,,,,,,,,,,,,,,,,,,./0.png
"0","0",2.307421684265140,6.029668331146240,3.722246646881100,10.582790374755900,0.897344827651978,309.269714355468977,298.686798095703068,16.098251342773398,-42.450000762939503,31.670000076293899,349.347442626953011,317.591644287108977,80.259994506835895,22.629999160766602,"10","8","1",-39.561866760253899,"197",-71.077438354492202,51.516658782958999,"3943",,,,,,,,,,,,,,,,,,,,,,,,,,,,,,,,,,,,,,,,,,,,,,,,,./0.png
"0","0",2.359597682952880,6.222228050231930,3.862630367279050,10.867259979248001,0.930161654949188,309.745605468750000,298.878204345703068,1.925882935523990,-42.430000305175803,31.670000076293899,344.488128662108977,305.374572753906023,80.269996643066406,22.689998626708999,"10","8","1",-39.563110351562493,"197",-71.087593078613295,13.514622688293500,"3945",,,,,,,,,,,,,,,,,,,,,,,,,,,,,,,,,,,,,,,,,,,,,,,,,./0.png
"0","0",2.408809423446660,6.266054630279540,3.857245206832890,10.976354598999000,0.900631010532379,309.860900878906023,298.884368896483977,3.147081136703490,-42.419998168945298,31.659999847412099,340.593078613281023,313.992126464843977,80.269996643066406,22.729999542236300,"10","8","1",-39.563823699951200,"197",-71.093383789062500,30.527616500854499,"3946",,,,,,,,,,,,,,,,,,,,,,,,,,,,,,,,,,,,,,,,,,,,,,,,,./0.png
"0","0",1.827289104461670,6.716879367828370,4.889590263366700,8.427740097045900,0.927040815353394,309.082580566406023,300.654876708983977,2.692569017410280,-41.959999084472699,31.549999237060501,344.269287109375000,314.794738769531023,80.489997863769503,24.299999237060501,"10","8","1",-39.596813201904297,"197",-71.364913940429702,12.382740974426300,"3997",,,,,,,,,,,,,,,,,,,,,,,,,,,,,,,,,,,,,,,,,,,,,,,,,./0.png
"0","0",0.000000000000000,0.000000000000000,0.000000000000000,0.000000000000000,0.832061469554901,0.000000000000000,0.000000000000000,18.945018768310501,-42.469997406005902,31.670000076293899,367.000000000000000,326.612670898438012,80.250000000000000,22.569999694824201,"0","7","1",-39.560638427734403,"197",-71.067413330078097,61.311355590820298,"3941",,,,,,,,,,,,,,,,,,,,,,,,,,,,,,,,,,,,,,,,,,,,,,,,,./0.png
"0","0",0.000000000000000,0.000000000000000,0.000000000000000,0.000000000000000,0.897344827651978,0.000000000000000,0.000000000000000,16.098251342773398,-42.459999084472699,31.670000076293899,367.000000000000000,332.177093505859034,80.259994506835895,22.600000381469702,"0","7","1",-39.561271667480497,"197",-71.072593688964801,51.516658782958999,"3942",,,,,,,,,,,,,,,,,,,,,,,,,,,,,,,,,,,,,,,,,,,,,,,,,./0.png
"0","0",2.233425617218020,5.850755691528320,3.617330074310300,10.074833869934100,0.776258289813995,308.299560546875000,298.224761962891023,3.939646720886230,-42.489997863769503,31.679998397827099,342.661926269531023,304.218048095703068,80.319999694824205,22.510000228881800,"10","8","1",-39.555606842041001,"198",-71.056457519531193,42.779811859130902,"3939",,,,,,,,,,,,,,,,,,,,,,,,,,,,,,,,,,,,,,,,,,,,,,,,,./0.png
"0","0",2.303345918655400,5.998878479003910,3.695532560348510,10.186528205871600,0.818043172359467,308.449371337891023,298.262817382811988,3.808630943298340,-42.479999542236293,31.670000076293899,349.201721191406023,302.000274658203011,80.319999694824205,22.539999008178700,"10","8","1",-39.556301116943402,"198",-71.062118530273395,20.245946884155298,"3940",,,,,,,,,,,,,,,,,,,,,,,,,,,,,,,,,,,,,,,,,,,,,,,,,./0.png
"0","0",2.308850288391110,6.047729015350340,3.738878726959230,10.284213066101101,0.818043172359467,308.648345947266023,298.364135742188012,3.808630943298340,-42.469997406005902,31.670000076293899,338.713073730468977,298.163024902343977,80.330001831054702,22.569999694824201,"10","8","1",-39.557018280029297,"198",-71.067893981933594,20.245946884155298,"3941",,,,,,,,,,,,,,,,,,,,,,,,,,,,,,,,,,,,,,,,,,,,,,,,,./0.png
"0","0",2.248059988021850,6.053245544433590,3.805185556411740,10.494252204895000,0.853695273399353,309.127166748046989,298.632843017578011,11.399469375610400,-42.450000762939503,31.670000076293899,349.277832031250000,315.580017089843977,80.339996337890597,22.629999160766602,"10","8","1",-39.558277130127003,"198",-71.078170776367202,35.740177154541001,"3943",,,,,,,,,,,,,,,,,,,,,,,,,,,,,,,,,,,,,,,,,,,,,,,,,./0.png
"0","0",2.286955118179320,6.243834972381590,3.956879854202270,10.689052581787100,0.898782432079315,309.422180175780966,298.733001708983977,2.857552051544190,-42.439998626708999,31.659999847412099,333.360137939453011,305.182037353516023,80.339996337890597,22.689998626708999,"10","7","1",-39.559505462646499,"198",-71.088256835937500,26.585784912109400,"3945",,,,,,,,,,,,,,,,,,,,,,,,,,,,,,,,,,,,,,,,,,,,,,,,,./0.png
"0","0",2.401348114013670,6.404161453247070,4.002813339233400,10.817654609680201,0.905090630054474,309.542449951171989,298.724609375000000,1.912943124771120,-42.430000305175803,31.659999847412099,343.434051513671989,307.989776611328011,80.349998474121094,22.729999542236300,"10","8","1",-39.560207366943402,"198",-71.093933105468807,6.847990036010740,"3946",,,,,,,,,,,,,,,,,,,,,,,,,,,,,,,,,,,,,,,,,,,,,,,,,./0.png
"0","0",2.366058349609380,6.442626953125000,4.076568603515620,10.869545936584499,0.905090630054474,309.576660156250000,298.706939697266023,1.912943124771120,-42.419998168945298,31.659999847412099,334.819152832031023,303.973144531250000,80.349998474121094,22.760000228881800,"10","8","1",-39.560894012451200,"198",-71.099494934082003,6.847990036010740,"3947",,,,,,,,,,,,,,,,,,,,,,,,,,,,,,,,,,,,,,,,,,,,,,,,,./0.png
"0","0",2.804740428924560,7.631975173950200,4.827234745025630,9.501709938049320,0.743863821029663,305.477966308593977,295.976257324219034,1.296682834625240,-42.270000457763707,31.619998931884801,338.862304687500057,298.339691162108977,80.419998168945298,23.279998779296900,"10","8","1",-39.571723937988303,"198",-71.188262939453097,3.798307180404660,"3964",,,,,,,,,,,,,,,,,,,,,,,,,,,,,,,,,,,,,,,,,,,,,,,,,./0.png
"0","3",2.002182006835940,7.266616344451900,5.264434337615970,8.580469131469730,0.941217541694641,308.979309082031023,300.398925781250000,1.843391418457030,-41.969997406005902,31.549999237060501,346.678375244140966,299.851898193358977,80.559997558593807,24.269998550415000,"10","8","1",-39.592555999755902,"198",-71.360404968261705,6.327503204345700,"3996",,,,,,,,,,,,,,,,,,,,,,,,,,,,,,,,,,,,,,,,,,,,,,,,,./0.png
"0","0",1.917250156402590,7.077709197998050,5.160459041595460,8.346830368041990,0.941217541694641,308.720977783203011,300.374176025391023,1.843391418457030,-41.959999084472699,31.539999008178700,334.167694091796989,302.206024169921989,80.559997558593807,24.299999237060501,"10","8","1",-39.593200683593800,"198",-71.365753173828097,6.327503204345700,"3997",,,,,,,,,,,,,,,,,,,,,,,,,,,,,,,,,,,,,,,,,,,,,,,,,./0.png
"0","0",0.000000000000000,0.000000000000000,0.000000000000000,0.000000000000000,0.853695273399353,0.000000000000000,0.000000000000000,11.399469375610400,-42.459999084472699,31.670000076293899,350.236358642578011,327.834228515625000,80.330001831054702,22.600000381469702,"0","7","1",-39.557674407958999,"198",-71.073226928710895,35.740177154541001,"3942",,,,,,,,,,,,,,,,,,,,,,,,,,,,,,,,,,,,,,,,,,,,,,,,,./0.png
"0","0",2.208854675292970,6.093459129333500,3.884604454040530,10.192177772521999,0.853695273399353,308.622283935546989,298.430023193358977,11.399469375610400,-42.459999084472699,31.670000076293899,350.626342773438012,305.405242919921989,80.409996032714801,22.600000381469702,"10","8","1",-39.554077148437507,"199",-71.073905944824205,35.740177154541001,"3942",,,,,,,,,,,,,,,,,,,,,,,,,,,,,,,,,,,,,,,,,,,,,,,,,./0.png
"0","0",2.119658708572390,6.006291389465330,3.886632680892940,10.245065689086900,0.853695273399353,308.738128662108977,298.492950439453011,11.399469375610400,-42.450000762939503,31.659999847412099,351.031555175780966,323.458282470703068,80.409996032714801,22.629999160766602,"10","8","1",-39.554691314697301,"199",-71.078926086425795,35.740177154541001,"3943",,,,,,,,,,,,,,,,,,,,,,,,,,,,,,,,,,,,,,,,,,,,,,,,,./0.png
"0","0",2.365191459655760,6.549438953399660,4.184247493743900,10.696725845336900,0.914610683917999,309.219543457031023,298.522674560546989,1.222278714179990,-42.409999847412102,31.649999618530298,337.837310791016023,308.878631591796989,80.430000305175795,22.789999008178700,"10","8","1",-39.557933807372997,"199",-71.105384826660199,4.186099052429200,"3948",,,,,,,,,,,,,,,,,,,,,,,,,,,,,,,,,,,,,,,,,,,,,,,,,./0.png
"0","0",2.704107284545900,7.665408134460450,4.961300849914550,9.627483367919920,0.743863821029663,305.754211425780966,296.126739501953011,1.296682834625240,-42.259998321533203,31.609998703002901,337.858520507811988,297.903472900391023,80.500000000000000,23.309999465942401,"10","8","1",-39.568775177002003,"199",-71.194404602050795,3.798307180404660,"3965",,,,,,,,,,,,,,,,,,,,,,,,,,,,,,,,,,,,,,,,,,,,,,,,,./0.png
"0","1",2.288273334503170,7.915300369262700,5.627027034759520,8.516194343566889,0.890593886375427,308.307189941406023,299.790924072266023,80.867042541503906,-41.979999542236293,31.539999008178700,343.287200927733977,312.929077148438012,80.699996948242202,24.269998550415000,"10","8","1",-39.585311889648402,"200",-71.361961364746094,280.462158203125000,"3996",,,,,,,,,,,,,,,,,,,,,,,,,,,,,,,,,,,,,,,,,,,,,,,,,./0.png
"0","0",2.252651691436770,7.820017814636230,5.567366123199460,8.357987403869632,0.890593886375427,308.144104003906023,299.786041259766023,80.867042541503906,-41.969997406005902,31.539999008178700,346.926910400391023,297.261108398438012,80.699996948242202,24.299999237060501,"10","8","1",-39.585968017578097,"200",-71.367424011230497,280.462158203125000,"3997",,,,,,,,,,,,,,,,,,,,,,,,,,,,,,,,,,,,,,,,,,,,,,,,,./0.png
"0","0",0.000000000000000,0.000000000000000,0.000000000000000,0.000000000000000,0.843225538730621,0.000000000000000,0.000000000000000,10.171801567077599,-42.439998626708999,31.649999618530298,367.000000000000000,338.328308105468977,80.569999694824205,22.689998626708999,"0","9","1",-39.548721313476598,"201",-71.090278625488295,126.613929748534986,"3945",,,,,,,,,,,,,,,,,,,,,,,,,,,,,,,,,,,,,,,,,,,,,,,,,./0.png
"0","1",0.000000000000000,0.000000000000000,0.000000000000000,0.000000000000000,0.890593886375427,0.000000000000000,0.000000000000000,80.867042541503906,-41.979999542236293,31.539999008178700,367.000000000000000,358.944000244140966,80.769996643066406,24.269998550415000,"0","9","1",-39.581645965576200,"201",-71.362419128417997,280.462158203125000,"3996",,,,,,,,,,,,,,,,,,,,,,,,,,,,,,,,,,,,,,,,,,,,,,,,,./0.png
"0","0",0.000000000000000,0.000000000000000,0.000000000000000,0.000000000000000,0.890593886375427,0.000000000000000,0.000000000000000,80.867042541503906,-41.969997406005902,31.539999008178700,367.000000000000000,340.332275390625000,80.769996643066406,24.299999237060501,"0","9","1",-39.582321166992202,"201",-71.368049621582003,280.462158203125000,"3997",,,,,,,,,,,,,,,,,,,,,,,,,,,,,,,,,,,,,,,,,,,,,,,,,./0.png
"0","0",2.351583003997800,6.569889545440670,4.218306541442870,10.316598892211900,0.915563941001892,308.880950927733977,298.564178466796989,1.508572816848750,-42.430000305175803,31.649999618530298,336.881561279296932,303.863189697266023,80.580001831054702,22.719999313354499,"10","8","1",-39.549354553222699,"201",-71.095466613769503,8.058557510375980,"3946",,,,,,,,,,,,,,,,,,,,,,,,,,,,,,,,,,,,,,,,,,,,,,,,,./0.png
"0","0",0.000000000000000,0.000000000000000,0.000000000000000,0.000000000000000,0.871554851531982,0.000000000000000,0.000000000000000,30.393548965454102,-41.979999542236293,31.529998779296900,367.000000000000000,334.529205322266023,80.839996337890597,24.299999237060501,"0","9","1",-39.578689575195298,"202",-71.368728637695298,103.527999877930000,"3997",,,,,,,,,,,,,,,,,,,,,,,,,,,,,,,,,,,,,,,,,,,,,,,,,./0.png
"0","0",2.118503093719480,6.311171054840090,4.192667961120610,9.924111366271971,0.807304978370667,308.600036621093977,298.675750732421989,1.720462918281560,-42.450000762939503,31.649999618530298,346.534423828125000,307.312500000000000,80.650001525878906,22.689998626708999,"10","8","1",-39.545120239257798,"202",-71.090934753417997,12.394015312194799,"3945",,,,,,,,,,,,,,,,,,,,,,,,,,,,,,,,,,,,,,,,,,,,,,,,,./0.png
"0","0",2.225358009338380,6.471293926239010,4.245935916900631,10.061939239501999,0.878766119480133,308.686126708983977,298.623992919921989,1.655763626098630,-42.439998626708999,31.649999618530298,338.180603027343977,307.328979492188012,80.650001525878906,22.719999313354499,"10","8","1",-39.545730590820298,"202",-71.095924377441406,5.279414176940920,"3946",,,,,,,,,,,,,,,,,,,,,,,,,,,,,,,,,,,,,,,,,,,,,,,,,./0.png
"0","0",2.346486091613770,6.978249549865720,4.631763458251950,10.288989067077599,0.951889812946320,308.992218017578011,298.703033447266023,1.930735349655150,-42.399997711181598,31.639999389648398,338.438354492188012,307.004272460938012,80.669998168945298,22.850000381469702,"10","8","1",-39.548358917236293,"202",-71.117507934570298,6.667210102081300,"3950",,,,,,,,,,,,,,,,,,,,,,,,,,,,,,,,,,,,,,,,,,,,,,,,,./0.png
"0","0",2.643357753753660,7.633488655090330,4.990130901336670,10.016412734985400,0.839020907878876,306.362396240233977,296.345794677733977,1.997052073478700,-42.279998779296903,31.609998703002901,343.103057861328011,306.907806396483977,80.720001220703111,23.279998779296900,"10","8","1",-39.557407379150398,"202",-71.191947937011705,15.913194656372101,"3964",,,,,,,,,,,,,,,,,,,,,,,,,,,,,,,,,,,,,,,,,,,,,,,,,./0.png
"0","1",0.000000000000000,0.000000000000000,0.000000000000000,0.000000000000000,0.871554851531982,0.000000000000000,0.000000000000000,30.393548965454102,-41.979999542236293,31.529998779296900,367.000000000000000,341.160888671875000,80.839996337890597,24.269998550415000,"0","7","1",-39.578002929687507,"202",-71.362991333007798,103.527999877930000,"3996",,,,,,,,,,,,,,,,,,,,,,,,,,,,,,,,,,,,,,,,,,,,,,,,,./0.png
"0","1",0.000000000000000,0.000000000000000,0.000000000000000,0.000000000000000,0.871554851531982,0.000000000000000,0.000000000000000,30.393548965454102,-41.989997863769503,31.529998779296900,367.000000000000000,344.246337890625000,80.909996032714801,24.269998550415000,"0","9","1",-39.574375152587898,"203",-71.363754272460895,103.527999877930000,"3996",,,,,,,,,,,,,,,,,,,,,,,,,,,,,,,,,,,,,,,,,,,,,,,,,./0.png
"0","0",2.081656455993650,6.332665443420410,4.251008987426760,9.901841163635250,0.878766119480133,308.745605468750000,298.843566894531023,1.655763626098630,-42.439998626708999,31.649999618530298,347.539886474608977,318.288452148438012,80.729995727539105,22.719999313354499,"10","7","1",-39.542152404785199,"203",-71.096771240234403,5.279414176940920,"3946",,,,,,,,,,,,,,,,,,,,,,,,,,,,,,,,,,,,,,,,,,,,,,,,,./0.png
"0","0",2.212046146392820,6.873578548431400,4.661532402038570,10.091019630432100,0.951889812946320,308.839630126953011,298.748413085938012,1.930735349655150,-42.399997711181598,31.639999389648398,348.638519287108977,300.110443115233977,80.739997863769503,22.850000381469702,"10","8","1",-39.544750213622997,"203",-71.118095397949205,6.667210102081300,"3950",,,,,,,,,,,,,,,,,,,,,,,,,,,,,,,,,,,,,,,,,,,,,,,,,./0.png
"0","0",0.000000000000000,0.000000000000000,0.000000000000000,0.000000000000000,0.871554851531982,0.000000000000000,0.000000000000000,30.393548965454102,-41.979999542236293,31.529998779296900,313.019714355468977,314.849487304688012,80.909996032714801,24.299999237060501,"0","7","1",-39.575061798095703,"203",-71.369506835937500,103.527999877930000,"3997",,,,,,,,,,,,,,,,,,,,,,,,,,,,,,,,,,,,,,,,,,,,,,,,,./0.png
"0","0",1.806737899780270,6.048378467559810,4.241640567779540,9.642726898193359,0.800462782382965,308.869232177733977,299.226409912108977,2.812262535095210,-42.450000762939503,31.649999618530298,346.346221923828011,309.442810058593977,80.799995422363295,22.689998626708999,"10","8","1",-39.537971496582003,"204",-71.092597961425795,27.305547714233398,"3945",,,,,,,,,,,,,,,,,,,,,,,,,,,,,,,,,,,,,,,,,,,,,,,,,./0.png
"0","0",1.981687068939210,6.392220020294190,4.410532951354980,9.831663131713871,0.835431158542633,308.873077392578011,299.041381835938012,5.329062938690190,-42.430000305175803,31.639999389648398,351.581756591796989,309.028045654296932,80.809997558593807,22.750000000000000,"10","8","1",-39.539196014404297,"204",-71.102684020996094,61.065174102783203,"3947",,,,,,,,,,,,,,,,,,,,,,,,,,,,,,,,,,,,,,,,,,,,,,,,,./0.png
"0","0",0.000000000000000,0.000000000000000,0.000000000000000,0.000000000000000,0.854684829711914,0.000000000000000,0.000000000000000,6.289846897125240,-41.989997863769503,31.529998779296900,367.000000000000000,337.117218017578011,80.979995727539105,24.269998550415000,"0","7","1",-39.570751190185497,"204",-71.364540100097699,38.120151519775398,"3996",,,,,,,,,,,,,,,,,,,,,,,,,,,,,,,,,,,,,,,,,,,,,,,,,./0.png
"0","0",3.155254364013670,9.740174293518070,6.584919929504390,8.088505744934080,0.854684829711914,306.168365478516023,298.079833984375000,6.289846897125240,-41.989997863769503,31.529998779296900,348.735961914061988,309.066040039061988,81.049995422363295,24.269998550415000,"10","8","1",-39.567142486572301,"205",-71.365432739257798,38.120151519775398,"3996",,,,,,,,,,,,,,,,,,,,,,,,,,,,,,,,,,,,,,,,,,,,,,,,,./0.png
"0","0",1.821121215820310,6.654117107391360,4.832995891571040,9.531509399414061,0.766264617443085,308.676025390625000,299.144592285156023,7.506192207336430,-42.419998168945298,31.629999160766602,343.976593017578011,301.713958740233977,80.959999084472699,22.819999694824201,"10","8","1",-39.533271789550803,"206",-71.114494323730497,45.851375579833999,"3949",,,,,,,,,,,,,,,,,,,,,,,,,,,,,,,,,,,,,,,,,,,,,,,,,./0.png
"0","0",1.926726341247560,7.081534385681150,5.154808044433590,9.599612236022949,0.746847212314606,308.431915283203011,298.832397460938012,1.857948780059810,-42.409999847412102,31.629999160766602,351.293762207031023,304.338928222656023,80.970001220703111,22.879999160766602,"10","8","1",-39.534507751464801,"206",-71.124694824218807,15.136092185974100,"3951",,,,,,,,,,,,,,,,,,,,,,,,,,,,,,,,,,,,,,,,,,,,,,,,,./0.png
"0","0",1.931797027587890,7.194324970245360,5.262527942657470,9.694747924804689,0.727329611778259,308.334075927733977,298.639465332031023,3.813483238220210,-42.399997711181598,31.619998931884801,348.668151855468977,298.920959472656023,80.970001220703111,22.909999847412099,"10","8","1",-39.535140991210902,"206",-71.129913330078097,21.046611785888700,"3952",,,,,,,,,,,,,,,,,,,,,,,,,,,,,,,,,,,,,,,,,,,,,,,,,./0.png
"0","0",2.061491966247560,7.264231204986570,5.202739238739010,9.804226875305179,0.727329611778259,308.021545410156023,298.217407226561988,3.813483238220210,-42.389999389648402,31.619998931884801,348.390594482421989,303.484771728516023,80.979995727539105,22.939998626708999,"10","8","1",-39.535789489746101,"206",-71.135276794433594,21.046611785888700,"3953",,,,,,,,,,,,,,,,,,,,,,,,,,,,,,,,,,,,,,,,,,,,,,,,,./0.png
"0","0",2.228094100952150,7.558743953704830,5.330649852752690,9.840297698974609,0.703309953212738,307.831939697266023,297.991790771483977,2.566405534744260,-42.379997253417997,31.619998931884801,356.024475097656023,295.672271728516023,80.979995727539105,22.969999313354499,"10","8","1",-39.536430358886697,"206",-71.140579223632798,25.442886352539102,"3954",,,,,,,,,,,,,,,,,,,,,,,,,,,,,,,,,,,,,,,,,,,,,,,,,./0.png
"0","0",0.000000000000000,0.000000000000000,0.000000000000000,0.000000000000000,0.766264617443085,0.000000000000000,0.000000000000000,7.506192207336430,-42.430000305175803,31.629999160766602,367.000000000000000,325.539794921875000,80.959999084472699,22.779998779296900,"0","7","1",-39.532653808593800,"206",-71.109405517578097,45.851375579833999,"3948",,,,,,,,,,,,,,,,,,,,,,,,,,,,,,,,,,,,,,,,,,,,,,,,,./0.png
"0","1",2.811782360076900,8.050737380981452,5.238955020904540,9.074368476867679,0.659775853157043,305.237762451171989,296.163452148438012,0.900399982929230,-42.319999694824197,31.599998474121101,336.226684570311988,291.486785888671989,81.150001525878906,23.189998626708999,"10","8","1",-39.533706665039098,"208",-71.179077148437500,3.298291206359860,"3961",,,,,,,,,,,,,,,,,,,,,,,,,,,,,,,,,,,,,,,,,,,,,,,,,./0.png
"0","0",3.861425399780270,10.524339675903301,6.662914276123050,8.414255142211912,0.859396755695343,305.524780273438012,297.110565185546989,2.611694812774660,-42.020000457763707,31.519998550415000,344.510650634766023,305.705993652343977,81.330001831054702,24.209999084472699,"10","8","1",-39.551372528076200,"209",-71.357765197753906,24.547609329223601,"3994",,,,,,,,,,,,,,,,,,,,,,,,,,,,,,,,,,,,,,,,,,,,,,,,,./0.png
"0","0",3.256197929382320,8.719483375549320,5.463285446166990,8.285372734069822,0.703606486320496,303.532867431641023,295.247650146483977,1.788397073745730,-42.299999237060497,31.579999923706101,348.346221923828011,299.979797363281023,81.379997253417997,23.279998779296900,"10","8","1",-39.524841308593800,"211",-71.197395324707003,14.906751632690399,"3964",,,,,,,,,,,,,,,,,,,,,,,,,,,,,,,,,,,,,,,,,,,,,,,,,./0.png
"0","2",3.249939918518070,9.177381515502930,5.927441596984860,8.068007469177250,0.785443305969238,303.467590332031023,295.399719238281023,1.925882935523990,-42.270000457763707,31.569999694824201,337.209503173828011,306.860931396483977,81.389999389648395,23.369998931884801,"10","8","1",-39.526809692382798,"211",-71.213851928710895,15.691177368164100,"3967",,,,,,,,,,,,,,,,,,,,,,,,,,,,,,,,,,,,,,,,,,,,,,,,,./0.png
"0","0",3.373733520507810,9.269656181335449,5.895922660827640,7.688253879547120,0.701955378055573,302.750274658203011,295.062133789061988,4.822791576385500,-42.279998779296903,31.569999694824201,340.107360839843977,307.086883544921989,81.470001220703111,23.369998931884801,"10","8","1",-39.523212432861293,"212",-71.214645385742202,28.349056243896499,"3967",,,,,,,,,,,,,,,,,,,,,,,,,,,,,,,,,,,,,,,,,,,,,,,,,./0.png
"0","0",3.291818141937260,9.358409881591800,6.066591739654540,7.729579925537110,0.756906390190125,303.060363769531023,295.330932617188012,4.754857063293460,-42.270000457763707,31.569999694824201,340.251922607421989,300.098815917968977,81.470001220703111,23.399999618530298,"10","8","1",-39.523872375488303,"212",-71.220176696777301,18.358919143676800,"3968",,,,,,,,,,,,,,,,,,,,,,,,,,,,,,,,,,,,,,,,,,,,,,,,,./0.png
"0","0",3.216941833496090,9.405283927917480,6.188342094421390,7.882337570190430,0.756906390190125,303.557098388671989,295.674865722656023,4.754857063293460,-42.259998321533203,31.569999694824201,345.572357177733977,314.648651123046989,81.470001220703111,23.430000305175799,"10","8","1",-39.524494171142599,"212",-71.225402832031193,18.358919143676800,"3969",,,,,,,,,,,,,,,,,,,,,,,,,,,,,,,,,,,,,,,,,,,,,,,,,./0.png
"0","0",3.396930217742920,8.862313270568849,5.465383052825930,7.501929759979250,0.657111883163452,302.094268798828011,294.592437744140966,3.439845085144040,-42.299999237060497,31.569999694824201,335.210998535156023,298.630645751953011,81.529998779296889,23.309999465942401,"10","8","1",-39.518260955810497,"213",-71.204093933105497,38.239189147949197,"3965",,,,,,,,,,,,,,,,,,,,,,,,,,,,,,,,,,,,,,,,,,,,,,,,,./0.png
"0","0",3.330194950103760,9.495435714721680,6.165240764617920,7.548571109771730,0.756906390190125,302.927398681641023,295.378845214843977,4.754857063293460,-42.259998321533203,31.559999465942401,354.623687744140966,316.123626708983977,81.540000915527301,23.430000305175799,"10","8","1",-39.520885467529297,"213",-71.226074218750000,18.358919143676800,"3969",,,,,,,,,,,,,,,,,,,,,,,,,,,,,,,,,,,,,,,,,,,,,,,,,./0.png
"0","0",3.238218307495120,9.435780525207520,6.197562217712400,7.647822380065920,0.839259326457977,303.347656250000000,295.699859619140966,2.327018260955810,-42.250000000000000,31.559999465942401,350.243286132811988,302.861175537108977,81.549995422363295,23.469999313354499,"10","8","1",-39.521484375000000,"213",-71.231132507324205,10.260833740234400,"3970",,,,,,,,,,,,,,,,,,,,,,,,,,,,,,,,,,,,,,,,,,,,,,,,,./0.png
"0","0",3.131047725677490,9.313744544982910,6.182696819305420,7.725532531738280,0.839259326457977,303.709320068358977,295.983764648438012,2.327018260955810,-42.239997863769503,31.559999465942401,346.211791992188012,303.238525390625000,81.549995422363295,23.500000000000000,"10","8","1",-39.522094726562493,"213",-71.236206054687500,10.260833740234400,"3971",,,,,,,,,,,,,,,,,,,,,,,,,,,,,,,,,,,,,,,,,,,,,,,,,./0.png
"0","0",3.050557613372800,9.209469795227051,6.158912181854250,7.816383361816410,0.866972148418427,303.998046875000000,296.181701660156023,2.546995639801030,-42.239997863769503,31.559999465942401,352.860229492188012,306.593139648438012,81.549995422363295,23.529998779296900,"10","8","1",-39.522712707519503,"213",-71.241386413574205,11.601563453674300,"3972",,,,,,,,,,,,,,,,,,,,,,,,,,,,,,,,,,,,,,,,,,,,,,,,,./0.png
"0","0",2.988269805908200,9.113890647888180,6.125620841979980,7.860064983367920,0.866972148418427,304.349182128906023,296.489135742188012,2.546995639801030,-42.229999542236293,31.549999237060501,346.795257568358977,307.139190673828011,81.559997558593807,23.559999465942401,"10","8","1",-39.523345947265597,"213",-71.246704101562500,11.601563453674300,"3973",,,,,,,,,,,,,,,,,,,,,,,,,,,,,,,,,,,,,,,,,,,,,,,,,./0.png
"0","0",0.000000000000000,0.000000000000000,0.000000000000000,0.000000000000000,0.701955378055573,0.000000000000000,0.000000000000000,4.822791576385500,-42.290000915527301,31.569999694824201,367.000000000000000,327.822265625000000,81.540000915527301,23.340000152587901,"0","7","1",-39.518939971923800,"213",-71.209754943847699,28.349056243896499,"3966",,,,,,,,,,,,,,,,,,,,,,,,,,,,,,,,,,,,,,,,,,,,,,,,,./0.png
"0","0",3.258527278900150,9.415077209472660,6.156549930572510,7.268843650817870,0.689804017543793,302.512390136718977,295.243591308593977,8.449183464050289,-42.259998321533203,31.559999465942401,349.777923583983977,297.723236083983977,81.619995117187500,23.469999313354499,"10","8","1",-39.517879486083999,"214",-71.231834411621094,107.030380249022997,"3970",,,,,,,,,,,,,,,,,,,,,,,,,,,,,,,,,,,,,,,,,,,,,,,,,./0.png
"0","0",3.046871185302730,9.127703666687010,6.080832481384280,7.789124488830570,0.709822714328766,304.268341064453011,296.479217529296932,1.518277764320370,-42.219997406005902,31.549999237060501,343.067962646483977,299.505401611328011,81.629997253417997,23.590000152587901,"10","8","1",-39.520393371582003,"214",-71.252983093261705,11.179941177368200,"3974",,,,,,,,,,,,,,,,,,,,,,,,,,,,,,,,,,,,,,,,,,,,,,,,,./0.png
"0","0",4.094845294952390,10.178304672241200,6.083459377288820,6.575228214263920,0.783085048198700,300.935852050780966,294.360626220703068,3.375145912170410,-42.049999237060497,31.500000000000000,356.253723144531023,326.078338623046989,81.750000000000000,24.180000305175799,"10","8","1",-39.528980255127003,"215",-71.356796264648395,36.264137268066399,"3993",,,,,,,,,,,,,,,,,,,,,,,,,,,,,,,,,,,,,,,,,,,,,,,,,./0.png
"0","0",3.966090202331540,9.826147079467770,5.860056877136230,6.232241153717040,0.705044329166412,300.182037353516023,293.949798583983977,6.454829692840580,-42.040000915527301,31.500000000000000,354.703765869140966,325.286865234375000,81.759994506835895,24.209999084472699,"10","8","1",-39.529560089111293,"215",-71.361732482910199,40.273822784423800,"3994",,,,,,,,,,,,,,,,,,,,,,,,,,,,,,,,,,,,,,,,,,,,,,,,,./0.png
"0","0",3.793930053710940,9.412369728088381,5.618439674377440,5.944126605987550,0.705044329166412,299.437622070311988,293.493499755859034,6.454829692840580,-42.029998779296903,31.500000000000000,351.611907958983977,326.448455810546989,81.759994506835895,24.239999771118200,"10","8","1",-39.530128479003899,"215",-71.366554260253906,40.273822784423800,"3995",,,,,,,,,,,,,,,,,,,,,,,,,,,,,,,,,,,,,,,,,,,,,,,,,./0.png
"0","0",4.003831386566161,9.678777694702150,5.674946308135990,6.207952022552490,0.666853725910187,299.990936279296932,293.782928466796989,2.534055709838870,-42.049999237060497,31.500000000000000,350.345092773438012,308.426757812499943,81.830001831054702,24.180000305175799,"10","8","1",-39.525352478027301,"216",-71.357551574707003,26.123025894165000,"3993",,,,,,,,,,,,,,,,,,,,,,,,,,,,,,,,,,,,,,,,,,,,,,,,,./0.png
"0","0",3.726099491119380,9.017577171325680,5.291477680206300,5.697165489196780,0.621937930583954,298.761291503906023,293.063995361328011,2.485531330108640,-42.029998779296903,31.489999771118200,353.813507080078011,296.844970703125000,81.830001831054702,24.239999771118200,"10","8","1",-39.526519775390597,"216",-71.367431640625000,26.106721878051800,"3995",,,,,,,,,,,,,,,,,,,,,,,,,,,,,,,,,,,,,,,,,,,,,,,,,./0.png
"0","0",3.993584632873540,8.806850433349609,4.813265800476070,6.100961685180660,0.607550799846649,298.544952392578011,292.444030761718977,1.985729694366460,-42.139999389648402,31.500000000000000,347.929687500000000,298.454376220703068,82.159996032714801,23.930000305175799,"10","8","1",-39.502037048339801,"221",-71.316879272460895,19.181272506713899,"3985",,,,,,,,,,,,,,,,,,,,,,,,,,,,,,,,,,,,,,,,,,,,,,,,,./0.png
"0","0",0.000000000000000,0.000000000000000,0.000000000000000,0.000000000000000,0.497339069843292,0.000000000000000,0.000000000000000,1.691348195075990,-42.149997711181598,31.510000228881800,367.000000000000000,297.219573974608977,80.089996337890597,23.899999618530298,"0","9","1",-39.502361297607401,"224",-71.318809509277301,16.618026733398398,"3984",,,,,,,,,,,,,,,,,,,,,,,,,,,,,,,,,,,,,,,,,,,,,,,,,./0.png
"0","0",3.221510648727420,6.473903179168700,3.252392530441280,4.730413436889650,0.519367635250092,295.099731445311988,290.369506835938012,1.021711111068730,-42.159999847412102,31.510000228881800,330.586334228516023,292.088775634766023,80.080001831054702,23.869998931884801,"10","8","1",-39.501800537109403,"224",-71.314117431640597,6.982513904571530,"3983",,,,,,,,,,,,,,,,,,,,,,,,,,,,,,,,,,,,,,,,,,,,,,,,,./0.png
"0","0",-0.559455871582031,1.389037728309630,1.948493599891660,9.136178970336911,1.222880363464360,324.832336425780966,315.696105957031023,1.636353850364690,-48.039997100830099,33.040000915527301,343.515106201171989,316.273406982421989,89.239997863769503,1.240000009536740,"10","7","1",-38.946578979492202,"246",-67.803398132324205,4.510567665100100,"3241",,,,,,,,,,,,,,,,,,,,,,,,,,,,,,,,,,,,,,,,,,,,,,,,,./0.png
"0","0",0.829548835754395,5.218324184417720,4.388775348663330,8.406496047973629,1.139872193336490,319.990692138671989,311.584167480468977,1.615326642990110,-47.860000610351598,32.909999847412102,342.050933837891023,315.003173828125000,78.720001220703111,2.250000000000000,"10","7","1",-38.892982482910199,"270",-67.981956481933594,5.194428443908690,"3275",,,,,,,,,,,,,,,,,,,,,,,,,,,,,,,,,,,,,,,,,,,,,,,,,./0.png
"0","0",-2.463849067687990,2.119773387908940,4.583622455596920,19.231019973754901,0.953574657440186,307.963623046875000,288.732696533203011,1.146257162094120,-60.289997100830099,36.819999694824197,330.607635498046989,295.308074951171989,-106.369995117187997,44.689998626708999,"10","8","1",-36.913257598877003,"411",-60.095527648925803,3.459112644195560,"1642",,,,,,,,,,,,,,,,,,,,,,,,,,,,,,,,,,,,,,,,,,,,,,,,,./0.png
"0","0",-3.209743976593020,2.261448860168460,5.471192836761470,20.859296798706101,0.871285319328308,305.863525390625000,285.004119873046989,1.204486370086670,-60.299999237060497,36.819999694824197,341.136810302733977,293.669342041016023,-105.379997253417997,44.719997406005902,"10","8","1",-36.914901733398402,"419",-60.092624664306598,5.993542194366460,"1640",,,,,,,,,,,,,,,,,,,,,,,,,,,,,,,,,,,,,,,,,,,,,,,,,./0.png
"0","0",0.919805645942688,2.413555383682250,1.493749737739560,8.424345016479490,0.996033549308777,312.021392822266023,303.597045898438012,1.458430886268620,-40.729999542236293,30.260000228881800,335.387817382811988,307.199737548828011,81.580001831054702,30.619998931884801,"10","7","1",-38.782226562500000,"488",-72.758163452148395,7.562101364135740,"4199",,,,,,,,,,,,,,,,,,,,,,,,,,,,,,,,,,,,,,,,,,,,,,,,,./0.png
"0","0",1.056074142456050,3.527014732360840,2.470940589904790,7.445774078369140,0.895850896835327,311.313201904296932,303.867492675780966,0.981274068355560,-40.869998931884801,30.079999923706101,334.625793457031023,306.800231933593977,81.489997863769503,30.709999084472699,"10","8","1",-38.583862304687507,"550",-72.826911926269503,1.401882529258730,"4202",,,,,,,,,,,,,,,,,,,,,,,,,,,,,,,,,,,,,,,,,,,,,,,,,./0.png
"0","0",1.019948959350590,4.507041931152340,3.487092971801760,7.645918846130370,1.059594154357910,313.814239501953011,306.168060302733977,1.767369866371150,-41.610000610351598,30.209999084472699,337.692504882811988,308.739959716796989,82.069999694824205,28.579999923706101,"10","7","1",-38.486537933349602,"564",-72.440483093261719,5.487618923187260,"4134",,,,,,,,,,,,,,,,,,,,,,,,,,,,,,,,,,,,,,,,,,,,,,,,,./0.png
"0","0",0.979465961456299,4.538455009460450,3.558989048004150,7.542524337768550,1.059594154357910,313.801208496093977,306.258636474608977,1.767369866371150,-41.610000610351598,30.199998855590799,343.196502685546989,314.319458007811988,82.129997253417997,28.579999923706101,"10","8","1",-38.482780456542997,"565",-72.441215515136705,5.487618923187260,"4134",,,,,,,,,,,,,,,,,,,,,,,,,,,,,,,,,,,,,,,,,,,,,,,,,./0.png
"0","0",2.152626752853390,5.311331272125240,3.158704519271850,6.967532634735110,0.835161566734314,308.189117431641023,301.221801757811988,1.726932764053340,-40.899997711181598,29.949998855590799,333.003417968750000,304.023834228516023,81.860000610351605,30.929998397827099,"10","7","1",-38.461711883544901,"588",-72.897888183593807,14.711842536926300,"4209",,,,,,,,,,,,,,,,,,,,,,,,,,,,,,,,,,,,,,,,,,,,,,,,,./0.png
"0","0",2.114968538284300,5.255767345428470,3.140798807144170,6.871428012847900,0.791104435920715,307.973785400391023,301.102508544921989,1.377556920051570,-40.889999389648402,29.949998855590799,333.993286132811988,304.293945312499943,81.869995117187500,30.969999313354499,"10","7","1",-38.462364196777301,"588",-72.903831481933594,9.691917419433590,"4210",,,,,,,,,,,,,,,,,,,,,,,,,,,,,,,,,,,,,,,,,,,,,,,,,./0.png
"0","0",2.694574594497680,6.241227626800540,3.546653032302860,7.484519481658940,0.850768864154816,308.809448242188012,301.324951171875000,2.834907293319700,-40.899997711181598,29.939998626708999,338.791992187500057,311.863403320311988,82.089996337890597,30.969999313354499,"10","7","1",-38.447101593017599,"592",-72.907341003417997,32.790561676025398,"4210",,,,,,,,,,,,,,,,,,,,,,,,,,,,,,,,,,,,,,,,,,,,,,,,,./0.png
"0","0",2.178161382675170,5.761559486389160,3.583398103713990,7.532818794250490,0.973995447158813,310.093719482421989,302.561126708983977,2.082778692245480,-40.979999542236293,29.949998855590799,344.603088378906023,306.756072998046989,82.129997253417997,30.750000000000000,"10","8","1",-38.438632965087898,"593",-72.865585327148395,18.196279525756800,"4203",,,,,,,,,,,,,,,,,,,,,,,,,,,,,,,,,,,,,,,,,,,,,,,,,./0.png
"0","0",2.619252204895020,5.529349803924560,2.910097599029540,6.726542472839360,0.729020535945892,306.609069824219034,299.882690429688012,2.422449588775630,-40.849998474121101,29.920000076293899,348.333831787108977,302.246002197266023,82.169998168945298,31.149999618530298,"10","8","1",-38.446907043457003,"593",-72.941505432128906,14.067440986633301,"4216",,,,,,,,,,,,,,,,,,,,,,,,,,,,,,,,,,,,,,,,,,,,,,,,,./0.png
"0","0",2.572350263595580,5.379047393798830,2.806697130203250,6.484717369079590,0.729020535945892,306.001861572266023,299.517303466796989,2.422449588775630,-40.840000152587898,29.920000076293899,350.934204101561988,309.350738525391023,82.169998168945298,31.179998397827099,"10","8","1",-38.447536468505902,"593",-72.947349548339801,14.067440986633301,"4217",,,,,,,,,,,,,,,,,,,,,,,,,,,,,,,,,,,,,,,,,,,,,,,,,./0.png
"0","0",2.276865243911740,5.895170211791990,3.618304967880250,7.661256790161130,1.005021572113040,310.284088134766023,302.622924804688012,1.662233591079710,-40.979999542236293,29.949998855590799,336.277008056641023,305.747711181641023,82.180000305175795,30.750000000000000,"10","8","1",-38.434818267822301,"594",-72.866394042968807,10.785528182983400,"4203",,,,,,,,,,,,,,,,,,,,,,,,,,,,,,,,,,,,,,,,,,,,,,,,,./0.png
"0","0",2.598971605300900,5.465248584747310,2.866276979446410,6.779005050659180,0.740784108638763,306.683105468750000,299.904235839843977,2.888284206390380,-40.849998474121101,29.920000076293899,346.629669189453011,301.602111816406023,82.229995727539105,31.149999618530298,"10","8","1",-38.443069458007798,"594",-72.942237854003906,17.839443206787099,"4216",,,,,,,,,,,,,,,,,,,,,,,,,,,,,,,,,,,,,,,,,,,,,,,,,./0.png
"0","0",2.392060279846190,5.077523708343510,2.685463428497310,6.236012935638430,0.751812338829041,305.447357177733977,299.211578369140966,0.898782491683960,-40.829998016357401,29.909999847412099,331.231781005859034,302.040283203125000,82.229995727539105,31.219999313354499,"10","7","1",-38.444389343261697,"594",-72.954414367675795,2.446121215820310,"4218",,,,,,,,,,,,,,,,,,,,,,,,,,,,,,,,,,,,,,,,,,,,,,,,,./0.png
"0","0",2.569421291351320,5.449984073638920,2.880562782287600,6.806931972503660,0.740784108638763,306.733245849608977,299.926361083983977,2.888284206390380,-40.849998474121101,29.909999847412099,343.675872802733977,300.177154541016023,82.279998779296889,31.149999618530298,"10","8","1",-38.439250946044901,"595",-72.943122863769503,17.839443206787099,"4216",,,,,,,,,,,,,,,,,,,,,,,,,,,,,,,,,,,,,,,,,,,,,,,,,./0.png
"0","0",2.964421033859250,6.744537353515620,3.780116319656370,7.968342781066890,0.929895281791687,309.387481689453011,301.419128417968977,3.025769948959350,-40.919998168945298,29.929998397827099,347.382720947266023,304.938903808593977,82.319999694824205,30.969999313354499,"10","8","1",-38.431713104247997,"596",-72.909721374511719,8.659288406372070,"4210",,,,,,,,,,,,,,,,,,,,,,,,,,,,,,,,,,,,,,,,,,,,,,,,,./0.png
"0","0",3.005660533905030,6.777227401733400,3.771566867828370,7.928129673004150,0.929895281791687,309.278625488281023,301.350463867188012,3.025769948959350,-40.899997711181598,29.920000076293899,343.277221679688012,302.180328369140966,82.319999694824205,31.000000000000000,"10","8","1",-38.432357788085902,"596",-72.915679931640597,8.659288406372070,"4211",,,,,,,,,,,,,,,,,,,,,,,,,,,,,,,,,,,,,,,,,,,,,,,,,./0.png
"0","0",2.909075260162350,6.702503681182860,3.793428421020510,8.064106941223139,0.929895281791687,309.635742187500057,301.571533203125000,3.025769948959350,-40.919998168945298,29.920000076293899,343.033660888671989,302.818542480468977,82.379997253417997,30.969999313354499,"10","8","1",-38.427852630615199,"597",-72.910186767578097,8.659288406372070,"4210",,,,,,,,,,,,,,,,,,,,,,,,,,,,,,,,,,,,,,,,,,,,,,,,,./0.png
"0","0",2.954155683517460,6.746674060821530,3.792518377304080,8.022706985473629,0.929895281791687,309.522949218750000,301.500183105468977,3.025769948959350,-40.909999847412102,29.920000076293899,349.905456542968977,308.533050537108977,82.379997253417997,31.000000000000000,"10","8","1",-38.428501129150398,"597",-72.916198730468807,8.659288406372070,"4211",,,,,,,,,,,,,,,,,,,,,,,,,,,,,,,,,,,,,,,,,,,,,,,,,./0.png
"0","0",2.963893890380860,6.856599330902100,3.892705440521240,8.310536384582520,0.911817550659180,310.052154541016023,301.741607666016023,1.859566211700440,-40.919998168945298,29.920000076293899,354.424377441406023,308.685546875000000,82.430000305175795,30.969999313354499,"10","8","1",-38.423995971679702,"598",-72.910690307617202,7.831411838531490,"4210",,,,,,,,,,,,,,,,,,,,,,,,,,,,,,,,,,,,,,,,,,,,,,,,,./0.png
"0","0",3.001367092132570,6.963072776794430,3.961705684661870,8.416690826416019,0.911817550659180,310.191162109375000,301.774444580078011,1.859566211700440,-40.930000305175803,29.920000076293899,342.961608886718977,304.302398681641023,82.489997863769503,30.969999313354499,"10","8","1",-38.420146942138707,"599",-72.911231994628906,7.831411838531490,"4210",,,,,,,,,,,,,,,,,,,,,,,,,,,,,,,,,,,,,,,,,,,,,,,,,./0.png
"0","0",2.585086107254030,6.458501815795900,3.873415708541870,7.652419090271000,0.740808486938477,309.006988525391023,301.354492187500057,0.965099215507507,-40.899997711181598,29.899999618530298,331.640197753906023,301.527496337891023,82.559997558593807,31.059999465942401,"10","8","1",-38.418289184570298,"600",-72.930351257324205,3.713241100311280,"4213",,,,,,,,,,,,,,,,,,,,,,,,,,,,,,,,,,,,,,,,,,,,,,,,,./0.png
"0","0",2.454796791076660,6.029664516448970,3.574867725372310,7.382981777191160,0.769213736057281,308.365905761718977,300.982879638671989,1.384026765823360,-40.889999389648402,29.899999618530298,332.687622070311988,303.493255615233977,82.559997558593807,31.090000152587901,"10","7","1",-38.418910980224602,"600",-72.936096191406193,5.098259925842290,"4214",,,,,,,,,,,,,,,,,,,,,,,,,,,,,,,,,,,,,,,,,,,,,,,,,./0.png
"0","0",2.354875326156620,5.668174743652340,3.313299417495730,7.169705867767330,0.769213736057281,307.818634033203011,300.648925781250000,1.384026765823360,-40.879997253417997,29.899999618530298,328.239105224608977,301.300537109375000,82.559997558593807,31.119998931884801,"10","7","1",-38.419494628906200,"600",-72.941528320312500,5.098259925842290,"4215",,,,,,,,,,,,,,,,,,,,,,,,,,,,,,,,,,,,,,,,,,,,,,,,,./0.png
"0","0",2.064369678497310,5.459251880645750,3.394882202148440,7.693538188934330,0.971128046512604,310.560180664061988,302.866485595703068,1.558714747428890,-41.020000457763707,29.920000076293899,339.612365722656023,311.458404541016023,82.689994812011719,30.719999313354499,"10","7","1",-38.399700164794901,"603",-72.866439819335895,9.642905235290529,"4202",,,,,,,,,,,,,,,,,,,,,,,,,,,,,,,,,,,,,,,,,,,,,,,,,./0.png
"0","0",2.429034233093260,5.946153640747070,3.517119407653810,7.479234218597410,0.805372893810272,308.462554931641023,300.983306884766023,1.600769281387330,-40.899997711181598,29.889999389648398,343.655303955078011,300.640411376953011,82.729995727539105,31.090000152587901,"10","8","1",-38.407409667968800,"603",-72.938423156738281,6.595724582672120,"4214",,,,,,,,,,,,,,,,,,,,,,,,,,,,,,,,,,,,,,,,,,,,,,,,,./0.png
"0","0",2.311489820480350,5.562537670135500,3.251047849655150,7.267570018768310,0.805372893810272,307.941131591796989,300.673583984375000,1.600769281387330,-40.889999389648402,29.889999389648398,332.309326171875000,301.127899169921989,82.729995727539105,31.119998931884801,"10","8","1",-38.407997131347699,"603",-72.943916320800795,6.595724582672120,"4215",,,,,,,,,,,,,,,,,,,,,,,,,,,,,,,,,,,,,,,,,,,,,,,,,./0.png
"0","0",1.881267070770260,5.206557273864750,3.325290203094480,7.447634696960450,0.959399521350861,310.158203125000000,302.710510253906023,3.048414707183840,-41.029998779296903,29.920000076293899,339.448669433593977,310.829956054688012,82.750000000000000,30.719999313354499,"10","7","1",-38.395881652832003,"604",-72.867202758789105,34.282897949218800,"4202",,,,,,,,,,,,,,,,,,,,,,,,,,,,,,,,,,,,,,,,,,,,,,,,,./0.png
"0","0",1.459537506103520,4.241789340972901,2.782251834869380,7.124408245086670,0.946498155593872,309.800415039061988,302.675933837891023,4.204913616180420,-41.049999237060497,29.929998397827099,333.192657470703068,305.500000000000000,81.150001525878906,30.649999618530298,"10","7","1",-38.397464752197301,"608",-72.861839294433594,17.793678283691399,"4200",,,,,,,,,,,,,,,,,,,,,,,,,,,,,,,,,,,,,,,,,,,,,,,,,./0.png
"0","0",2.142865180969240,5.435479164123540,3.292613983154300,7.466183185577390,0.769846081733704,308.482910156250000,301.016723632811988,1.351677179336550,-40.909999847412102,29.889999389648398,352.123077392578011,300.623077392578011,81.209999084472699,31.059999465942401,"10","8","1",-38.406177520752003,"608",-72.939392089843807,9.632493972778320,"4213",,,,,,,,,,,,,,,,,,,,,,,,,,,,,,,,,,,,,,,,,,,,,,,,,./0.png
"0","0",1.320493459701540,4.013472557067870,2.692979097366330,6.980558395385740,0.946498155593872,309.518066406250000,302.537506103516023,4.204913616180420,-41.049999237060497,29.920000076293899,333.917022705078011,302.377227783203011,81.209999084472699,30.649999618530298,"10","8","1",-38.393642425537102,"609",-72.862564086914105,17.793678283691399,"4200",,,,,,,,,,,,,,,,,,,,,,,,,,,,,,,,,,,,,,,,,,,,,,,,,./0.png
"0","0",1.358032941818240,4.194972515106201,2.836939573287960,6.925641536712650,0.946498155593872,309.237762451171989,302.312103271483977,4.204913616180420,-41.040000915527301,29.920000076293899,345.299072265625000,304.625213623046989,81.209999084472699,30.679998397827099,"10","8","1",-38.394268035888707,"609",-72.868156433105497,17.793678283691399,"4201",,,,,,,,,,,,,,,,,,,,,,,,,,,,,,,,,,,,,,,,,,,,,,,,,./0.png
"0","0",0.000000000000000,0.000000000000000,0.000000000000000,0.000000000000000,0.942835092544556,0.000000000000000,0.000000000000000,33.190174102783203,-41.270000457763707,29.969999313354499,367.000000000000000,341.654449462891023,81.299995422363295,30.019998550415000,"0","9","1",-38.368957519531200,"612",-72.747085571289105,173.103240966796989,"4180",,,,,,,,,,,,,,,,,,,,,,,,,,,,,,,,,,,,,,,,,,,,,,,,,./0.png
"0","0",1.775073051452640,5.628525733947750,3.853452682495120,7.353704452514650,0.888982415199280,309.795684814453011,302.441741943358977,5.146287441253660,-41.279998779296903,29.969999313354499,338.996948242188012,304.423187255859034,81.349998474121094,29.989999771118200,"10","8","1",-38.364479064941399,"613",-72.741806030273395,68.443634033203097,"4179",,,,,,,,,,,,,,,,,,,,,,,,,,,,,,,,,,,,,,,,,,,,,,,,,./0.png
"0","0",2.016000270843510,4.683745861053470,2.667745590209960,6.753307342529300,0.874318182468414,306.437438964843977,299.684051513671989,2.561553001403810,-40.879997253417997,29.869998931884801,345.289611816406023,309.166442871093977,81.509994506835895,31.179998397827099,"10","8","1",-38.389533996582003,"613",-72.965850830078097,28.031970977783200,"4217",,,,,,,,,,,,,,,,,,,,,,,,,,,,,,,,,,,,,,,,,,,,,,,,,./0.png
"0","0",0.000000000000000,0.000000000000000,0.000000000000000,0.000000000000000,0.942835092544556,0.000000000000000,0.000000000000000,33.190174102783203,-41.270000457763707,29.959999084472699,367.000000000000000,374.857482910156023,81.349998474121094,30.019998550415000,"0","7","1",-38.365139007568402,"613",-72.747619628906193,173.103240966796989,"4180",,,,,,,,,,,,,,,,,,,,,,,,,,,,,,,,,,,,,,,,,,,,,,,,,./0.png
"0","0",0.000000000000000,0.000000000000000,0.000000000000000,0.000000000000000,0.942835092544556,0.000000000000000,0.000000000000000,33.190174102783203,-41.259998321533203,29.959999084472699,367.000000000000000,327.339996337891023,81.360000610351605,30.049999237060501,"0","7","1",-38.365783691406200,"613",-72.753372192382798,173.103240966796989,"4181",,,,,,,,,,,,,,,,,,,,,,,,,,,,,,,,,,,,,,,,,,,,,,,,,./0.png
"0","0",1.741044044494630,5.651866912841800,3.910822868347170,7.388992309570310,1.006655931472780,309.878448486328011,302.489288330078011,6.194415092468260,-41.259998321533203,29.959999084472699,347.857513427733977,309.480682373046989,81.419998168945298,30.049999237060501,"10","8","1",-38.361965179443402,"614",-72.753959655761719,41.771724700927699,"4181",,,,,,,,,,,,,,,,,,,,,,,,,,,,,,,,,,,,,,,,,,,,,,,,,./0.png
"0","0",1.887756586074830,4.866720676422120,2.978964090347290,6.874212741851810,0.779564619064331,306.840789794921989,299.966522216796989,3.383233308792110,-40.930000305175803,29.879999160766602,336.893432617188012,302.163177490233977,81.549995422363295,31.059999465942401,"10","8","1",-38.383007049560497,"614",-72.942329406738281,21.552494049072301,"4213",,,,,,,,,,,,,,,,,,,,,,,,,,,,,,,,,,,,,,,,,,,,,,,,,./0.png
"0","0",1.913278818130490,4.751467704772950,2.838188886642460,6.779233455657960,0.845215320587158,306.529266357421989,299.749877929688012,1.713992953300480,-40.919998168945298,29.869998931884801,346.650238037108977,304.386688232421989,81.549995422363295,31.090000152587901,"10","8","1",-38.383731842041001,"614",-72.948829650878906,14.408458709716800,"4214",,,,,,,,,,,,,,,,,,,,,,,,,,,,,,,,,,,,,,,,,,,,,,,,,./0.png
"0","0",1.973751068115230,4.758783817291260,2.785032749176030,6.707396984100340,0.866623222827911,306.298217773438012,299.590698242188012,1.806189298629760,-40.889999389648402,29.869998931884801,350.461853027343977,303.481964111328011,81.559997558593807,31.179998397827099,"10","8","1",-38.385715484619098,"614",-72.966743469238281,15.610090255737299,"4217",,,,,,,,,,,,,,,,,,,,,,,,,,,,,,,,,,,,,,,,,,,,,,,,,./0.png
"0","0",0.000000000000000,0.000000000000000,0.000000000000000,0.000000000000000,0.884100794792175,0.000000000000000,0.000000000000000,14.039197921752899,-41.290000915527301,29.959999084472699,367.000000000000000,345.412902832031023,81.470001220703111,29.989999771118200,"0","9","1",-38.356849670410199,"615",-72.742950439453111,105.745613098145014,"4179",,,,,,,,,,,,,,,,,,,,,,,,,,,,,,,,,,,,,,,,,,,,,,,,,./0.png
"0","0",1.691713571548460,5.657214641571040,3.965501070022580,7.351811885833740,0.884100794792175,309.667419433593977,302.315460205078011,14.039197921752899,-41.299999237060497,29.959999084472699,337.324035644531023,306.128112792968977,81.459999084472699,29.959999084472699,"10","8","1",-38.356193542480497,"615",-72.737129211425795,105.745613098145014,"4178",,,,,,,,,,,,,,,,,,,,,,,,,,,,,,,,,,,,,,,,,,,,,,,,,./0.png
"0","0",1.709657192230220,5.695537090301510,3.985879898071290,7.423516273498540,1.006655931472780,309.879180908203011,302.455505371093977,6.194415092468260,-41.279998779296903,29.959999084472699,354.650390625000000,311.788879394531023,81.470001220703111,30.019998550415000,"10","8","1",-38.357501983642599,"615",-72.748771667480497,41.771724700927699,"4180",,,,,,,,,,,,,,,,,,,,,,,,,,,,,,,,,,,,,,,,,,,,,,,,,./0.png
"0","0",1.874958276748660,4.910130500793460,3.035172224044800,6.881159305572510,0.779564619064331,306.822448730468977,299.941192626953011,3.383233308792110,-40.930000305175803,29.869998931884801,349.986511230468977,308.017120361328011,81.599998474121094,31.059999465942401,"10","8","1",-38.379138946533203,"615",-72.942771911621094,21.552494049072301,"4213",,,,,,,,,,,,,,,,,,,,,,,,,,,,,,,,,,,,,,,,,,,,,,,,,./0.png
"0","0",1.722967624664310,5.787867546081540,4.064899921417240,7.385935306549070,1.027298688888550,309.746765136718977,302.360717773438012,3.950969219207760,-41.279998779296903,29.949998855590799,345.164062500000000,306.946411132811988,81.529998779296889,30.019998550415000,"10","8","1",-38.353691101074197,"616",-72.749389648437500,15.694221496581999,"4180",,,,,,,,,,,,,,,,,,,,,,,,,,,,,,,,,,,,,,,,,,,,,,,,,./0.png
"0","0",1.742195606231690,5.811852931976320,4.069657325744630,7.371539115905760,1.027298688888550,309.729125976561988,302.357482910156023,3.950969219207760,-41.270000457763707,29.949998855590799,354.014587402343977,314.465850830078011,81.529998779296889,30.049999237060501,"10","8","1",-38.354347229003899,"616",-72.755226135253906,15.694221496581999,"4181",,,,,,,,,,,,,,,,,,,,,,,,,,,,,,,,,,,,,,,,,,,,,,,,,./0.png
"0","0",2.031008720397950,5.124604225158690,3.093595504760740,7.015264034271240,0.772238373756409,306.909576416016023,299.894226074219034,1.832069039344790,-40.939998626708999,29.869998931884801,346.396057128906023,307.759826660156023,81.659996032714801,31.059999465942401,"10","8","1",-38.375308990478501,"616",-72.943519592285199,17.546007156372099,"4213",,,,,,,,,,,,,,,,,,,,,,,,,,,,,,,,,,,,,,,,,,,,,,,,,./0.png
"0","0",0.000000000000000,0.000000000000000,0.000000000000000,0.000000000000000,0.853640019893646,0.000000000000000,0.000000000000000,14.475917816162100,-41.290000915527301,29.959999084472699,367.000000000000000,336.223907470703068,81.519996643066406,29.989999771118200,"0","7","1",-38.353034973144503,"616",-72.743553161621094,73.000656127929702,"4179",,,,,,,,,,,,,,,,,,,,,,,,,,,,,,,,,,,,,,,,,,,,,,,,,./0.png
"0","0",1.669151306152340,5.781726837158200,4.112575531005861,7.218918323516850,0.853640019893646,309.256591796875000,302.037658691406023,14.475917816162100,-41.299999237060497,29.959999084472699,346.571777343750000,318.829864501953011,81.580001831054702,29.959999084472699,"10","7","1",-38.348579406738303,"617",-72.738395690917997,73.000656127929702,"4178",,,,,,,,,,,,,,,,,,,,,,,,,,,,,,,,,,,,,,,,,,,,,,,,,./0.png
"0","0",1.673964977264400,5.789165019989010,4.115200042724611,7.281869411468510,0.853640019893646,309.438385009766023,302.156463623046989,14.475917816162100,-41.290000915527301,29.949998855590799,345.987213134766023,313.984252929688012,81.580001831054702,29.989999771118200,"10","8","1",-38.349235534667997,"617",-72.744216918945298,73.000656127929702,"4179",,,,,,,,,,,,,,,,,,,,,,,,,,,,,,,,,,,,,,,,,,,,,,,,,./0.png
"0","0",1.631553173065190,5.722694873809810,4.091141700744630,7.237229347229000,1.027298688888550,309.416137695311988,302.178802490233977,3.950969219207760,-41.270000457763707,29.949998855590799,351.579071044921989,322.306671142578011,81.589996337890597,30.049999237060501,"10","8","1",-38.350540161132798,"617",-72.755882263183594,15.694221496581999,"4181",,,,,,,,,,,,,,,,,,,,,,,,,,,,,,,,,,,,,,,,,,,,,,,,,./0.png
"0","0",1.632352828979490,5.819334030151370,4.186981201171881,6.898488521575930,0.801026046276093,308.627105712891023,301.728515625000000,1.511807799339290,-41.319999694824197,29.949998855590799,330.241760253906023,295.214569091796989,81.629997253417997,29.920000076293899,"10","8","1",-38.344123840332003,"618",-72.733261108398395,11.407811164856000,"4177",,,,,,,,,,,,,,,,,,,,,,,,,,,,,,,,,,,,,,,,,,,,,,,,,./0.png
"0","1",1.602138042449950,5.779382228851320,4.177244186401370,7.069721698760990,0.822876453399658,309.087738037108977,302.018005371093977,6.623047828674320,-41.299999237060497,29.949998855590799,349.349578857421989,307.191497802733977,81.639999389648395,29.989999771118200,"10","8","1",-38.345424652099602,"618",-72.744903564453111,31.082637786865199,"4179",,,,,,,,,,,,,,,,,,,,,,,,,,,,,,,,,,,,,,,,,,,,,,,,,./0.png
"0","0",1.595996856689450,5.784850597381590,4.188853740692140,7.076052665710450,0.954354465007782,309.181213378906023,302.105102539061988,2.818732500076290,-41.279998779296903,29.939998626708999,348.761199951171989,314.966735839843977,81.650001525878906,30.049999237060501,"10","8","1",-38.346733093261697,"618",-72.756591796875014,10.007953643798800,"4181",,,,,,,,,,,,,,,,,,,,,,,,,,,,,,,,,,,,,,,,,,,,,,,,,./0.png
"0","0",1.541886806488040,5.656326770782470,4.114439964294430,7.012792587280270,1.018476128578190,309.164459228516023,302.151702880859034,1.416376471519470,-41.270000457763707,29.939998626708999,341.669219970703068,312.495269775391023,81.650001525878906,30.079999923706101,"10","8","1",-38.347385406494098,"618",-72.762413024902301,6.418642520904540,"4182",,,,,,,,,,,,,,,,,,,,,,,,,,,,,,,,,,,,,,,,,,,,,,,,,./0.png
"0","1",1.560816764831540,5.771245956420900,4.210429191589360,6.936639785766600,0.822876453399658,308.690093994140966,301.753479003906023,6.623047828674320,-41.309997558593800,29.949998855590799,349.835449218750000,304.293945312499943,81.699996948242202,29.959999084472699,"10","8","1",-38.340976715087898,"619",-72.739776611328097,31.082637786865199,"4178",,,,,,,,,,,,,,,,,,,,,,,,,,,,,,,,,,,,,,,,,,,,,,,,,./0.png
"0","0",1.560046672821040,5.792737007141110,4.232690334320070,6.990525245666500,0.822876453399658,308.861541748046989,301.871032714843977,6.623047828674320,-41.299999237060497,29.949998855590799,348.687652587891023,309.402191162108977,81.699996948242202,29.989999771118200,"10","8","1",-38.341632843017599,"619",-72.745635986328097,31.082637786865199,"4179",,,,,,,,,,,,,,,,,,,,,,,,,,,,,,,,,,,,,,,,,,,,,,,,,./0.png
"0","1",1.547783374786380,5.798069477081300,4.250286102294920,6.998737812042240,0.954354465007782,308.933105468750000,301.934356689453011,2.818732500076290,-41.290000915527301,29.939998626708999,354.291168212891023,312.312377929688012,81.699996948242202,30.019998550415000,"10","8","1",-38.342292785644503,"619",-72.751541137695298,10.007953643798800,"4180",,,,,,,,,,,,,,,,,,,,,,,,,,,,,,,,,,,,,,,,,,,,,,,,,./0.png
"0","0",1.557049274444580,5.820015907287600,4.262966632843020,6.984680175781250,0.954354465007782,308.943695068358977,301.958984375000000,2.818732500076290,-41.279998779296903,29.939998626708999,346.969207763671989,308.886779785156023,81.709999084472699,30.049999237060501,"10","8","1",-38.342945098877003,"619",-72.757408142089801,10.007953643798800,"4181",,,,,,,,,,,,,,,,,,,,,,,,,,,,,,,,,,,,,,,,,,,,,,,,,./0.png
"0","1",0.000000000000000,0.000000000000000,0.000000000000000,0.000000000000000,0.780807554721832,0.000000000000000,0.000000000000000,1.990582227706910,-41.299999237060497,29.939998626708999,367.000000000000000,307.460845947266023,81.759994506835895,29.989999771118200,"0","9","1",-38.337837219238303,"620",-72.746414184570298,19.449247360229499,"4179",,,,,,,,,,,,,,,,,,,,,,,,,,,,,,,,,,,,,,,,,,,,,,,,,./0.png
"0","1",1.564628601074220,5.909594535827640,4.344965934753420,6.933048725128170,0.899389088153839,308.744140625000000,301.811126708983977,2.239674329757690,-41.290000915527301,29.939998626708999,350.841430664061988,309.448211669921989,81.759994506835895,30.019998550415000,"10","8","1",-38.338508605957003,"620",-72.752403259277301,10.791948318481399,"4180",,,,,,,,,,,,,,,,,,,,,,,,,,,,,,,,,,,,,,,,,,,,,,,,,./0.png
"0","0",1.534668445587160,5.902883052825930,4.368214607238771,6.857961654663090,0.899389088153839,308.719543457031023,301.861663818358977,2.239674329757690,-41.279998779296903,29.939998626708999,330.949798583983977,298.336761474608977,81.769996643066406,30.049999237060501,"10","8","1",-38.339172363281200,"620",-72.758361816406193,10.791948318481399,"4181",,,,,,,,,,,,,,,,,,,,,,,,,,,,,,,,,,,,,,,,,,,,,,,,,./0.png
"0","0",2.084462642669680,5.348410129547120,3.263947486877440,6.727204322814940,0.773950994014740,305.627227783203011,298.899719238281023,2.386865139007570,-40.979999542236293,29.859998703002901,334.495971679688012,297.344177246093977,81.989997863769503,30.989999771118200,"10","8","1",-38.350978851318402,"622",-72.935813903808594,13.327789306640600,"4211",,,,,,,,,,,,,,,,,,,,,,,,,,,,,,,,,,,,,,,,,,,,,,,,,./0.png
"0","0",2.075887203216550,5.261873245239260,3.185986042022710,6.589736461639400,0.773950994014740,305.190246582031023,298.600189208983977,2.386865139007570,-40.979999542236293,29.849998474121101,341.414031982421989,297.548645019531023,82.049995422363295,30.989999771118200,"10","8","1",-38.347103118896499,"623",-72.936126708984403,13.327789306640600,"4211",,,,,,,,,,,,,,,,,,,,,,,,,,,,,,,,,,,,,,,,,,,,,,,,,./0.png
"0","0",2.185378074646000,5.221119880676270,3.035741806030270,6.489752292633060,0.831514298915863,304.790313720703068,298.300415039061988,1.472988247871400,-40.950000762939503,29.840000152587901,352.993072509766023,302.636505126953011,82.059997558593807,31.090000152587901,"10","8","1",-38.349128723144503,"623",-72.954689025878906,10.638684272766101,"4214",,,,,,,,,,,,,,,,,,,,,,,,,,,,,,,,,,,,,,,,,,,,,,,,,./0.png
"0","0",0.000000000000000,0.000000000000000,0.000000000000000,0.000000000000000,0.790613472461700,0.000000000000000,0.000000000000000,12.452448844909700,-40.950000762939503,29.840000152587901,367.000000000000000,334.232055664061988,82.119995117187500,31.090000152587901,"0","9","1",-38.345272064208999,"624",-72.955245971679702,193.408615112305000,"4214",,,,,,,,,,,,,,,,,,,,,,,,,,,,,,,,,,,,,,,,,,,,,,,,,./0.png
"0","0",0.000000000000000,0.000000000000000,0.000000000000000,0.000000000000000,0.759476900100708,0.000000000000000,0.000000000000000,28.462276458740199,-40.979999542236293,29.840000152587901,367.000000000000000,341.941558837891023,82.159996032714801,31.019998550415000,"0","9","1",-38.340076446533203,"625",-72.943443298339801,229.316589355469006,"4212",,,,,,,,,,,,,,,,,,,,,,,,,,,,,,,,,,,,,,,,,,,,,,,,,./0.png
"0","0",0.000000000000000,0.000000000000000,0.000000000000000,0.000000000000000,0.759476900100708,0.000000000000000,0.000000000000000,28.462276458740199,-40.969997406005902,29.840000152587901,367.000000000000000,349.599914550780966,82.169998168945298,31.059999465942401,"0","9","1",-38.340759277343800,"625",-72.949722290039105,229.316589355469006,"4213",,,,,,,,,,,,,,,,,,,,,,,,,,,,,,,,,,,,,,,,,,,,,,,,,./0.png
"0","0",0.000000000000000,0.000000000000000,0.000000000000000,0.000000000000000,0.734709262847900,0.000000000000000,0.000000000000000,6.428949832916260,-40.989997863769503,29.849998474121101,367.000000000000000,326.448455810546989,82.159996032714801,30.989999771118200,"0","7","1",-38.339370727539098,"625",-72.936981201171903,94.104995727539105,"4211",,,,,,,,,,,,,,,,,,,,,,,,,,,,,,,,,,,,,,,,,,,,,,,,,./0.png
"0","0",1.760419130325320,4.857491970062260,3.097072839736940,6.158422470092770,0.701550960540771,304.423675537108977,298.265106201171989,8.379631996154790,-41.000000000000000,29.849998474121101,331.956481933593977,297.201751708983977,82.209999084472699,30.959999084472699,"10","8","1",-38.334877014160199,"626",-72.931625366210895,31.722658157348601,"4210",,,,,,,,,,,,,,,,,,,,,,,,,,,,,,,,,,,,,,,,,,,,,,,,,./0.png
"0","0",1.757355213165280,4.719746112823490,2.962390899658200,6.057806968688960,0.701550960540771,304.085876464843977,298.027862548828011,8.379631996154790,-40.989997863769503,29.840000152587901,346.249481201171989,318.464050292968977,82.220001220703111,30.989999771118200,"10","8","1",-38.335529327392599,"626",-72.937583923339801,31.722658157348601,"4211",,,,,,,,,,,,,,,,,,,,,,,,,,,,,,,,,,,,,,,,,,,,,,,,,./0.png
"0","0",1.829458713531490,4.764516830444340,2.935058116912840,6.016626358032230,0.718837797641754,303.933074951171989,297.916351318358977,11.414026260376000,-40.979999542236293,29.840000152587901,353.718292236328011,307.743377685546989,82.220001220703111,31.019998550415000,"10","8","1",-38.336231231689503,"626",-72.944061279296889,44.265998840332003,"4212",,,,,,,,,,,,,,,,,,,,,,,,,,,,,,,,,,,,,,,,,,,,,,,,,./0.png
"0","0",1.799351215362550,4.662496566772460,2.863145351409910,5.942317485809330,0.718837797641754,303.749237060546989,297.806793212891023,11.414026260376000,-40.969997406005902,29.840000152587901,342.046630859375000,314.525939941406023,82.220001220703111,31.059999465942401,"10","8","1",-38.336910247802699,"626",-72.950302124023395,44.265998840332003,"4213",,,,,,,,,,,,,,,,,,,,,,,,,,,,,,,,,,,,,,,,,,,,,,,,,./0.png
"0","0",0.000000000000000,0.000000000000000,0.000000000000000,0.000000000000000,0.718837797641754,0.000000000000000,0.000000000000000,11.414026260376000,-40.979999542236293,29.840000152587901,367.000000000000000,310.548248291016023,82.279998779296889,31.019998550415000,"0","9","1",-38.332374572753899,"627",-72.944580078124986,44.265998840332003,"4212",,,,,,,,,,,,,,,,,,,,,,,,,,,,,,,,,,,,,,,,,,,,,,,,,./0.png
"0","0",1.526186466217040,4.439965724945070,2.913779258728030,5.899677276611330,0.701550960540771,303.906188964843977,298.006317138671989,8.379631996154790,-41.000000000000000,29.840000152587901,333.338287353516023,297.965454101561988,82.269996643066406,30.959999084472699,"10","8","1",-38.331062316894503,"627",-72.932495117187500,31.722658157348601,"4210",,,,,,,,,,,,,,,,,,,,,,,,,,,,,,,,,,,,,,,,,,,,,,,,,./0.png
"0","0",1.590688228607180,4.415907859802250,2.825219631195070,5.849863052368160,0.701550960540771,303.669952392578011,297.819885253906023,8.379631996154790,-40.989997863769503,29.840000152587901,353.614593505859034,311.236755371093977,82.269996643066406,30.989999771118200,"10","8","1",-38.331695556640597,"627",-72.938308715820298,31.722658157348601,"4211",,,,,,,,,,,,,,,,,,,,,,,,,,,,,,,,,,,,,,,,,,,,,,,,,./0.png
"0","0",1.685990571975710,4.470039367675781,2.784048795700070,5.790502071380620,0.718837797641754,303.450408935546989,297.659820556641023,11.414026260376000,-40.969997406005902,29.829999923706101,346.351593017578011,303.710845947266023,82.279998779296889,31.059999465942401,"10","8","1",-38.333045959472699,"627",-72.950790405273395,44.265998840332003,"4213",,,,,,,,,,,,,,,,,,,,,,,,,,,,,,,,,,,,,,,,,,,,,,,,,./0.png
"0","0",1.485291957855220,4.163807868957521,2.678515911102290,5.713422775268550,0.655531346797943,303.328735351561988,297.615203857421989,2.449946880340580,-41.000000000000000,29.840000152587901,347.012176513671989,299.517089843750000,82.330001831054702,30.989999771118200,"10","8","1",-38.327865600585902,"628",-72.939064025878906,29.655134201049801,"4211",,,,,,,,,,,,,,,,,,,,,,,,,,,,,,,,,,,,,,,,,,,,,,,,,./0.png
"0","0",1.544875860214230,4.207901477813720,2.663025617599490,5.689599037170410,0.675390422344208,303.231384277343977,297.541778564453011,5.243336677551270,-40.989997863769503,29.829999923706101,353.777343750000000,312.349517822266023,82.330001831054702,31.019998550415000,"10","8","1",-38.328529357910199,"628",-72.945167541503906,37.812278747558601,"4212",,,,,,,,,,,,,,,,,,,,,,,,,,,,,,,,,,,,,,,,,,,,,,,,,./0.png
"0","0",1.501872539520260,4.177362442016600,2.675489902496340,5.604026317596440,0.675390422344208,303.093414306641023,297.489288330078011,5.243336677551270,-40.979999542236293,29.829999923706101,330.664306640625000,298.006744384766023,82.339996337890597,31.059999465942401,"10","8","1",-38.329193115234403,"628",-72.951339721679702,37.812278747558601,"4213",,,,,,,,,,,,,,,,,,,,,,,,,,,,,,,,,,,,,,,,,,,,,,,,,./0.png
"0","0",0.847312688827515,3.318639039993290,2.471326351165770,8.149916648864750,1.143628716468810,314.566833496093977,306.416992187500057,2.097336053848270,-42.079998016357401,30.059999465942401,352.080749511718977,313.595703125000000,82.629997253417997,27.769998550415000,"10","8","1",-38.224712371826200,"638",-72.352951049804702,14.490621566772500,"4108",,,,,,,,,,,,,,,,,,,,,,,,,,,,,,,,,,,,,,,,,,,,,,,,,./0.png
"0","0",1.135105609893800,3.844918251037600,2.709812641143800,7.921185016632080,1.076503157615660,313.691558837891023,305.770416259766023,2.485531330108640,-42.099998474121101,30.069999694824201,338.314941406250000,310.577758789061988,80.869995117187500,27.709999084472699,"10","8","1",-38.224288940429702,"642",-72.349700927734403,10.687932968139600,"4106",,,,,,,,,,,,,,,,,,,,,,,,,,,,,,,,,,,,,,,,,,,,,,,,,./0.png
"0","0",1.085566759109500,3.775660991668700,2.690094232559200,7.941393852233890,1.076503157615660,313.860717773438012,305.919372558593977,2.485531330108640,-42.090000152587898,30.069999694824201,339.733306884766023,309.147430419921989,80.869995117187500,27.739999771118200,"10","8","1",-38.224941253662102,"642",-72.355270385742202,10.687932968139600,"4107",,,,,,,,,,,,,,,,,,,,,,,,,,,,,,,,,,,,,,,,,,,,,,,,,./0.png
"0","0",0.950617551803589,4.046243667602540,3.095626115798950,5.905601501464840,0.979858815670013,308.033660888671989,302.128234863281023,1.526365160942080,-41.340000152587898,29.849998474121101,339.931274414061988,305.316009521483977,81.659996032714801,30.109998703002901,"10","8","1",-38.244384765625000,"650",-72.794525146484403,4.407923698425291,"4183",,,,,,,,,,,,,,,,,,,,,,,,,,,,,,,,,,,,,,,,,,,,,,,,,./0.png
"0","0",0.948300838470459,3.990023851394650,3.041723012924190,5.964672088623050,0.979858815670013,308.209197998046989,302.244689941406023,1.526365160942080,-41.349998474121101,29.849998474121101,341.900268554688012,309.418426513671989,81.720001220703111,30.109998703002901,"10","8","1",-38.240581512451200,"651",-72.795257568359403,4.407923698425291,"4183",,,,,,,,,,,,,,,,,,,,,,,,,,,,,,,,,,,,,,,,,,,,,,,,,./0.png
"0","0",1.657322883605960,6.124203681945800,4.466880798339840,6.503989219665530,0.995184302330017,310.256774902343977,303.752593994140966,1.348442196846010,-42.159999847412102,30.010000228881800,338.287353515625000,309.745635986328011,82.059997558593807,27.699998855590799,"10","7","1",-38.153430938720703,"661",-72.362724304199205,5.359149932861330,"4106",,,,,,,,,,,,,,,,,,,,,,,,,,,,,,,,,,,,,,,,,,,,,,,,,./0.png
"0","0",1.344753503799440,5.265832901000980,3.921079397201540,6.356208324432370,0.993728518486023,311.193084716796989,304.836730957031023,1.118759989738460,-42.279998779296903,30.019998550415000,338.774169921875000,313.119079589843977,82.409996032714801,27.359998703002901,"10","7","1",-38.124107360839801,"667",-72.305351257324205,1.879550457000730,"4095",,,,,,,,,,,,,,,,,,,,,,,,,,,,,,,,,,,,,,,,,,,,,,,,,./0.png
"0","0",1.451704025268550,5.527743339538570,4.076039314270021,7.075165748596190,1.111134767532350,313.997222900391023,306.922027587891023,1.435786247253420,-42.219997406005902,29.899999618530298,338.097473144531023,307.592590332031023,82.330001831054702,27.829999923706101,"10","8","1",-38.036918640136697,"697",-72.414642333984403,4.940361022949220,"4110",,,,,,,,,,,,,,,,,,,,,,,,,,,,,,,,,,,,,,,,,,,,,,,,,./0.png
"0","0",1.440677642822270,5.546977996826170,4.106300354003910,7.078042507171630,1.102958440780640,314.101165771483977,307.023162841796989,2.640809535980220,-42.219997406005902,29.899999618530298,339.692138671875000,307.726928710938012,82.389999389648395,27.829999923706101,"10","8","1",-38.033187866210902,"698",-72.415328979492202,5.850534915924070,"4110",,,,,,,,,,,,,,,,,,,,,,,,,,,,,,,,,,,,,,,,,,,,,,,,,./0.png
"0","0",1.367892742156980,5.470214843750000,4.102322101593020,7.095636844635010,1.102958440780640,314.312347412108977,307.216644287108977,2.640809535980220,-42.209999084472699,29.889999389648398,333.988983154296932,308.696411132811988,82.389999389648395,27.859998703002901,"10","7","1",-38.033817291259801,"698",-72.420928955078097,5.850534915924070,"4111",,,,,,,,,,,,,,,,,,,,,,,,,,,,,,,,,,,,,,,,,,,,,,,,,./0.png
"0","0",1.373285293579100,5.522299766540530,4.149014472961430,7.018476486206050,1.102958440780640,314.046936035156023,307.028442382811988,2.640809535980220,-42.229999542236293,29.889999389648398,343.061248779296932,317.934082031250000,82.449996948242202,27.829999923706101,"10","7","1",-38.029453277587898,"699",-72.416015625000000,5.850534915924070,"4110",,,,,,,,,,,,,,,,,,,,,,,,,,,,,,,,,,,,,,,,,,,,,,,,,./0.png
"0","0",1.324215412139890,5.450672626495360,4.126457214355470,7.084249019622800,1.102958440780640,314.345733642578011,307.261444091796989,2.640809535980220,-42.219997406005902,29.889999389648398,349.969055175780966,313.590454101561988,82.459999084472699,27.859998703002901,"10","8","1",-38.030082702636697,"699",-72.421607971191406,5.850534915924070,"4111",,,,,,,,,,,,,,,,,,,,,,,,,,,,,,,,,,,,,,,,,,,,,,,,,./0.png
"0","0",1.402709007263180,5.157657623291020,3.754948616027830,5.020156860351560,0.824304819107056,307.856140136718977,302.835723876953011,1.392114162445070,-42.069999694824197,29.750000000000000,329.744964599608977,299.761749267578011,82.400001525878906,28.579999923706101,"10","8","1",-37.948451995849602,"729",-72.577095031738281,4.402413368225101,"4134",,,,,,,,,,,,,,,,,,,,,,,,,,,,,,,,,,,,,,,,,,,,,,,,,./0.png
"0","0",1.352915525436400,5.113961696624760,3.761046171188350,4.940220832824710,0.824304819107056,307.655670166016023,302.715240478516023,1.392114162445070,-42.059997558593800,29.750000000000000,336.648345947266023,308.301269531250000,82.400001525878906,28.609998703002901,"10","8","1",-37.949081420898402,"729",-72.582702636718807,4.402413368225101,"4135",,,,,,,,,,,,,,,,,,,,,,,,,,,,,,,,,,,,,,,,,,,,,,,,,./0.png
"0","0",0.000000000000000,0.000000000000000,0.000000000000000,0.000000000000000,0.802542328834534,0.000000000000000,0.000000000000000,11.502987861633301,-42.059997558593800,29.750000000000000,367.000000000000000,317.122741699219034,82.459999084472699,28.609998703002901,"0","9","1",-37.945331573486293,"730",-72.583473205566406,55.309391021728501,"4135",,,,,,,,,,,,,,,,,,,,,,,,,,,,,,,,,,,,,,,,,,,,,,,,,./0.png
"0","0",1.317643642425540,5.045760631561280,3.728116989135740,4.834031581878660,0.765487313270569,307.424407958983977,302.590179443358977,1.324180006980900,-42.049999237060497,29.739999771118200,329.850219726561988,299.863525390625000,82.470001220703111,28.649999618530298,"10","8","1",-37.945953369140597,"730",-72.589027404785199,8.677305221557623,"4136",,,,,,,,,,,,,,,,,,,,,,,,,,,,,,,,,,,,,,,,,,,,,,,,,./0.png
"0","0",0.000000000000000,0.000000000000000,0.000000000000000,0.000000000000000,0.802542328834534,0.000000000000000,0.000000000000000,11.502987861633301,-42.069999694824197,29.739999771118200,367.000000000000000,335.545715332031023,82.519996643066406,28.609998703002901,"0","9","1",-37.941566467285199,"731",-72.584114074707003,55.309391021728501,"4135",,,,,,,,,,,,,,,,,,,,,,,,,,,,,,,,,,,,,,,,,,,,,,,,,./0.png
"0","0",1.257810592651370,4.865778923034670,3.607968330383300,4.810210704803470,0.802542328834534,307.547515869140966,302.737030029296932,11.502987861633301,-42.079998016357401,29.750000000000000,333.898742675780966,306.255584716796989,82.519996643066406,28.579999923706101,"10","8","1",-37.940940856933601,"731",-72.578506469726605,55.309391021728501,"4134",,,,,,,,,,,,,,,,,,,,,,,,,,,,,,,,,,,,,,,,,,,,,,,,,./0.png
"0","0",0.532519936561584,1.573331832885740,1.040811896324160,11.314115524291999,0.993809521198273,312.237060546875000,300.923156738281023,1.346824765205380,-63.590000152587898,36.809997558593800,334.119628906250000,302.074615478516023,-106.399993896484006,51.020000457763707,"10","8","1",-35.176616668701200,"848",-59.061500549316399,8.644360542297360,"1363",,,,,,,,,,,,,,,,,,,,,,,,,,,,,,,,,,,,,,,,,,,,,,,,,./0.png
"0","0",0.524043142795563,0.842376172542572,0.318333029747009,7.460988044738770,0.618149578571320,302.620513916016023,295.159576416016023,1.107437610626220,-73.459999084472699,41.049999237060497,350.710723876953011,296.537902832031023,-110.069999694824006,70.309997558593807,"10","8","1",-32.183013916015597,"1170",-52.253387451171903,12.006125450134300,"0",,,,,,,,,,,,,,,,,,,,,,,,,,,,,,,,,,,,,,,,,,,,,,,,,./0.png
"0","0",0.382811874151230,0.697790145874023,0.314978271722794,7.284261703491210,0.618149578571320,302.453643798828011,295.169342041016023,1.107437610626220,-73.459999084472699,41.049999237060497,333.503997802733977,296.029449462891023,-110.099998474120994,70.309997558593807,"10","8","1",-32.175930023193402,"1171",-52.256282806396499,12.006125450134300,"0",,,,,,,,,,,,,,,,,,,,,,,,,,,,,,,,,,,,,,,,,,,,,,,,,./0.png
"0","0",1.458665847778320,2.655530452728270,1.196864604949950,8.079157829284670,0.884872138500214,310.650329589843977,302.571319580078011,0.927897155284882,-66.029998779296903,36.020000457763700,331.315246582031023,301.231506347656023,-106.029998779297003,53.439998626708999,"10","8","1",-33.230998992919901,"1420",-59.142486572265597,0.602035343647003,"1241",,,,,,,,,,,,,,,,,,,,,,,,,,,,,,,,,,,,,,,,,,,,,,,,,./0.png
"0","0",0.834645032882690,1.945525050163270,1.110880017280580,8.680773735046390,1.077716350555420,316.266113281250000,307.585327148438012,1.183459162712100,-67.699996948242202,36.200000762939503,332.805419921875000,307.570648193358977,-106.349998474120994,56.270000457763707,"10","7","1",-32.413089752197301,"1614",-58.547260284423800,1.751307606697080,"1008",,,,,,,,,,,,,,,,,,,,,,,,,,,,,,,,,,,,,,,,,,,,,,,,,./0.png
"0","0",-1.667472124099730,3.886181592941280,5.553653717041020,14.208374977111800,1.122399330139160,316.151062011718977,301.942291259766023,1.398584127426150,-57.879997253417997,31.319999694824201,337.905670166016023,304.964080810546989,-102.199996948242003,22.539999008178700,"10","8","1",-33.658542633056598,"1708",-65.861228942871094,3.739480972290040,"2461",,,,,,,,,,,,,,,,,,,,,,,,,,,,,,,,,,,,,,,,,,,,,,,,,./0.png
"0","0",0.631916463375092,1.336806416511540,0.704889953136444,9.412521362304689,0.852279961109161,310.176940917968977,300.764617919921989,1.136552214622500,-73.790000915527301,39.419998168945298,350.829132080078011,302.197448730468977,-108.829994201660000,68.619995117187500,"10","8","1",-30.804870605468800,"1713",-53.902793884277301,11.971169471740700,"103",,,,,,,,,,,,,,,,,,,,,,,,,,,,,,,,,,,,,,,,,,,,,,,,,./0.png
"0","0",1.399309277534480,2.558194875717160,1.158885598182680,11.195615768432599,1.066191792488100,312.361480712891023,301.165740966796989,1.286978006362920,-65.439994812011705,34.559997558593800,332.233856201171989,302.747467041016023,-105.180000305175994,49.169998168945298,"10","7","1",-32.485546112060497,"1743",-60.722743988037102,4.909407615661620,"1443",,,,,,,,,,,,,,,,,,,,,,,,,,,,,,,,,,,,,,,,,,,,,,,,,./0.png
"0","0",1.623509407043460,2.608530521392820,0.985021114349365,11.005804061889600,1.040264606475830,312.222991943358977,301.217285156250000,1.249775886535640,-65.559997558593807,34.559997558593800,333.505096435546989,303.014495849608977,-105.649993896484006,49.349998474121101,"10","8","1",-32.418598175048800,"1755",-60.693271636962898,4.702419757843020,"1435",,,,,,,,,,,,,,,,,,,,,,,,,,,,,,,,,,,,,,,,,,,,,,,,,./0.png
"0","0",1.713941216468810,2.723560810089110,1.009619593620300,11.178730964660600,1.020542860031130,312.350555419921989,301.171966552733977,1.385644316673280,-65.559997558593807,34.559997558593800,338.663177490233977,303.507415771483977,-104.809997558594006,49.369998931884801,"10","8","1",-32.419342041015597,"1765",-60.695266723632798,8.194596290588382,"1434",,,,,,,,,,,,,,,,,,,,,,,,,,,,,,,,,,,,,,,,,,,,,,,,,./0.png
"0","0",0.762946248054504,2.580289363861080,1.817343115806580,11.890040397644000,1.014432311058040,311.946136474608977,300.056213378906023,2.312460899353030,-65.669998168945298,34.529998779296903,356.552246093750000,304.026641845703068,-105.379997253417997,49.469997406005902,"10","8","1",-32.343673706054702,"1780",-60.693729400634801,14.635491371154799,"1430",,,,,,,,,,,,,,,,,,,,,,,,,,,,,,,,,,,,,,,,,,,,,,,,,./0.png
"0","0",0.795578002929688,2.642483234405520,1.846905231475830,11.813116073608400,1.014432311058040,311.805786132811988,299.992858886718977,2.312460899353030,-65.659996032714801,34.529998779296903,334.842193603516023,302.824218750000000,-105.369995117187997,49.439998626708999,"10","8","1",-32.345035552978501,"1780",-60.699645996093800,14.635491371154799,"1431",,,,,,,,,,,,,,,,,,,,,,,,,,,,,,,,,,,,,,,,,,,,,,,,,./0.png
"0","3",1.202382683753970,2.557983875274660,1.355601191520690,11.237125396728500,0.980465292930603,311.538909912108977,300.301910400391023,1.589446902275090,-65.619995117187500,34.479999542236300,337.359191894531023,303.292358398438012,-105.529998779297003,49.259998321533203,"10","8","1",-32.332508087158203,"1785",-60.754055023193402,13.604618072509799,"1439",,,,,,,,,,,,,,,,,,,,,,,,,,,,,,,,,,,,,,,,,,,,,,,,,./0.png
"0","0",1.257373571395870,2.732256412506100,1.474882841110230,11.709503173828100,1.087421178817750,314.047210693358977,302.337799072266023,1.581359505653380,-65.930000305175795,34.630001068115199,347.779266357421989,305.399658203125000,-105.689994812012003,50.139999389648402,"10","8","1",-32.275112152099602,"1786",-60.529232025146499,11.543796539306600,"1401",,,,,,,,,,,,,,,,,,,,,,,,,,,,,,,,,,,,,,,,,,,,,,,,,./0.png
"0","2",0.661402225494385,2.689079761505130,2.027677536010740,12.265007972717299,0.992018759250641,311.903381347656023,299.638397216796989,1.900003314018250,-65.619995117187500,34.489997863769503,343.749847412108977,304.229278564453011,-104.649993896484006,49.279998779296903,"10","8","1",-32.338294982910199,"1794",-60.755134582519503,10.142164230346699,"1438",,,,,,,,,,,,,,,,,,,,,,,,,,,,,,,,,,,,,,,,,,,,,,,,,./0.png
"0","2",0.521749019622803,2.646681070327760,2.124932050704960,12.410822868347200,0.992018759250641,311.977081298828011,299.566436767578011,1.900003314018250,-65.619995117187500,34.479999542236300,352.674774169921989,303.031524658203011,-104.689994812012003,49.279998779296903,"10","8","1",-32.333621978759801,"1795",-60.756603240966797,10.142164230346699,"1438",,,,,,,,,,,,,,,,,,,,,,,,,,,,,,,,,,,,,,,,,,,,,,,,,./0.png
"0","0",0.123237609863281,2.137615203857420,2.014377593994140,9.847120285034180,1.451859712600710,322.771392822266023,312.924102783203011,1.891915798187260,-50.849998474121101,28.500000000000000,337.755340576171989,311.658386230468977,78.189994812011719,9.179999351501460,"10","7","1",-34.105224609375000,"1795",-70.453224182128906,4.969110965728760,"3503",,,,,,,,,,,,,,,,,,,,,,,,,,,,,,,,,,,,,,,,,,,,,,,,,./0.png
"0","1",0.091760277748108,2.029484272003170,1.937723994255070,9.926401138305661,1.442155003547670,322.899139404296932,312.972595214843977,1.807806849479680,-50.840000152587898,28.489999771118200,337.447906494140966,311.631744384766023,78.189994812011719,9.210000038146971,"10","7","1",-34.105842590332003,"1795",-70.457542419433594,4.130876064300540,"3504",,,,,,,,,,,,,,,,,,,,,,,,,,,,,,,,,,,,,,,,,,,,,,,,,./0.png
"0","0",1.218904614448550,2.705260992050170,1.486356377601620,11.650317192077599,1.062148094177250,314.108032226561988,302.457519531250000,1.440638661384580,-65.930000305175795,34.639999389648402,341.260772705078011,304.703704833983977,-104.849998474120994,50.159999847412102,"10","8","1",-32.277683258056598,"1796",-60.531192779541001,4.422837734222411,"1400",,,,,,,,,,,,,,,,,,,,,,,,,,,,,,,,,,,,,,,,,,,,,,,,,./0.png
"0","0",1.191191911697390,2.639976978302000,1.448785066604610,11.680616378784199,1.062148094177250,314.171173095703068,302.490325927733977,1.440638661384580,-65.930000305175795,34.630001068115199,332.183074951171989,304.678497314453011,-104.889999389647997,50.159999847412102,"10","7","1",-32.272945404052699,"1797",-60.532672882080099,4.422837734222411,"1400",,,,,,,,,,,,,,,,,,,,,,,,,,,,,,,,,,,,,,,,,,,,,,,,,./0.png
"0","0",0.000000000000000,0.000000000000000,0.000000000000000,0.000000000000000,1.100024104118350,0.000000000000000,0.000000000000000,3.658205032348630,-69.290000915527301,36.189998626708999,367.000000000000000,309.272155761718977,-106.860000610352003,58.409999847412102,"0","9","1",-31.477203369140600,"1850",-58.175243377685497,16.222360610961900,"837",,,,,,,,,,,,,,,,,,,,,,,,,,,,,,,,,,,,,,,,,,,,,,,,,./0.png
"0","0",0.968694925308228,2.727409362792970,1.758714437484740,8.330500602722170,1.119703412055970,315.247406005859034,306.916900634766023,1.861183762550350,-69.290000915527301,36.180000305175803,336.417602539061988,308.810668945311988,-106.860000610352003,58.399997711181598,"10","8","1",-31.478288650512699,"1850",-58.179470062255902,7.041108131408690,"838",,,,,,,,,,,,,,,,,,,,,,,,,,,,,,,,,,,,,,,,,,,,,,,,,./0.png
"0","0",0.000000000000000,0.000000000000000,0.000000000000000,0.000000000000000,1.100024104118350,0.000000000000000,0.000000000000000,3.658205032348630,-69.299995422363295,36.189998626708999,367.000000000000000,308.227539062499943,-106.899993896484006,58.419998168945298,"0","9","1",-31.470615386962901,"1851",-58.172733306884801,16.222360610961900,"836",,,,,,,,,,,,,,,,,,,,,,,,,,,,,,,,,,,,,,,,,,,,,,,,,./0.png
"0","0",0.842561721801758,2.611634254455570,1.769072532653810,8.372157096862789,1.100024104118350,315.334472656250000,306.962280273438012,3.658205032348630,-69.299995422363295,36.180000305175803,353.200256347656023,315.445098876953011,-106.889999389647997,58.409999847412102,"10","8","1",-31.471715927123999,"1851",-58.177017211914098,16.222360610961900,"837",,,,,,,,,,,,,,,,,,,,,,,,,,,,,,,,,,,,,,,,,,,,,,,,,./0.png
"0","0",0.928069233894348,2.712598800659180,1.784529566764830,8.432627677917480,1.119703412055970,315.470581054688012,307.037963867188012,1.861183762550350,-69.290000915527301,36.180000305175803,347.381958007811988,308.685546875000000,-106.889999389647997,58.399997711181598,"10","8","1",-31.472808837890600,"1851",-58.181266784667997,7.041108131408690,"838",,,,,,,,,,,,,,,,,,,,,,,,,,,,,,,,,,,,,,,,,,,,,,,,,./0.png
"0","0",0.000000000000000,0.000000000000000,0.000000000000000,0.000000000000000,1.174765229225160,0.000000000000000,0.000000000000000,9.225574493408200,-69.299995422363295,36.189998626708999,367.000000000000000,309.437377929688012,-106.239997863770000,58.419998168945298,"0","9","1",-31.475324630737301,"1864",-58.179332733154297,51.053127288818402,"836",,,,,,,,,,,,,,,,,,,,,,,,,,,,,,,,,,,,,,,,,,,,,,,,,./0.png
"0","0",1.125072717666630,2.876944541931150,1.751871824264530,10.778843879699700,1.151412963867190,318.081939697266023,307.303100585938012,10.299582481384300,-69.299995422363295,36.189998626708999,352.464843750000000,308.186584472656023,-106.239997863770000,58.430000305175803,"10","8","1",-31.474260330200199,"1864",-58.175083160400398,58.109931945800803,"835",,,,,,,,,,,,,,,,,,,,,,,,,,,,,,,,,,,,,,,,,,,,,,,,,./0.png
"0","0",0.470914125442505,1.656287312507630,1.185373187065120,11.756354331970201,1.113098859786990,315.156250000000000,303.400115966796989,1.238453507423400,-67.489997863769503,35.189998626708999,335.143585205078011,306.341461181641023,-105.479995727539006,53.860000610351598,"10","7","1",-31.820703506469702,"1864",-59.598251342773402,1.795796394348140,"1206",,,,,,,,,,,,,,,,,,,,,,,,,,,,,,,,,,,,,,,,,,,,,,,,,./0.png
"0","0",0.000000000000000,0.000000000000000,0.000000000000000,0.000000000000000,1.174765229225160,0.000000000000000,0.000000000000000,9.225574493408200,-69.299995422363295,36.189998626708999,367.000000000000000,333.548278808593977,-106.269996643065994,58.419998168945298,"0","9","1",-31.469850540161101,"1865",-58.181156158447301,51.053127288818402,"836",,,,,,,,,,,,,,,,,,,,,,,,,,,,,,,,,,,,,,,,,,,,,,,,,./0.png
"0","2",1.557039022445680,3.190318107604980,1.633279085159300,9.918271064758301,0.912102937698364,317.817565917968977,307.899139404296932,1.016858577728270,-69.430000305175795,36.259998321533203,333.330657958983977,307.001525878906023,-106.329994201660000,58.729999542236293,"10","8","1",-31.444002151489300,"1865",-58.078048706054702,2.033935546875000,"812",,,,,,,,,,,,,,,,,,,,,,,,,,,,,,,,,,,,,,,,,,,,,,,,,./0.png
"0","0",1.074814438819890,2.812467575073240,1.737653136253360,10.686515808105501,1.151412963867190,317.952941894531023,307.266510009766023,10.299582481384300,-69.319999694824205,36.189998626708999,341.723022460938012,306.905059814453011,-106.279998779297003,58.449996948242202,"10","8","1",-31.467706680297901,"1865",-58.172584533691399,58.109931945800803,"834",,,,,,,,,,,,,,,,,,,,,,,,,,,,,,,,,,,,,,,,,,,,,,,,,./0.png
"0","0",1.168823599815370,2.864758968353270,1.695935368537900,10.948880195617701,1.174765229225160,318.102783203125000,307.153930664061988,9.225574493408200,-69.299995422363295,36.180000305175803,350.218994140625000,309.972351074219034,-106.269996643065994,58.409999847412102,"10","8","1",-31.470912933349599,"1865",-58.185405731201200,51.053127288818402,"837",,,,,,,,,,,,,,,,,,,,,,,,,,,,,,,,,,,,,,,,,,,,,,,,,./0.png
"0","0",0.000000000000000,0.000000000000000,0.000000000000000,0.000000000000000,1.151412963867190,0.000000000000000,0.000000000000000,10.299582481384300,-69.309997558593807,36.189998626708999,355.729919433593977,331.966949462891023,-106.269996643065994,58.430000305175803,"0","7","1",-31.468782424926800,"1865",-58.176879882812493,58.109931945800803,"835",,,,,,,,,,,,,,,,,,,,,,,,,,,,,,,,,,,,,,,,,,,,,,,,,./0.png
"0","0",1.099290966987610,2.813265323638920,1.713974356651310,10.630406379699700,1.183762550354000,317.861297607421989,307.230926513671989,21.858100891113299,-69.319999694824205,36.189998626708999,350.817504882811988,308.287597656250000,-106.309997558594006,58.449996948242202,"10","8","1",-31.462234497070298,"1866",-58.174434661865199,131.325119018555000,"834",,,,,,,,,,,,,,,,,,,,,,,,,,,,,,,,,,,,,,,,,,,,,,,,,./0.png
"0","0",1.167566776275630,2.849496126174930,1.681929349899290,10.909572601318400,1.193770527839660,318.017639160156023,307.108001708983977,14.606933593750000,-69.299995422363295,36.180000305175803,354.141784667968977,308.530334472656023,-106.299995422362997,58.409999847412102,"10","8","1",-31.465425491333001,"1866",-58.187179565429702,85.057777404785199,"837",,,,,,,,,,,,,,,,,,,,,,,,,,,,,,,,,,,,,,,,,,,,,,,,,./0.png
"0","0",0.000000000000000,0.000000000000000,0.000000000000000,0.000000000000000,1.183762550354000,0.000000000000000,0.000000000000000,21.858100891113299,-69.319999694824205,36.180000305175803,367.000000000000000,346.997924804688012,-106.309997558594006,58.430000305175803,"0","7","1",-31.463308334350600,"1866",-58.178718566894503,131.325119018555000,"835",,,,,,,,,,,,,,,,,,,,,,,,,,,,,,,,,,,,,,,,,,,,,,,,,./0.png
"0","0",0.000000000000000,0.000000000000000,0.000000000000000,0.000000000000000,1.193770527839660,0.000000000000000,0.000000000000000,14.606933593750000,-69.309997558593807,36.180000305175803,367.000000000000000,328.460662841796989,-106.299995422362997,58.419998168945298,"0","7","1",-31.464368820190401,"1866",-58.182952880859403,85.057777404785199,"836",,,,,,,,,,,,,,,,,,,,,,,,,,,,,,,,,,,,,,,,,,,,,,,,,./0.png
"0","0",0.000000000000000,0.000000000000000,0.000000000000000,0.000000000000000,1.183762550354000,0.000000000000000,0.000000000000000,21.858100891113299,-69.319999694824205,36.180000305175803,367.000000000000000,316.642028808593977,-106.339996337890994,58.430000305175803,"0","9","1",-31.457830429077099,"1867",-58.180526733398402,131.325119018555000,"835",,,,,,,,,,,,,,,,,,,,,,,,,,,,,,,,,,,,,,,,,,,,,,,,,./0.png
"0","0",1.124387621879580,2.833302736282350,1.708915114402770,10.790452957153301,1.193770527839660,317.943054199219034,307.152618408203011,14.606933593750000,-69.319999694824205,36.180000305175803,353.809051513671989,313.127014160156023,-106.339996337890994,58.419998168945298,"10","8","1",-31.458890914916999,"1867",-58.184761047363303,85.057777404785199,"836",,,,,,,,,,,,,,,,,,,,,,,,,,,,,,,,,,,,,,,,,,,,,,,,,./0.png
"0","0",0.000000000000000,0.000000000000000,0.000000000000000,0.000000000000000,1.190737724304200,0.000000000000000,0.000000000000000,2.084396123886110,-69.330001831054702,36.180000305175803,367.000000000000000,308.541229248046989,-106.369995117187997,58.430000305175803,"0","9","1",-31.452358245849599,"1868",-58.182384490966797,17.029775619506800,"835",,,,,,,,,,,,,,,,,,,,,,,,,,,,,,,,,,,,,,,,,,,,,,,,,./0.png
"0","0",0.000000000000000,0.000000000000000,0.000000000000000,0.000000000000000,1.190535664558410,0.000000000000000,0.000000000000000,2.359367847442630,-69.319999694824205,36.180000305175803,367.000000000000000,308.943847656250000,-106.369995117187997,58.419998168945298,"0","9","1",-31.453430175781200,"1868",-58.186649322509801,11.117988586425801,"836",,,,,,,,,,,,,,,,,,,,,,,,,,,,,,,,,,,,,,,,,,,,,,,,,./0.png
"0","0",0.536037802696228,1.981328845024110,1.445291042327880,9.737207412719730,1.251797676086430,319.937072753906023,310.199768066406023,1.392114162445070,-69.659996032714801,36.360000610351598,344.597473144531023,312.519104003906023,-106.540000915527003,59.199996948242202,"10","8","1",-31.381402969360401,"1869",-57.925289154052699,2.815383672714230,"775",,,,,,,,,,,,,,,,,,,,,,,,,,,,,,,,,,,,,,,,,,,,,,,,,./0.png
"0","0",1.121337294578550,2.790995121002200,1.669657826423650,10.884379386901900,1.190535664558410,317.969909667968977,307.085418701171989,2.359367847442630,-69.319999694824205,36.169998168945298,342.213806152343977,307.337219238281023,-106.399993896484006,58.409999847412102,"10","8","1",-31.449035644531200,"1869",-58.192760467529297,11.117988586425801,"837",,,,,,,,,,,,,,,,,,,,,,,,,,,,,,,,,,,,,,,,,,,,,,,,,./0.png
"0","0",1.412837386131290,2.657393693923950,1.244556307792660,9.973901748657230,1.086895585060120,316.403625488281023,306.429840087891023,1.170519351959230,-63.619998931884801,33.209999084472699,330.732666015625000,304.706512451171989,-104.239997863770000,42.209999084472699,"10","7","1",-32.435157775878899,"1872",-62.504570007324197,1.353720903396610,"1753",,,,,,,,,,,,,,,,,,,,,,,,,,,,,,,,,,,,,,,,,,,,,,,,,./0.png
"0","0",1.032891392707820,2.296963453292850,1.264072060585020,12.009569168090801,1.090858459472660,316.406036376953011,304.396362304688012,1.374321937561040,-68.159996032714801,35.500000000000000,337.207550048828011,305.474914550780966,-106.049995422362997,55.479999542236293,"10","8","1",-31.658704757690401,"1873",-59.131099700927699,2.236304521560670,"1072",,,,,,,,,,,,,,,,,,,,,,,,,,,,,,,,,,,,,,,,,,,,,,,,,./0.png
"0","0",1.041958332061770,2.330602645874020,1.288644313812260,12.081679344177200,1.090858459472660,316.483947753906023,304.402160644531023,1.374321937561040,-68.150001525878906,35.500000000000000,336.504669189453011,304.279907226561988,-106.040000915527003,55.469997406005902,"10","8","1",-31.659614562988299,"1873",-59.134807586669901,2.236304521560670,"1073",,,,,,,,,,,,,,,,,,,,,,,,,,,,,,,,,,,,,,,,,,,,,,,,,./0.png
"0","0",0.534344553947449,1.795545697212220,1.261201143264770,9.339773178100589,1.220276117324830,319.837768554688012,310.498077392578011,1.623414039611820,-69.729995727539105,36.360000610351598,353.831237792968977,316.502929687500057,-106.750000000000000,59.299999237060497,"10","8","1",-31.339080810546900,"1875",-57.901473999023402,8.145657539367679,"767",,,,,,,,,,,,,,,,,,,,,,,,,,,,,,,,,,,,,,,,,,,,,,,,,./0.png
"0","0",0.454341411590576,1.759857535362240,1.305516123771670,9.367568969726561,1.219117283821110,319.787750244140966,310.420227050780966,1.464900851249690,-69.729995727539105,36.360000610351598,341.556213378906023,313.348388671875000,-106.750000000000000,59.289997100830099,"10","8","1",-31.340192794799801,"1875",-57.905826568603501,4.957504749298100,"768",,,,,,,,,,,,,,,,,,,,,,,,,,,,,,,,,,,,,,,,,,,,,,,,,./0.png
"0","0",0.000000000000000,0.000000000000000,0.000000000000000,0.000000000000000,1.254883766174320,0.000000000000000,0.000000000000000,3.100174188613890,-69.589996337890597,36.259998321533203,367.000000000000000,315.403564453125000,-106.809997558594006,58.919998168945298,"0","9","1",-31.350530624389599,"1879",-58.039981842041001,36.324127197265597,"797",,,,,,,,,,,,,,,,,,,,,,,,,,,,,,,,,,,,,,,,,,,,,,,,,./0.png
"0","0",0.000000000000000,0.000000000000000,0.000000000000000,0.000000000000000,1.267993807792660,0.000000000000000,0.000000000000000,2.215412139892580,-69.580001831054702,36.250000000000000,367.000000000000000,312.256652832031023,-106.809997558594006,58.909999847412102,"0","9","1",-31.351619720458999,"1879",-58.044239044189503,18.617561340331999,"798",,,,,,,,,,,,,,,,,,,,,,,,,,,,,,,,,,,,,,,,,,,,,,,,,./0.png
"0","0",1.468807458877560,2.673532009124760,1.204724550247190,12.364160537719700,1.259249806404110,319.751922607421989,307.387908935546989,2.988568067550660,-69.599998474121094,36.259998321533203,346.647186279296932,308.470367431641023,-106.849998474120994,58.930000305175803,"10","8","1",-31.343898773193398,"1880",-58.037559509277301,8.510310173034670,"796",,,,,,,,,,,,,,,,,,,,,,,,,,,,,,,,,,,,,,,,,,,,,,,,,./0.png
"0","0",1.347716569900510,2.436479330062870,1.088762760162350,12.468071937561000,1.259249806404110,320.019073486328011,307.551147460938012,2.988568067550660,-69.589996337890597,36.250000000000000,348.332366943358977,310.155578613281023,-106.849998474120994,58.919998168945298,"10","8","1",-31.345001220703100,"1880",-58.041854858398402,8.510310173034670,"797",,,,,,,,,,,,,,,,,,,,,,,,,,,,,,,,,,,,,,,,,,,,,,,,,./0.png
"0","0",1.295401930809020,2.400552749633790,1.105150818824770,12.472446441650400,1.242559432983400,320.087432861328011,307.615264892578011,1.759282350540160,-69.589996337890597,36.250000000000000,347.814727783203011,310.561676025391023,-106.839996337890994,58.909999847412102,"10","8","1",-31.346105575561499,"1880",-58.046138763427699,5.077018260955810,"798",,,,,,,,,,,,,,,,,,,,,,,,,,,,,,,,,,,,,,,,,,,,,,,,,./0.png
"0","0",0.000000000000000,0.000000000000000,0.000000000000000,0.000000000000000,1.259249806404110,0.000000000000000,0.000000000000000,2.988568067550660,-69.599998474121094,36.250000000000000,367.000000000000000,311.623748779296932,-106.879997253417997,58.930000305175803,"0","9","1",-31.338365554809599,"1881",-58.039390563964801,8.510310173034670,"796",,,,,,,,,,,,,,,,,,,,,,,,,,,,,,,,,,,,,,,,,,,,,,,,,./0.png
"0","0",1.272471785545350,2.361959695816040,1.089487910270690,12.516807556152299,1.259249806404110,320.055786132811988,307.539184570311988,2.988568067550660,-69.599998474121094,36.250000000000000,351.216033935546989,311.961822509766023,-106.879997253417997,58.919998168945298,"10","8","1",-31.339475631713899,"1881",-58.043697357177699,8.510310173034670,"797",,,,,,,,,,,,,,,,,,,,,,,,,,,,,,,,,,,,,,,,,,,,,,,,,./0.png
"0","0",1.227409482002260,2.331790447235110,1.104380965232850,12.525626182556200,1.242559432983400,320.125885009766023,307.600463867188012,1.759282350540160,-69.589996337890597,36.250000000000000,341.742950439453011,310.800445556641023,-106.879997253417997,58.909999847412102,"10","8","1",-31.340585708618200,"1881",-58.048007965087898,5.077018260955810,"798",,,,,,,,,,,,,,,,,,,,,,,,,,,,,,,,,,,,,,,,,,,,,,,,,./0.png
"0","0",0.000000000000000,0.000000000000000,0.000000000000000,0.000000000000000,1.278890490531920,0.000000000000000,0.000000000000000,2.606842517852780,-69.610000610351605,36.250000000000000,367.000000000000000,310.120574951171989,-106.909996032715014,58.930000305175803,"0","9","1",-31.332847595214801,"1882",-58.041275024414098,13.070218086242701,"796",,,,,,,,,,,,,,,,,,,,,,,,,,,,,,,,,,,,,,,,,,,,,,,,,./0.png
"0","0",1.258949398994450,2.332530975341800,1.073581576347350,12.583436012268100,1.278890490531920,320.131439208983977,307.548309326171989,2.606842517852780,-69.599998474121094,36.250000000000000,355.221313476561988,311.271484375000000,-106.909996032715014,58.919998168945298,"10","8","1",-31.333961486816399,"1882",-58.045604705810497,13.070218086242701,"797",,,,,,,,,,,,,,,,,,,,,,,,,,,,,,,,,,,,,,,,,,,,,,,,,./0.png
"0","0",0.000000000000000,0.000000000000000,0.000000000000000,0.000000000000000,1.242658853530880,0.000000000000000,0.000000000000000,3.143846035003660,-69.589996337890597,36.259998321533203,367.000000000000000,313.203460693358977,-106.169998168944986,58.939998626708999,"0","9","1",-31.353672027587901,"1892",-58.038173675537102,18.744560241699201,"795",,,,,,,,,,,,,,,,,,,,,,,,,,,,,,,,,,,,,,,,,,,,,,,,,./0.png
"0","0",0.000000000000000,0.000000000000000,0.000000000000000,0.000000000000000,1.266274094581600,0.000000000000000,0.000000000000000,2.493618726730350,-69.589996337890597,36.259998321533203,367.000000000000000,310.915679931641023,-106.159996032715014,58.930000305175803,"0","9","1",-31.354738235473601,"1892",-58.042423248291001,12.080000877380400,"796",,,,,,,,,,,,,,,,,,,,,,,,,,,,,,,,,,,,,,,,,,,,,,,,,./0.png
"0","0",1.192673921585080,2.186138391494750,0.993464469909668,11.463742256164601,1.242658853530880,318.397583007811988,306.933959960938012,3.143846035003660,-69.599998474121094,36.259998321533203,352.263702392578011,308.587524414061988,-106.199996948242003,58.939998626708999,"10","8","1",-31.348154067993200,"1893",-58.040058135986293,18.744560241699201,"795",,,,,,,,,,,,,,,,,,,,,,,,,,,,,,,,,,,,,,,,,,,,,,,,,./0.png
"0","0",1.259840607643130,2.283204078674320,1.023363471031190,11.479785919189499,1.266274094581600,318.436157226561988,306.956481933593977,2.493618726730350,-69.589996337890597,36.259998321533203,348.071472167968977,310.489135742188012,-106.199996948242003,58.930000305175803,"10","8","1",-31.349222183227500,"1893",-58.044319152832003,12.080000877380400,"796",,,,,,,,,,,,,,,,,,,,,,,,,,,,,,,,,,,,,,,,,,,,,,,,,./0.png
"0","0",0.000000000000000,0.000000000000000,0.000000000000000,0.000000000000000,1.203623890876770,0.000000000000000,0.000000000000000,3.514249324798580,-69.610000610351605,36.259998321533203,367.000000000000000,312.100036621093977,-106.229995727539006,58.959999084472699,"0","9","1",-31.341545104980501,"1894",-58.037605285644503,11.390687942504901,"794",,,,,,,,,,,,,,,,,,,,,,,,,,,,,,,,,,,,,,,,,,,,,,,,,./0.png
"0","0",1.220565795898440,2.196112155914310,0.975546300411224,11.301168441772500,1.203623890876770,318.330657958983977,307.029693603516023,3.514249324798580,-69.599998474121094,36.259998321533203,353.188018798828011,310.955841064453011,-106.229995727539006,58.939998626708999,"10","8","1",-31.342632293701200,"1894",-58.041934967041001,11.390687942504901,"795",,,,,,,,,,,,,,,,,,,,,,,,,,,,,,,,,,,,,,,,,,,,,,,,,./0.png
"0","0",1.273503184318540,2.266112327575680,0.992609143257141,11.272673606872599,1.217318296432500,318.318420410156023,307.045898437500057,1.916178107261660,-69.599998474121094,36.250000000000000,345.247009277343977,310.776336669921989,-106.229995727539006,58.930000305175803,"10","8","1",-31.343709945678700,"1894",-58.046237945556598,6.878448963165280,"796",,,,,,,,,,,,,,,,,,,,,,,,,,,,,,,,,,,,,,,,,,,,,,,,,./0.png
"0","0",0.000000000000000,0.000000000000000,0.000000000000000,0.000000000000000,1.203623890876770,0.000000000000000,0.000000000000000,3.514249324798580,-69.610000610351605,36.250000000000000,367.000000000000000,313.432617187500057,-106.259994506835994,58.939998626708999,"0","9","1",-31.337108612060501,"1895",-58.043823242187507,11.390687942504901,"795",,,,,,,,,,,,,,,,,,,,,,,,,,,,,,,,,,,,,,,,,,,,,,,,,./0.png
"0","0",1.222545623779300,2.201208353042600,0.978662669658661,11.230175018310501,1.203623890876770,318.184661865233977,306.954772949219034,3.514249324798580,-69.610000610351605,36.259998321533203,357.474945068358977,308.293060302733977,-106.269996643065994,58.959999084472699,"10","8","1",-31.336019515991200,"1895",-58.039485931396499,11.390687942504901,"794",,,,,,,,,,,,,,,,,,,,,,,,,,,,,,,,,,,,,,,,,,,,,,,,,./0.png
"0","0",1.291400432586670,2.252126216888430,0.960725843906403,11.183869361877401,1.217318296432500,318.202239990233977,307.018554687500057,1.916178107261660,-69.599998474121094,36.250000000000000,346.702697753906023,310.085540771483977,-106.259994506835994,58.930000305175803,"10","8","1",-31.338188171386701,"1895",-58.048126220703097,6.878448963165280,"796",,,,,,,,,,,,,,,,,,,,,,,,,,,,,,,,,,,,,,,,,,,,,,,,,./0.png
"0","0",0.000000000000000,0.000000000000000,0.000000000000000,0.000000000000000,1.182812094688420,0.000000000000000,0.000000000000000,1.977642297744750,-69.610000610351605,36.250000000000000,367.000000000000000,308.856903076171989,-106.299995422362997,58.939998626708999,"0","9","1",-31.331598281860401,"1896",-58.045734405517599,7.836547374725340,"795",,,,,,,,,,,,,,,,,,,,,,,,,,,,,,,,,,,,,,,,,,,,,,,,,./0.png
"0","0",1.234734773635860,2.183386325836180,0.948651492595673,11.131081581115700,1.182812094688420,318.070526123046989,306.939666748046989,1.977642297744750,-69.619995117187500,36.250000000000000,344.125671386718977,308.557556152343977,-106.299995422362997,58.959999084472699,"10","8","1",-31.330505371093800,"1896",-58.041389465332003,7.836547374725340,"794",,,,,,,,,,,,,,,,,,,,,,,,,,,,,,,,,,,,,,,,,,,,,,,,,./0.png
"1","0",0.461072444915771,2.382101297378540,1.921028852462770,13.384917259216300,1.029105186462400,316.072357177733977,302.687713623046989,1.560332298278810,-68.459999084472699,35.569999694824197,353.384582519531023,307.251983642578011,-105.970001220702997,56.059997558593800,"10","8","1",-31.536260604858398,"1901",-58.989200592041001,8.690906524658200,"1025",,,,,,,,,,,,,,,,,,,,,,,,,,,,,,,,,,,,,,,,,,,,,,,,,./0.png
"0","0",0.531116485595703,2.420197248458860,1.889080762863160,13.321826934814499,1.038193941116330,315.965270996093977,302.643676757811988,1.329032421112060,-68.459999084472699,35.569999694824197,342.224945068358977,306.667724609375000,-105.970001220702997,56.049999237060497,"10","8","1",-31.537185668945298,"1901",-58.992980957031200,4.750880241394040,"1026",,,,,,,,,,,,,,,,,,,,,,,,,,,,,,,,,,,,,,,,,,,,,,,,,./0.png
"0","0",0.367719888687134,2.243155241012570,1.875435352325440,13.405940055847200,1.180022001266480,317.730194091796989,304.324340820311988,1.306387782096860,-66.619995117187500,34.569999694824197,333.713287353516023,304.192718505859034,-105.329994201660000,51.110000610351598,"10","8","1",-31.860506057739300,"1904",-60.417667388916001,3.109872579574580,"1359",,,,,,,,,,,,,,,,,,,,,,,,,,,,,,,,,,,,,,,,,,,,,,,,,./0.png
"0","1",1.744129419326780,3.635922908782960,1.891793489456180,10.406517982482899,0.910590052604675,314.127258300780966,303.720825195311988,1.073470473289490,-69.809997558593807,36.259998321533203,333.721923828125000,302.770202636718977,-106.889999389647997,59.199996948242202,"10","8","1",-31.215135574340799,"1913",-57.990062713622997,3.268118381500240,"775",,,,,,,,,,,,,,,,,,,,,,,,,,,,,,,,,,,,,,,,,,,,,,,,,./0.png
"0","0",2.246908664703370,3.870818376541140,1.623909831047060,13.786937713623001,1.187502980232240,320.091979980468977,306.305236816406023,1.660616040229800,-51.299999237060497,28.079999923706101,336.084350585938012,306.269439697266023,82.699996948242202,9.639999389648439,"10","8","1",-33.615192413330099,"1948",-70.651802062988295,2.681479930877690,"3518",,,,,,,,,,,,,,,,,,,,,,,,,,,,,,,,,,,,,,,,,,,,,,,,,./0.png
"0","0",2.316082477569580,3.872965335845950,1.556882977485660,14.077966690063500,1.187502980232240,320.511688232421989,306.433776855468977,1.660616040229800,-51.309997558593800,28.079999923706101,336.690124511718977,304.737335205078011,82.869995117187500,9.639999389648439,"10","8","1",-33.611812591552699,"1949",-70.652488708496094,2.681479930877690,"3518",,,,,,,,,,,,,,,,,,,,,,,,,,,,,,,,,,,,,,,,,,,,,,,,,./0.png
"0","0",-0.128398656845093,2.807684183120730,2.936082839965820,14.462972640991200,0.940230488777161,311.749572753906023,297.286651611328011,1.320945024490360,-66.750000000000000,34.380001068115199,332.471008300780966,302.773040771483977,-105.369995117187997,50.829998016357401,"10","7","1",-31.657316207885700,"1972",-60.578411102294901,9.230294227600099,"1371",,,,,,,,,,,,,,,,,,,,,,,,,,,,,,,,,,,,,,,,,,,,,,,,,./0.png
"0","0",1.440710783004760,4.082057476043701,2.641346693038940,13.763111114501999,0.986935257911682,313.279296875000000,299.516204833983977,1.691348195075990,-66.489997863769503,34.239997863769503,343.135620117188012,304.958465576171989,-105.309997558594006,50.079998016357401,"10","8","1",-31.697677612304702,"1973",-60.774688720703097,16.423110961914102,"1403",,,,,,,,,,,,,,,,,,,,,,,,,,,,,,,,,,,,,,,,,,,,,,,,,./0.png
"0","0",1.268860816955570,3.318465948104860,2.049605131149290,14.126733779907200,1.141309499740600,316.041931152343977,301.915283203125000,1.274038076400760,-67.040000915527301,34.520000457763700,331.610382080078011,301.722534179688012,-105.549995422362997,51.619998931884801,"10","7","1",-31.597944259643601,"1974",-60.368656158447301,3.358712673187260,"1337",,,,,,,,,,,,,,,,,,,,,,,,,,,,,,,,,,,,,,,,,,,,,,,,,./0.png
"0","0",0.120737314224243,2.200119256973270,2.079381942749020,13.891679763793899,1.163240671157840,317.497650146483977,303.605895996093977,1.511807799339290,-70.119995117187500,36.200000762939503,345.576293945311988,304.787750244140966,-106.869995117187997,59.479999542236293,"10","8","1",-30.991762161254901,"1977",-57.979549407958999,7.130489826202390,"753",,,,,,,,,,,,,,,,,,,,,,,,,,,,,,,,,,,,,,,,,,,,,,,,,./0.png
"0","0",0.124345064163208,2.187875509262080,2.063530445098880,13.754445075988800,1.158590435981750,317.391448974608977,303.636932373046989,1.411523938179020,-70.119995117187500,36.200000762939503,354.429382324219034,303.975952148438012,-106.869995117187997,59.469997406005902,"10","8","1",-30.992912292480501,"1977",-57.984016418457003,5.165003776550290,"754",,,,,,,,,,,,,,,,,,,,,,,,,,,,,,,,,,,,,,,,,,,,,,,,,./0.png
"0","0",1.159056901931760,3.322731971740720,2.163675069808960,14.384899139404300,1.129966735839840,315.942169189453011,301.557220458983977,1.380791902542110,-67.069999694824205,34.520000457763700,333.303314208983977,302.627960205078011,-105.669998168944986,51.669998168945298,"10","8","1",-31.580383300781200,"1977",-60.360511779785199,6.363431930541990,"1335",,,,,,,,,,,,,,,,,,,,,,,,,,,,,,,,,,,,,,,,,,,,,,,,,./0.png
"0","0",0.414305806159973,2.217359066009520,1.803053259849550,13.701086044311500,1.165519833564760,317.628204345703068,303.927093505859034,1.523130178451540,-70.129997253417997,36.200000762939503,343.659423828125000,306.819549560546989,-106.899993896484006,59.479999542236293,"10","8","1",-30.986167907714801,"1978",-57.981407165527301,7.315483093261720,"753",,,,,,,,,,,,,,,,,,,,,,,,,,,,,,,,,,,,,,,,,,,,,,,,,./0.png
"0","0",0.410998225212097,2.195792198181150,1.784793972969060,13.572386741638200,1.156991362571720,317.539398193358977,303.967041015625000,1.392114162445070,-70.119995117187500,36.189998626708999,349.368743896483977,305.572418212891023,-106.899993896484006,59.469997406005902,"10","8","1",-30.987308502197301,"1978",-57.985805511474602,4.801301956176760,"754",,,,,,,,,,,,,,,,,,,,,,,,,,,,,,,,,,,,,,,,,,,,,,,,,./0.png
"0","0",1.378462791442870,3.677314996719360,2.298852205276490,14.428934097290000,0.993674755096436,315.556701660156023,301.127960205078011,1.456813454627990,-67.180000305175795,34.559997558593800,337.243804931641023,305.803283691406023,-105.809997558594006,51.930000305175803,"10","8","1",-31.549118041992202,"1980",-60.294780731201200,11.901997566223100,"1324",,,,,,,,,,,,,,,,,,,,,,,,,,,,,,,,,,,,,,,,,,,,,,,,,./0.png
"0","0",1.111634850502010,2.944353818893430,1.832718968391420,14.556763648986800,1.050248026847840,313.372741699219034,298.816131591796989,1.408289074897770,-66.909996032714801,34.450000762939503,342.328277587891023,300.075622558593977,-104.750000000000000,51.270000457763707,"10","8","1",-31.616296768188501,"1986",-60.473560333252003,8.878110885620123,"1352",,,,,,,,,,,,,,,,,,,,,,,,,,,,,,,,,,,,,,,,,,,,,,,,,./0.png
"0","0",2.005512714385990,4.379399776458740,2.373887062072750,13.927773475646999,1.131699919700620,314.292205810546989,300.364593505859034,1.351677179336550,-67.069999694824205,34.520000457763700,331.790130615233977,302.645050048828011,-104.889999389647997,51.689998626708999,"10","7","1",-31.580615997314499,"1988",-60.362724304199197,5.580820560455320,"1334",,,,,,,,,,,,,,,,,,,,,,,,,,,,,,,,,,,,,,,,,,,,,,,,,./0.png
"0","0",1.983422517776490,4.449526309967040,2.466103792190550,13.664342880249000,1.087219119071960,313.942047119140966,300.277770996093977,1.482693195343020,-67.099998474121094,34.529998779296903,331.972412109375000,303.057067871093977,-104.930000305175994,51.739997863769503,"10","7","1",-31.572832107543899,"1989",-60.351497650146499,10.058938026428200,"1332",,,,,,,,,,,,,,,,,,,,,,,,,,,,,,,,,,,,,,,,,,,,,,,,,./0.png
"0","0",1.537709355354310,3.065095663070680,1.527386307716370,11.932060241699199,1.128970384597780,316.407257080078011,304.475372314453011,1.639588832855220,-70.129997253417997,36.200000762939503,353.267791748046989,305.605804443358977,-106.259994506835994,59.500000000000000,"10","8","1",-30.991064071655298,"1991",-57.979831695556598,10.464017868041999,"751",,,,,,,,,,,,,,,,,,,,,,,,,,,,,,,,,,,,,,,,,,,,,,,,,./0.png
"0","0",1.498113036155700,2.976307392120360,1.478194355964660,11.808054924011200,1.129071474075320,316.280914306641023,304.473022460938012,1.461665868759160,-70.129997253417997,36.200000762939503,352.888122558593977,304.308013916016023,-106.250000000000000,59.489997863769503,"10","8","1",-30.992181777954102,"1991",-57.984275817871101,6.803742408752440,"752",,,,,,,,,,,,,,,,,,,,,,,,,,,,,,,,,,,,,,,,,,,,,,,,,./0.png
"1","0",0.800930976867676,4.095884323120120,3.294953346252440,13.921813964843800,1.010820031166080,313.621398925780966,299.699768066406023,1.340354800224300,-67.180000305175795,34.559997558593800,336.587554931641023,306.028259277343977,-105.029998779297003,51.949996948242202,"10","8","1",-31.549804687500000,"1991",-60.296833038330099,8.490519523620613,"1323",,,,,,,,,,,,,,,,,,,,,,,,,,,,,,,,,,,,,,,,,,,,,,,,,./0.png
"0","0",1.550152897834780,3.140117883682250,1.589964985847470,11.762099266052200,1.084963202476500,316.235992431641023,304.474090576171989,1.458430886268620,-70.139999389648395,36.200000762939503,342.996826171875000,306.100372314453011,-106.290000915527003,59.500000000000000,"10","8","1",-30.985471725463899,"1992",-57.981689453125000,7.653409957885740,"751",,,,,,,,,,,,,,,,,,,,,,,,,,,,,,,,,,,,,,,,,,,,,,,,,./0.png
"0","0",1.497140526771550,3.034771680831910,1.537631154060360,11.660925865173301,1.085359096527100,316.138061523438012,304.477294921875000,1.303152799606320,-70.129997253417997,36.200000762939503,335.273132324219034,304.675689697266023,-106.290000915527003,59.489997863769503,"10","8","1",-30.986579895019499,"1992",-57.986099243164098,4.455313205718990,"752",,,,,,,,,,,,,,,,,,,,,,,,,,,,,,,,,,,,,,,,,,,,,,,,,./0.png
"0","0",1.161080837249760,3.551701545715330,2.390620708465580,8.702749252319339,1.288595438003540,318.954742431641023,310.251739501953011,2.215412139892580,-59.000000000000000,30.709999084472699,344.188201904296932,317.297149658203011,-102.059997558594006,23.090000152587901,"10","8","1",-32.719322204589801,"1996",-66.088287353515597,6.344132900238040,"2443",,,,,,,,,,,,,,,,,,,,,,,,,,,,,,,,,,,,,,,,,,,,,,,,,./0.png
"0","0",1.155064821243290,3.485179424285890,2.330114603042600,8.782963752746580,1.288595438003540,319.225311279296932,310.442260742188012,2.215412139892580,-59.009998321533203,30.709999084472699,348.070739746093977,315.978851318358977,-102.139999389647997,23.090000152587901,"10","8","1",-32.715751647949197,"1997",-66.089134216308594,6.344132900238040,"2443",,,,,,,,,,,,,,,,,,,,,,,,,,,,,,,,,,,,,,,,,,,,,,,,,./0.png
"0","0",1.280464410781860,3.584011077880860,2.303546667099000,8.947241783142090,1.246325135231020,319.436035156250000,310.488739013671989,2.008374452590940,-58.989997863769503,30.699998855590799,346.309417724608977,310.996032714843977,-102.279998779297003,22.969999313354499,"10","8","1",-32.711982727050803,"1999",-66.109382629394503,10.406731605529799,"2447",,,,,,,,,,,,,,,,,,,,,,,,,,,,,,,,,,,,,,,,,,,,,,,,,./0.png
"0","0",1.145917177200320,3.376773834228520,2.230856657028200,8.956230163574222,1.296829819679260,320.067504882811988,311.111328125000000,3.582183599472050,-59.029998779296903,30.709999084472699,350.367248535156023,318.000427246093977,-102.360000610352003,23.119998931884801,"10","8","1",-32.704158782958999,"2000",-66.086715698242202,15.643424987793001,"2442",,,,,,,,,,,,,,,,,,,,,,,,,,,,,,,,,,,,,,,,,,,,,,,,,./0.png
"0","0",1.223265171051030,3.467715978622440,2.244450807571410,8.948451995849609,1.284987211227420,319.680999755859034,310.732574462891023,2.191149950027470,-59.000000000000000,30.699998855590799,341.023040771483977,315.603363037108977,-102.349998474120994,23.000000000000000,"10","7","1",-32.707580566406200,"2000",-66.105590820312500,6.187389850616460,"2446",,,,,,,,,,,,,,,,,,,,,,,,,,,,,,,,,,,,,,,,,,,,,,,,,./0.png
"0","0",1.107305765151980,3.293114662170410,2.185808897018430,8.947663307189940,1.296829819679260,320.161865234375000,311.214324951171989,3.582183599472050,-59.029998779296903,30.709999084472699,348.870513916016023,311.009399414061988,-102.430000305175994,23.119998931884801,"10","8","1",-32.700580596923800,"2001",-66.087486267089801,15.643424987793001,"2442",,,,,,,,,,,,,,,,,,,,,,,,,,,,,,,,,,,,,,,,,,,,,,,,,./0.png
"0","0",1.213662862777710,3.580540418624880,2.366877555847170,9.027078628540041,1.284987211227420,320.024261474608977,310.997253417968977,2.191149950027470,-58.989997863769503,30.689998626708999,348.516937255859034,314.274963378906023,-102.419998168944986,22.969999313354499,"10","8","1",-32.704765319824197,"2001",-66.110572814941406,6.187389850616460,"2447",,,,,,,,,,,,,,,,,,,,,,,,,,,,,,,,,,,,,,,,,,,,,,,,,./0.png
"0","0",1.061560153961180,3.231512784957890,2.169952630996700,8.908768653869632,1.293124556541440,320.228271484375000,311.319366455078011,1.851478815078740,-59.029998779296903,30.699998855590799,338.867950439453011,309.648376464843977,-102.509994506835994,23.119998931884801,"10","7","1",-32.696994781494098,"2002",-66.088249206542997,7.643957614898680,"2442",,,,,,,,,,,,,,,,,,,,,,,,,,,,,,,,,,,,,,,,,,,,,,,,,./0.png
"0","0",1.177184343338010,3.582530021667480,2.405345678329470,9.032269477844240,1.330380439758300,320.269622802733977,311.237243652343977,1.940440297126770,-59.000000000000000,30.689998626708999,345.994934082031023,315.242492675780966,-102.500000000000000,22.969999313354499,"10","8","1",-32.701187133789098,"2002",-66.111343383789105,8.331126213073730,"2447",,,,,,,,,,,,,,,,,,,,,,,,,,,,,,,,,,,,,,,,,,,,,,,,,./0.png
"0","0",1.131942987442020,3.404101610183720,2.272158622741700,8.951714515686040,1.334258198738100,320.509735107421989,311.557952880859034,2.040724039077760,-59.029998779296903,30.689998626708999,341.421020507811988,313.771728515625000,-102.649993896484006,23.059999465942401,"10","7","1",-32.691516876220703,"2004",-66.099029541015597,4.829810619354250,"2444",,,,,,,,,,,,,,,,,,,,,,,,,,,,,,,,,,,,,,,,,,,,,,,,,./0.png
"0","0",1.127228260040280,3.651411294937130,2.524183034896850,9.007029533386230,1.383333802223210,320.698303222656023,311.691223144531023,1.966319918632510,-59.009998321533203,30.679998397827099,340.889434814453011,313.737579345703068,-102.639999389647997,22.969999313354499,"10","7","1",-32.694046020507798,"2004",-66.112953186035199,7.961400508880620,"2447",,,,,,,,,,,,,,,,,,,,,,,,,,,,,,,,,,,,,,,,,,,,,,,,,./0.png
"0","0",1.069008827209470,3.347436428070070,2.278427600860600,8.866738319396973,1.334258198738100,320.602905273438012,311.736236572266023,2.040724039077760,-59.029998779296903,30.689998626708999,339.514984130859034,310.230987548828011,-102.720001220702997,23.059999465942401,"10","7","1",-32.687908172607401,"2005",-66.099662780761705,4.829810619354250,"2444",,,,,,,,,,,,,,,,,,,,,,,,,,,,,,,,,,,,,,,,,,,,,,,,,./0.png
"0","0",1.086723327636720,3.149745702743530,2.063022375106810,12.930068969726600,1.054869413375850,312.679565429688012,299.749298095703068,1.878975987434390,-67.379997253417997,34.579998016357401,354.533508300780966,305.914428710938012,-105.619995117187997,52.299999237060497,"10","8","1",-31.453704833984400,"2006",-60.222763061523402,10.812147140502899,"1308",,,,,,,,,,,,,,,,,,,,,,,,,,,,,,,,,,,,,,,,,,,,,,,,,./0.png
"0","0",1.000548601150510,3.208090782165530,2.207542181015010,14.040773391723601,1.003633379936220,312.642425537108977,298.601654052733977,1.159196972846980,-67.010002136230497,34.389999389648402,330.731475830078011,300.952148437500057,-105.470001220702997,51.270000457763707,"10","7","1",-31.519762039184599,"2006",-60.503639221191399,3.857409000396730,"1352",,,,,,,,,,,,,,,,,,,,,,,,,,,,,,,,,,,,,,,,,,,,,,,,,./0.png
"0","0",1.167227506637570,3.653584241867070,2.486356735229490,8.979833602905270,1.394742727279660,321.048309326171989,312.068389892578011,1.809424281120300,-59.020000457763707,30.679998397827099,349.248687744140966,314.687805175780966,-102.790000915527003,23.000000000000000,"10","8","1",-32.686031341552699,"2006",-66.109786987304702,5.662992477416990,"2446",,,,,,,,,,,,,,,,,,,,,,,,,,,,,,,,,,,,,,,,,,,,,,,,,./0.png
"0","0",1.064310312271120,3.133654117584230,2.069343805313110,12.914076805114700,1.054869413375850,312.586456298828011,299.672271728516023,1.878975987434390,-67.389999389648395,34.579998016357401,336.257904052733977,301.412628173828011,-105.649993896484006,52.299999237060497,"10","8","1",-31.448793411254901,"2007",-60.224296569824197,10.812147140502899,"1308",,,,,,,,,,,,,,,,,,,,,,,,,,,,,,,,,,,,,,,,,,,,,,,,,./0.png
"0","0",1.845888853073120,3.417894124984740,1.572005271911620,12.575988769531200,0.995325863361359,312.972229003906023,300.396270751953011,1.319327592849730,-67.430000305175795,34.599998474121101,341.191375732421989,306.202941894531023,-105.699996948242003,52.399997711181598,"10","8","1",-31.437694549560501,"2008",-60.199737548828097,8.546520233154300,"1304",,,,,,,,,,,,,,,,,,,,,,,,,,,,,,,,,,,,,,,,,,,,,,,,,./0.png
"0","0",1.348221778869630,3.719764471054080,2.371542692184450,12.493162155151399,1.336548924446110,321.268859863281023,308.775634765625000,9.448786735534670,-51.329998016357401,27.859998703002901,355.711761474608977,314.322082519531023,82.269996643066406,10.460000038146999,"10","8","1",-33.430580139160199,"2010",-70.823867797851605,46.286052703857401,"3545",,,,,,,,,,,,,,,,,,,,,,,,,,,,,,,,,,,,,,,,,,,,,,,,,./0.png
"0","0",0.000000000000000,0.000000000000000,0.000000000000000,0.000000000000000,1.336548924446110,0.000000000000000,0.000000000000000,9.448786735534670,-51.340000152587898,27.859998703002901,367.000000000000000,328.875396728516023,82.430000305175795,10.460000038146999,"0","9","1",-33.427188873291001,"2011",-70.824554443359403,46.286052703857401,"3545",,,,,,,,,,,,,,,,,,,,,,,,,,,,,,,,,,,,,,,,,,,,,,,,,./0.png
"0","0",0.555712819099426,1.946254014968870,1.390541195869450,11.672541618347200,1.022924184799190,311.546691894531023,299.874084472656023,1.396966695785520,-67.400001525878906,34.590000152587898,340.912475585938012,301.530364990233977,-104.879997253417997,52.329998016357401,"10","8","1",-31.449256896972699,"2018",-60.223957061767599,9.840566635131839,"1307",,,,,,,,,,,,,,,,,,,,,,,,,,,,,,,,,,,,,,,,,,,,,,,,,./0.png
"0","0",0.648128628730774,2.255161046981810,1.607032418251040,12.121175765991200,1.000683784484860,311.714630126953011,299.593383789061988,1.458430886268620,-67.439994812011705,34.599998474121101,341.130645751953011,306.698120117188012,-104.930000305175994,52.430000305175803,"10","8","1",-31.438318252563501,"2019",-60.199333190917997,12.106329917907701,"1303",,,,,,,,,,,,,,,,,,,,,,,,,,,,,,,,,,,,,,,,,,,,,,,,,./0.png
"0","0",1.060781836509700,1.666472554206850,0.605690717697144,15.548981666564901,1.175169587135310,316.646697998046989,301.097686767578011,1.416376471519470,-67.809997558593807,34.719997406005902,332.682037353516023,301.722534179688012,-105.549995422362997,53.259998321533203,"10","8","1",-31.314353942871101,"2033",-59.987449645996101,1.669208049774170,"1256",,,,,,,,,,,,,,,,,,,,,,,,,,,,,,,,,,,,,,,,,,,,,,,,,./0.png
"0","0",1.061882257461550,1.704490303993230,0.642608106136322,15.562323570251500,1.175169587135310,316.611968994140966,301.049652099608977,1.416376471519470,-67.809997558593807,34.719997406005902,331.114379882811988,301.902984619140966,-105.549995422362997,53.250000000000000,"10","7","1",-31.315156936645501,"2033",-59.990821838378899,1.669208049774170,"1257",,,,,,,,,,,,,,,,,,,,,,,,,,,,,,,,,,,,,,,,,,,,,,,,,./0.png
"0","0",1.678671002388000,3.463212251663210,1.784541249275210,12.354901313781699,1.367346525192260,322.253875732421989,309.898803710938012,2.365837812423710,-51.599998474121101,27.840000152587901,345.347106933593977,312.407836914061988,81.860000610351605,9.819999694824221,"10","8","1",-33.323951721191399,"2039",-70.759666442871094,11.335282325744600,"3524",,,,,,,,,,,,,,,,,,,,,,,,,,,,,,,,,,,,,,,,,,,,,,,,,./0.png
"0","0",1.652880430221560,3.499838113784790,1.846957683563230,12.577263832092299,1.357787609100340,322.108825683593977,309.531311035156023,1.722080349922180,-51.699996948242202,27.840000152587901,338.261657714843977,312.235443115233977,83.110000610351605,9.550000190734860,"10","7","1",-33.294895172119098,"2046",-70.725990295410199,4.125383377075200,"3515",,,,,,,,,,,,,,,,,,,,,,,,,,,,,,,,,,,,,,,,,,,,,,,,,./0.png
"0","0",0.623242020606995,1.757088184356690,1.133846163749690,8.748749732971190,1.337193369865420,319.582916259766023,310.833984375000000,3.507779359817500,-59.859996795654297,30.769998550415000,348.360778808593977,318.540344238281023,-103.180000305175994,25.479999542236300,"10","8","1",-32.394748687744098,"2074",-65.793792724609403,15.620182991027800,"2366",,,,,,,,,,,,,,,,,,,,,,,,,,,,,,,,,,,,,,,,,,,,,,,,,./0.png
"0","0",0.624659538269043,1.751923680305480,1.127264142036440,8.737076759338382,1.337193369865420,319.548828125000000,310.811767578125000,3.507779359817500,-59.869998931884801,30.769998550415000,352.001861572266023,312.979248046875000,-103.239997863770000,25.479999542236300,"10","8","1",-32.391071319580099,"2075",-65.794387817382798,15.620182991027800,"2366",,,,,,,,,,,,,,,,,,,,,,,,,,,,,,,,,,,,,,,,,,,,,,,,,./0.png
"0","0",2.431166172027590,3.819950342178340,1.388784289360050,12.894701957702599,1.158590435981750,313.550933837891023,300.656524658203011,1.835304021835330,-68.189994812011705,34.739997863769503,349.616180419921989,301.911560058593977,-105.259994506835994,53.849998474121101,"10","8","1",-31.119216918945298,"2088",-59.886581420898402,3.231471300125120,"1207",,,,,,,,,,,,,,,,,,,,,,,,,,,,,,,,,,,,,,,,,,,,,,,,,./0.png
"0","0",2.333999156951900,3.707240343093870,1.373241066932680,13.101028442382800,1.158590435981750,313.798156738281023,300.697387695311988,1.835304021835330,-68.189994812011705,34.739997863769503,338.607574462891023,301.564819335938012,-105.290000915527003,53.860000610351598,"10","8","1",-31.113349914550799,"2089",-59.884654998779297,3.231471300125120,"1206",,,,,,,,,,,,,,,,,,,,,,,,,,,,,,,,,,,,,,,,,,,,,,,,,./0.png
"0","0",2.380589723587040,3.763953208923340,1.383363485336300,12.933502197265600,1.158590435981750,313.513122558593977,300.579956054688012,1.835304021835330,-68.189994812011705,34.739997863769503,344.015747070311988,302.886718750000000,-105.290000915527003,53.849998474121101,"10","8","1",-31.114162445068398,"2089",-59.888111114502003,3.231471300125120,"1207",,,,,,,,,,,,,,,,,,,,,,,,,,,,,,,,,,,,,,,,,,,,,,,,,./0.png
"0","0",-0.507414817810059,2.423448801040650,2.930863618850710,16.565490722656200,1.002099156379700,314.925933837891023,298.360687255859034,1.183459162712100,-70.610000610351605,36.090000152587898,331.414672851561988,299.787933349608977,-106.379997253417997,59.869998931884801,"10","8","1",-30.632610321044901,"2092",-57.988899230957003,3.810733795166020,"723",,,,,,,,,,,,,,,,,,,,,,,,,,,,,,,,,,,,,,,,,,,,,,,,,./0.png
"0","0",-1.078193187713620,2.604778766632080,3.682971954345700,16.482791900634801,1.057200431823730,318.082916259766023,301.600219726561988,1.430933713912960,-66.110000610351605,33.610000610351598,341.636230468750000,303.611999511718977,-104.599998474120994,47.840000152587898,"10","8","1",-31.459253311157202,"2093",-61.485664367675803,7.780942916870120,"1501",,,,,,,,,,,,,,,,,,,,,,,,,,,,,,,,,,,,,,,,,,,,,,,,,./0.png
"0","2",0.000000000000000,0.000000000000000,0.000000000000000,0.000000000000000,1.035661816596980,0.000000000000000,0.000000000000000,1.833686590194700,-68.279998779296903,34.709999084472699,367.000000000000000,302.727539062499943,-105.720001220702997,53.909999847412102,"0","9","1",-31.049554824829102,"2101",-59.889911651611293,5.732127666473390,"1202",,,,,,,,,,,,,,,,,,,,,,,,,,,,,,,,,,,,,,,,,,,,,,,,,./0.png
"0","1",2.360358476638790,3.532322168350220,1.171963691711430,13.147324562072800,1.035661816596980,313.360351562499943,300.212921142578011,1.833686590194700,-68.269996643066406,34.709999084472699,337.794891357421989,301.960205078125000,-105.709999084472997,53.889999389648402,"10","8","1",-31.050384521484400,"2101",-59.893367767333999,5.732127666473390,"1203",,,,,,,,,,,,,,,,,,,,,,,,,,,,,,,,,,,,,,,,,,,,,,,,,./0.png
"0","0",-0.813167810440063,2.729967355728150,3.543135166168210,17.888492584228501,1.054821968078610,315.567504882811988,297.678924560546989,1.388879299163820,-70.629997253417997,36.029998779296903,339.475372314453011,300.701080322266023,-106.739997863770000,59.779998779296903,"10","8","1",-30.573129653930700,"2104",-58.042900085449197,6.968924045562740,"730",,,,,,,,,,,,,,,,,,,,,,,,,,,,,,,,,,,,,,,,,,,,,,,,,./0.png
"0","0",0.680631637573242,2.963643312454220,2.283011674880980,16.772203445434599,1.097463130950930,315.886901855468977,299.114807128906023,1.387261748313900,-70.639999389648395,36.040000915527301,341.921844482421989,301.021331787108977,-106.129997253417997,59.799999237060497,"10","8","1",-30.573081970214801,"2118",-58.043071746826200,6.056478023529050,"728",,,,,,,,,,,,,,,,,,,,,,,,,,,,,,,,,,,,,,,,,,,,,,,,,./0.png
"0","0",0.000000000000000,0.000000000000000,0.000000000000000,0.000000000000000,0.896429657936096,0.000000000000000,0.000000000000000,2.019696950912480,-72.330001831054702,37.029998779296903,367.000000000000000,300.666412353516023,-106.989997863770000,63.529998779296903,"0","9","1",-30.187992095947301,"2123",-56.673931121826200,30.891263961791999,"449",,,,,,,,,,,,,,,,,,,,,,,,,,,,,,,,,,,,,,,,,,,,,,,,,./0.png
"0","0",0.340440034866333,3.811131715774540,3.470691680908200,17.937051773071300,0.906575918197632,314.192047119140966,296.254913330078011,2.860786914825440,-72.339996337890597,37.029998779296903,354.843048095703068,302.323059082031023,-107.019996643065994,63.529998779296903,"10","8","1",-30.181961059570298,"2124",-56.676212310791001,53.743259429931598,"449",,,,,,,,,,,,,,,,,,,,,,,,,,,,,,,,,,,,,,,,,,,,,,,,,./0.png
"0","0",0.000000000000000,0.000000000000000,0.000000000000000,0.000000000000000,0.916817307472229,0.000000000000000,0.000000000000000,1.833686590194700,-69.349998474121094,35.189998626708999,367.000000000000000,301.564819335938012,-106.059997558594006,56.449996948242202,"0","9","1",-30.764909744262699,"2133",-59.170326232910199,15.374100685119600,"993",,,,,,,,,,,,,,,,,,,,,,,,,,,,,,,,,,,,,,,,,,,,,,,,,./0.png
"0","0",-0.239212751388550,2.543005704879760,2.782218456268310,13.426949501037599,0.929360508918762,312.243377685546989,298.816436767578011,1.498867988586430,-69.349998474121094,35.189998626708999,353.571868896483977,300.703979492188012,-106.059997558594006,56.439998626708999,"10","8","1",-30.765855789184599,"2133",-59.174156188964801,9.534721374511721,"994",,,,,,,,,,,,,,,,,,,,,,,,,,,,,,,,,,,,,,,,,,,,,,,,,./0.png
"0","0",0.589396476745605,3.499713420867920,2.910316944122310,17.086051940918001,1.231377005577090,317.308013916016023,300.221923828125000,1.447108626365660,-68.180000305175795,34.529998779296903,332.101684570311988,302.046020507811988,-105.639999389647997,53.349998474121101,"10","8","1",-30.981994628906200,"2134",-60.089450836181598,3.002170324325560,"1248",,,,,,,,,,,,,,,,,,,,,,,,,,,,,,,,,,,,,,,,,,,,,,,,,./0.png
"0","0",0.000000000000000,0.000000000000000,0.000000000000000,0.000000000000000,0.953675746917725,0.000000000000000,0.000000000000000,1.613709092140200,-70.599998474121094,35.899997711181598,367.000000000000000,302.425720214843977,-106.619995117187997,59.479999542236293,"0","9","1",-30.506072998046900,"2135",-58.186450958252003,13.502021789550801,"753",,,,,,,,,,,,,,,,,,,,,,,,,,,,,,,,,,,,,,,,,,,,,,,,,./0.png
"2","0",0.603850364685059,3.742525577545170,3.138675212860110,17.186639785766602,0.813056111335754,315.590209960938012,298.403564453125000,1.105820059776310,-70.619995117187500,35.909999847412102,334.918548583983977,302.157470703125000,-106.629997253417997,59.529998779296903,"10","8","1",-30.501552581787099,"2135",-58.168785095214801,6.010211467742920,"749",,,,,,,,,,,,,,,,,,,,,,,,,,,,,,,,,,,,,,,,,,,,,,,,,./0.png
"0","0",0.408420562744141,3.582370281219480,3.173949718475340,16.837547302246101,0.899155855178833,315.307037353516023,298.469451904296932,1.295065402984620,-70.610000610351605,35.899997711181598,331.810699462891023,302.066040039061988,-106.629997253417997,59.500000000000000,"10","7","1",-30.503816604614300,"2135",-58.177631378173800,8.113307952880859,"751",,,,,,,,,,,,,,,,,,,,,,,,,,,,,,,,,,,,,,,,,,,,,,,,,./0.png
"2","0",0.468068599700928,2.790613412857060,2.322544813156130,16.598695755004901,1.139059305191040,318.649017333983977,302.050231933593977,1.322562575340270,-67.869995117187500,34.360000610351598,338.589660644531023,300.960815429688012,-105.549995422362997,52.489997863769503,"10","8","1",-31.034139633178700,"2135",-60.331729888916001,4.866063594818120,"1300",,,,,,,,,,,,,,,,,,,,,,,,,,,,,,,,,,,,,,,,,,,,,,,,,./0.png
"0","0",0.506887674331665,3.654929161071780,3.148041486740110,17.489665985107401,0.998706817626953,315.968811035156023,298.479217529296932,1.673555970191960,-70.629997253417997,35.909999847412102,342.220642089843977,302.280242919921989,-106.669998168944986,59.539997100830099,"10","8","1",-30.494796752929702,"2136",-58.166122436523402,6.927058696746830,"748",,,,,,,,,,,,,,,,,,,,,,,,,,,,,,,,,,,,,,,,,,,,,,,,,./0.png
"0","0",0.371834516525269,3.616541385650630,3.244706869125370,17.477584838867202,0.998706817626953,315.816009521483977,298.338500976561988,1.673555970191960,-70.629997253417997,35.909999847412102,351.234954833983977,303.139312744140966,-106.669998168944986,59.529998779296903,"10","8","1",-30.495937347412099,"2136",-58.170581817627003,6.927058696746830,"749",,,,,,,,,,,,,,,,,,,,,,,,,,,,,,,,,,,,,,,,,,,,,,,,,./0.png
"0","0",-0.039941549301148,3.427700042724610,3.467641592025760,17.228460311889599,1.011711955070500,315.681152343750000,298.452667236328011,1.343589782714840,-70.619995117187500,35.889999389648402,331.876831054688012,301.277526855468977,-106.689994812012003,59.489997863769503,"10","8","1",-30.493745803833001,"2137",-58.185672760009801,6.789083957672120,"752",,,,,,,,,,,,,,,,,,,,,,,,,,,,,,,,,,,,,,,,,,,,,,,,,./0.png
"0","0",0.764317512512207,3.683276414871220,2.918958902359010,17.619606018066399,1.035864114761350,316.580444335938012,298.960815429688012,1.841773986816410,-70.639999389648395,35.899997711181598,339.117156982421989,303.775756835938012,-106.729995727539006,59.539997100830099,"10","8","1",-30.483572006225600,"2138",-58.169708251953097,5.514896869659420,"748",,,,,,,,,,,,,,,,,,,,,,,,,,,,,,,,,,,,,,,,,,,,,,,,,./0.png
"0","0",1.232178926467900,3.862448453903200,2.630269527435300,17.688140869140600,1.035864114761350,317.032135009766023,299.343902587891023,1.841773986816410,-70.650001525878906,35.899997711181598,351.139495849608977,300.516082763671989,-106.759994506835994,59.539997100830099,"10","8","1",-30.477966308593800,"2139",-58.171546936035199,5.514896869659420,"748",,,,,,,,,,,,,,,,,,,,,,,,,,,,,,,,,,,,,,,,,,,,,,,,,./0.png
"0","0",1.013636112213130,3.753428459167480,2.739792346954350,17.653537750244102,1.035864114761350,316.869781494140966,299.216186523438012,1.841773986816410,-70.639999389648395,35.899997711181598,340.326721191406023,303.320648193358977,-106.759994506835994,59.529998779296903,"10","8","1",-30.479110717773398,"2139",-58.175979614257798,5.514896869659420,"749",,,,,,,,,,,,,,,,,,,,,,,,,,,,,,,,,,,,,,,,,,,,,,,,,./0.png
"0","0",0.596666336059570,3.525603055953980,2.928936719894410,17.414169311523398,1.049683928489690,316.558135986328011,299.143951416016023,1.531217575073240,-70.629997253417997,35.889999389648402,332.793212890625000,303.275360107421989,-106.759994506835994,59.500000000000000,"10","7","1",-30.481389999389599,"2139",-58.184825897216797,9.867987632751460,"751",,,,,,,,,,,,,,,,,,,,,,,,,,,,,,,,,,,,,,,,,,,,,,,,,./0.png
"0","0",0.664516687393188,3.553339719772340,2.888823032379150,17.112749099731399,1.053791165351870,316.357147216796989,299.244354248046989,1.545774936676030,-70.629997253417997,35.889999389648402,346.353118896483977,303.866027832031023,-106.759994506835994,59.489997863769503,"10","8","1",-30.482530593872099,"2139",-58.189258575439503,5.032151699066160,"752",,,,,,,,,,,,,,,,,,,,,,,,,,,,,,,,,,,,,,,,,,,,,,,,,./0.png
"0","0",0.734251022338867,3.602699041366580,2.868448019027710,16.836557388305700,1.053791165351870,316.198028564453011,299.361419677733977,1.545774936676030,-70.619995117187500,35.889999389648402,341.120086669921989,302.043151855468977,-106.750000000000000,59.479999542236293,"10","8","1",-30.483673095703100,"2139",-58.193691253662102,5.032151699066160,"753",,,,,,,,,,,,,,,,,,,,,,,,,,,,,,,,,,,,,,,,,,,,,,,,,./0.png
"0","0",0.938812494277954,3.197708845138550,2.258896350860600,16.173255920410199,1.198286175727840,318.163513183593977,301.990203857421989,1.451961040496830,-67.879997253417997,34.369998931884801,333.470275878906023,300.960815429688012,-104.779998779297003,52.520000457763707,"10","8","1",-31.035009384155298,"2146",-60.331607818603501,6.744666099548340,"1299",,,,,,,,,,,,,,,,,,,,,,,,,,,,,,,,,,,,,,,,,,,,,,,,,./0.png
"0","0",1.700668931007390,3.044937133789060,1.344268202781680,16.198715209960898,1.110767602920530,317.360595703125000,301.161834716796989,1.527982592582700,-70.599998474121094,35.909999847412102,340.512542724608977,300.243865966796989,-105.979995727539006,59.489997863769503,"10","8","1",-30.511053085327099,"2148",-58.186996459960902,4.267395019531250,"752",,,,,,,,,,,,,,,,,,,,,,,,,,,,,,,,,,,,,,,,,,,,,,,,,./0.png
"2","0",1.488353610038760,3.242797851562500,1.754444241523740,16.876232147216800,1.050452351570130,317.303649902343977,300.427581787108977,1.176989197731020,-70.629997253417997,35.919998168945298,340.038482666016023,301.645141601561988,-106.019996643065994,59.559997558593800,"10","8","1",-30.499919891357401,"2149",-58.166641235351598,2.602318048477170,"747",,,,,,,,,,,,,,,,,,,,,,,,,,,,,,,,,,,,,,,,,,,,,,,,,./0.png
"1","0",1.467158794403080,3.124940156936650,1.657781362533570,16.642715454101602,1.105629801750180,317.173645019531023,300.531127929688012,1.442256093025210,-70.629997253417997,35.919998168945298,332.313842773438012,303.034362792968977,-106.019996643065994,59.539997100830099,"10","7","1",-30.501035690307599,"2149",-58.171108245849602,6.910670757293700,"748",,,,,,,,,,,,,,,,,,,,,,,,,,,,,,,,,,,,,,,,,,,,,,,,,./0.png
"0","0",1.364601254463200,2.937099933624270,1.572498679161070,16.311389923095700,1.099920988082890,317.075195312499943,300.763946533203011,1.582976937294010,-70.610000610351605,35.909999847412102,332.265411376953011,300.011749267578011,-106.019996643065994,59.520000457763707,"10","8","1",-30.503246307373001,"2149",-58.179973602294901,9.899184226989750,"750",,,,,,,,,,,,,,,,,,,,,,,,,,,,,,,,,,,,,,,,,,,,,,,,,./0.png
"0","0",1.334360599517820,2.863565206527710,1.529204607009890,16.011280059814499,1.110767602920530,317.023315429688012,301.012145996093977,1.527982592582700,-70.599998474121094,35.899997711181598,350.630462646483977,300.868530273438012,-106.009994506835994,59.489997863769503,"10","8","1",-30.505458831787099,"2149",-58.188838958740199,4.267395019531250,"752",,,,,,,,,,,,,,,,,,,,,,,,,,,,,,,,,,,,,,,,,,,,,,,,,./0.png
"0","0",1.121690034866330,3.166764974594120,2.045074939727780,16.743906021118200,1.099938273429870,316.951782226561988,300.207946777343977,1.500485420227050,-70.639999389648395,35.919998168945298,349.932037353516023,299.263183593750000,-106.059997558594006,59.559997558593800,"10","8","1",-30.494316101074201,"2150",-58.168460845947301,8.237530708312990,"747",,,,,,,,,,,,,,,,,,,,,,,,,,,,,,,,,,,,,,,,,,,,,,,,,./0.png
"0","0",1.120615243911740,3.024696350097660,1.904081106185910,16.489475250244102,1.098631381988530,316.872711181641023,300.383392333983977,1.372704505920410,-70.629997253417997,35.909999847412102,334.856842041016023,298.621856689453011,-106.049995422362997,59.539997100830099,"10","8","1",-30.495424270629901,"2150",-58.172912597656200,5.626503944396970,"748",,,,,,,,,,,,,,,,,,,,,,,,,,,,,,,,,,,,,,,,,,,,,,,,,./0.png
"0","0",1.077028274536130,2.792029857635500,1.715001583099370,15.804368019104000,1.107437610626220,316.668273925780966,300.863952636718977,1.384026765823360,-70.619995117187500,35.899997711181598,330.897094726561988,300.741516113281023,-106.079994201660000,59.500000000000000,"10","8","1",-30.493164062500000,"2151",-58.188095092773402,5.668094635009770,"751",,,,,,,,,,,,,,,,,,,,,,,,,,,,,,,,,,,,,,,,,,,,,,,,,./0.png
"0","0",0.000000000000000,0.000000000000000,0.000000000000000,0.000000000000000,1.077716350555420,0.000000000000000,0.000000000000000,1.814276814460750,-70.650001525878906,35.909999847412102,367.000000000000000,304.032287597656023,-106.119995117187997,59.559997558593800,"0","9","1",-30.483093261718800,"2152",-58.172065734863303,15.147877693176300,"747",,,,,,,,,,,,,,,,,,,,,,,,,,,,,,,,,,,,,,,,,,,,,,,,,./0.png
"0","0",1.046905994415280,3.111837148666380,2.064931154251100,16.046741485595700,1.068733572959900,316.361816406250000,300.315002441406023,1.655763626098630,-70.650001525878906,35.899997711181598,337.496582031250000,302.157470703125000,-106.149993896484006,59.539997100830099,"10","8","1",-30.478612899780298,"2153",-58.178382873535199,12.051260948181200,"748",,,,,,,,,,,,,,,,,,,,,,,,,,,,,,,,,,,,,,,,,,,,,,,,,./0.png
"0","0",1.077462077140810,2.988636016845700,1.911173939704900,15.745637893676800,1.084561705589290,316.335327148438012,300.589660644531023,1.772222280502320,-70.639999389648395,35.899997711181598,342.479766845703068,302.815704345703068,-106.149993896484006,59.520000457763707,"10","8","1",-30.480838775634801,"2153",-58.187255859375000,7.046055793762210,"750",,,,,,,,,,,,,,,,,,,,,,,,,,,,,,,,,,,,,,,,,,,,,,,,,./0.png
"0","0",1.128713846206670,2.925787448883060,1.797073602676390,15.549737930297900,1.084561705589290,316.330352783203011,300.780639648438012,1.772222280502320,-70.629997253417997,35.889999389648402,356.067077636718977,303.439544677733977,-106.139999389647997,59.500000000000000,"10","8","1",-30.481952667236300,"2153",-58.191703796386697,7.046055793762210,"751",,,,,,,,,,,,,,,,,,,,,,,,,,,,,,,,,,,,,,,,,,,,,,,,,./0.png
"0","0",0.154192924499512,3.020354747772220,2.866161823272710,16.842588424682599,0.927970886230469,315.595794677733977,298.753112792968977,1.291830420494080,-70.750000000000000,35.930000305175803,331.368469238281023,301.943054199219034,-106.339996337890994,59.719997406005902,"10","7","1",-30.434883117675799,"2158",-58.125415802002003,3.781748533248900,"734",,,,,,,,,,,,,,,,,,,,,,,,,,,,,,,,,,,,,,,,,,,,,,,,,./0.png
"1","0",0.018746614456177,2.831055402755740,2.812308788299560,16.754413604736300,0.927970886230469,315.549804687500057,298.795318603516023,1.291830420494080,-70.760002136230497,35.930000305175803,330.016510009766023,300.081420898438012,-106.379997253417997,59.719997406005902,"10","7","1",-30.429271697998001,"2159",-58.127292633056598,3.781748533248900,"734",,,,,,,,,,,,,,,,,,,,,,,,,,,,,,,,,,,,,,,,,,,,,,,,,./0.png
"2","0",0.000000000000000,0.000000000000000,0.000000000000000,0.000000000000000,1.044598340988160,0.000000000000000,0.000000000000000,1.529600143432620,-68.239997863769503,34.459999084472699,367.000000000000000,301.567687988281023,-105.529998779297003,53.270000457763707,"0","9","1",-30.896614074706999,"2164",-60.148681640625000,6.721809387207030,"1255",,,,,,,,,,,,,,,,,,,,,,,,,,,,,,,,,,,,,,,,,,,,,,,,,./0.png
"1","0",-0.069435119628906,2.952091217041020,3.021526336669920,16.942064285278299,0.993910551071167,315.609405517578011,298.667327880859034,1.191546559333800,-68.239997863769503,34.459999084472699,335.819396972656023,300.975219726561988,-105.529998779297003,53.259998321533203,"10","8","1",-30.897409439086900,"2164",-60.152042388916001,2.735374689102170,"1256",,,,,,,,,,,,,,,,,,,,,,,,,,,,,,,,,,,,,,,,,,,,,,,,,./0.png
"0","0",-0.237371683120728,2.231241941452030,2.468613624572750,12.880336761474600,0.985924303531647,315.313659667968977,302.433532714843977,1.199633955955510,-69.989997863769503,35.439998626708999,335.685638427733977,304.695312500000000,-106.250000000000000,57.789997100830099,"10","8","1",-30.559453964233398,"2165",-58.786712646484403,3.899891138076780,"886",,,,,,,,,,,,,,,,,,,,,,,,,,,,,,,,,,,,,,,,,,,,,,,,,./0.png
"0","0",1.420953989028930,2.153717517852780,0.732763469219208,10.380368232727101,0.946740806102753,308.893432617188012,298.513061523438012,1.267568230628970,-68.489997863769503,34.590000152587898,349.817199707031023,300.738616943358977,-105.659996032715014,53.930000305175803,"10","8","1",-30.846937179565401,"2165",-59.962680816650398,4.615387916564940,"1200",,,,,,,,,,,,,,,,,,,,,,,,,,,,,,,,,,,,,,,,,,,,,,,,,./0.png
"0","0",0.000000000000000,0.000000000000000,0.000000000000000,0.000000000000000,0.982701241970062,0.000000000000000,0.000000000000000,5.608887195587160,-68.199996948242202,34.419998168945298,367.000000000000000,299.785003662108977,-105.579994201660000,53.119998931884801,"0","9","1",-30.896968841552699,"2166",-60.195331573486293,15.877223968505900,"1268",,,,,,,,,,,,,,,,,,,,,,,,,,,,,,,,,,,,,,,,,,,,,,,,,./0.png
"0","0",-0.519079923629761,3.175917387008670,3.694997310638430,18.138263702392599,0.982701241970062,315.713134765625000,297.575012207031023,5.608887195587160,-68.189994812011705,34.419998168945298,353.267791748046989,302.140319824219034,-105.569999694824006,53.110000610351598,"10","8","1",-30.897764205932599,"2166",-60.198677062988303,15.877223968505900,"1269",,,,,,,,,,,,,,,,,,,,,,,,,,,,,,,,,,,,,,,,,,,,,,,,,./0.png
"0","0",0.000000000000000,0.000000000000000,0.000000000000000,0.000000000000000,0.982701241970062,0.000000000000000,0.000000000000000,5.608887195587160,-68.199996948242202,34.419998168945298,367.000000000000000,305.580749511718977,-105.610000610352003,53.119998931884801,"0","9","1",-30.891988754272500,"2167",-60.196876525878899,15.877223968505900,"1268",,,,,,,,,,,,,,,,,,,,,,,,,,,,,,,,,,,,,,,,,,,,,,,,,./0.png
"0","0",-0.607722282409668,3.162114143371580,3.769836425781250,18.292863845825199,1.002660751342770,315.903594970703068,297.610809326171989,2.055281400680540,-68.209999084472699,34.419998168945298,334.193298339843977,301.280426025391023,-105.610000610352003,53.129997253417997,"10","8","1",-30.891193389892599,"2167",-60.193534851074197,14.470111846923800,"1267",,,,,,,,,,,,,,,,,,,,,,,,,,,,,,,,,,,,,,,,,,,,,,,,,./0.png
"0","0",-0.497460603713989,3.207240819931030,3.704701423645020,18.066112518310501,0.982701241970062,315.635894775391023,297.569824218750000,5.608887195587160,-68.199996948242202,34.419998168945298,355.461181640625000,304.664489746093977,-105.610000610352003,53.110000610351598,"10","8","1",-30.892782211303700,"2167",-60.200222015380902,15.877223968505900,"1269",,,,,,,,,,,,,,,,,,,,,,,,,,,,,,,,,,,,,,,,,,,,,,,,,./0.png
"0","0",-0.697741270065308,3.294953107833860,3.992694377899170,18.651247024536101,1.014992237091060,316.163055419921989,297.511932373046989,2.014844417572020,-68.220001220703097,34.419998168945298,345.853820800780966,304.226470947266023,-105.649993896484006,53.139999389648402,"10","8","1",-30.885416030883800,"2168",-60.191730499267599,3.436179161071780,"1266",,,,,,,,,,,,,,,,,,,,,,,,,,,,,,,,,,,,,,,,,,,,,,,,,./0.png
"1","0",-0.666091680526733,3.205856561660770,3.871948242187500,18.490406036376999,1.014992237091060,316.047271728516023,297.556976318358977,2.014844417572020,-68.209999084472699,34.419998168945298,341.142089843750000,301.078948974608977,-105.649993896484006,53.129997253417997,"10","8","1",-30.886211395263700,"2168",-60.195079803466797,3.436179161071780,"1267",,,,,,,,,,,,,,,,,,,,,,,,,,,,,,,,,,,,,,,,,,,,,,,,,./0.png
"0","0",-0.702583551406860,3.174235820770260,3.876819372177120,18.809059143066399,1.014992237091060,316.364959716796989,297.555999755859034,2.014844417572020,-68.220001220703097,34.419998168945298,338.787292480468977,304.234924316406023,-105.680000305175994,53.139999389648402,"10","8","1",-30.880432128906200,"2169",-60.193275451660199,3.436179161071780,"1266",,,,,,,,,,,,,,,,,,,,,,,,,,,,,,,,,,,,,,,,,,,,,,,,,./0.png
"2","0",-0.673209667205811,3.078251838684080,3.751461505889890,18.635784149169901,1.014992237091060,316.250610351561988,297.614929199219034,2.014844417572020,-68.220001220703097,34.419998168945298,343.001831054688012,301.662353515625000,-105.680000305175994,53.129997253417997,"10","8","1",-30.881227493286101,"2169",-60.196617126464801,3.436179161071780,"1267",,,,,,,,,,,,,,,,,,,,,,,,,,,,,,,,,,,,,,,,,,,,,,,,,./0.png
"2","0",-0.859682083129883,3.378645420074460,4.238327503204350,18.636114120483398,0.975410640239716,317.222229003906023,298.586151123046989,1.194781541824340,-68.209999084472699,34.399997711181598,337.120178222656023,302.100311279296932,-105.750000000000000,53.090000152587898,"10","8","1",-30.874456405639599,"2171",-60.213062286377003,3.007479190826420,"1271",,,,,,,,,,,,,,,,,,,,,,,,,,,,,,,,,,,,,,,,,,,,,,,,,./0.png
"1","0",0.295654773712158,3.648352146148680,3.352697372436520,18.042337417602500,1.044240236282350,317.158966064453011,299.116607666016023,1.545774936676030,-68.220001220703097,34.430000305175803,352.510070800780966,304.709320068358977,-104.919998168944986,53.159999847412102,"10","8","1",-30.883403778076200,"2180",-60.194595336914098,3.451913356781010,"1264",,,,,,,,,,,,,,,,,,,,,,,,,,,,,,,,,,,,,,,,,,,,,,,,,./0.png
"1","0",0.062315940856934,3.381647825241090,3.319331884384160,18.128177642822301,1.044240236282350,317.461791992188012,299.333679199219034,1.545774936676030,-68.229995727539105,34.419998168945298,344.858306884766023,304.184295654296932,-104.949996948242003,53.159999847412102,"10","8","1",-30.878423690795898,"2181",-60.196144104003899,3.451913356781010,"1264",,,,,,,,,,,,,,,,,,,,,,,,,,,,,,,,,,,,,,,,,,,,,,,,,./0.png
"0","0",1.869153261184690,3.019355773925780,1.150202512741090,11.831149101257299,1.034225225448610,311.448059082031023,299.616790771483977,1.274038076400760,-68.680000305175795,34.619998931884801,335.259674072266023,300.960815429688012,-105.389999389647997,54.270000457763707,"10","8","1",-30.764322280883800,"2189",-59.893402099609403,3.518626451492310,"1172",,,,,,,,,,,,,,,,,,,,,,,,,,,,,,,,,,,,,,,,,,,,,,,,,./0.png
"0","0",1.725020408630370,2.821084499359130,1.096064090728760,12.048856735229499,1.052728533744810,311.541534423828011,299.492523193358977,1.198016524314880,-68.650001525878906,34.610000610351598,332.668670654296932,301.968811035156023,-105.389999389647997,54.209999084472699,"10","8","1",-30.768461227416999,"2189",-59.910881042480497,2.125689029693600,"1177",,,,,,,,,,,,,,,,,,,,,,,,,,,,,,,,,,,,,,,,,,,,,,,,,./0.png
"0","0",1.779981732368470,2.888713836669920,1.108732104301450,11.704140663146999,1.052102684974670,311.313049316406023,299.608673095703068,2.009991884231570,-68.680000305175795,34.619998931884801,354.593231201171989,303.580902099608977,-105.430000305175994,54.270000457763707,"10","8","1",-30.759248733520501,"2190",-59.895008087158203,4.684839725494380,"1172",,,,,,,,,,,,,,,,,,,,,,,,,,,,,,,,,,,,,,,,,,,,,,,,,./0.png
"0","0",1.758023619651790,2.839224815368650,1.081201195716860,11.750173568725600,1.052102684974670,311.365356445311988,299.614990234375000,2.009991884231570,-68.680000305175795,34.619998931884801,342.018280029296932,302.311645507811988,-105.430000305175994,54.250000000000000,"10","8","1",-30.760074615478501,"2190",-59.898490905761697,4.684839725494380,"1173",,,,,,,,,,,,,,,,,,,,,,,,,,,,,,,,,,,,,,,,,,,,,,,,,./0.png
"0","0",1.782913684844970,2.836385488510130,1.053471803665160,11.646738052368200,1.027453064918520,311.342620849608977,299.695739746093977,1.579742074012760,-68.689994812011705,34.619998931884801,335.886566162108977,303.082611083983977,-105.470001220702997,54.279998779296903,"10","8","1",-30.753335952758800,"2191",-59.893100738525398,8.114899635314940,"1171",,,,,,,,,,,,,,,,,,,,,,,,,,,,,,,,,,,,,,,,,,,,,,,,,./0.png
"0","0",1.790082693099980,2.829964160919190,1.039881467819210,11.690159797668500,1.052102684974670,311.389739990233977,299.699432373046989,2.009991884231570,-68.689994812011705,34.619998931884801,348.127899169921989,304.142089843750000,-105.459999084472997,54.270000457763707,"10","8","1",-30.754169464111300,"2191",-59.896598815917997,4.684839725494380,"1172",,,,,,,,,,,,,,,,,,,,,,,,,,,,,,,,,,,,,,,,,,,,,,,,,./0.png
"0","0",1.786078095436100,2.742969274520870,0.956891179084778,11.688145637512200,1.059168577194210,311.465484619140966,299.777191162108977,1.678408384323120,-68.689994812011705,34.610000610351598,345.422607421875000,302.986114501953011,-105.500000000000000,54.250000000000000,"10","8","1",-30.749917984008800,"2192",-59.901672363281200,4.542862415313720,"1173",,,,,,,,,,,,,,,,,,,,,,,,,,,,,,,,,,,,,,,,,,,,,,,,,./0.png
"0","0",1.740026354789730,2.697237253189090,0.957210898399353,11.669613838195801,1.060700774192810,311.410614013671989,299.740844726561988,1.468135833740230,-68.680000305175795,34.610000610351598,334.103576660156023,302.425720214843977,-105.500000000000000,54.239997863769503,"10","8","1",-30.750751495361300,"2192",-59.905170440673800,2.984786748886110,"1174",,,,,,,,,,,,,,,,,,,,,,,,,,,,,,,,,,,,,,,,,,,,,,,,,./0.png
"0","0",1.703078150749210,2.593195199966430,0.890117049217224,11.631156921386699,1.059168577194210,311.481140136718977,299.849853515625000,1.678408384323120,-68.689994812011705,34.610000610351598,346.610656738281023,303.414062500000000,-105.529998779297003,54.250000000000000,"10","8","1",-30.744842529296900,"2193",-59.903259277343800,4.542862415313720,"1173",,,,,,,,,,,,,,,,,,,,,,,,,,,,,,,,,,,,,,,,,,,,,,,,,./0.png
"0","0",1.673041224479680,2.566448211669920,0.893406987190247,11.616703033447299,1.060700774192810,311.422088623046989,299.805267333983977,1.468135833740230,-68.689994812011705,34.610000610351598,330.316894531250000,302.898101806641023,-105.529998779297003,54.239997863769503,"10","7","1",-30.745676040649400,"2193",-59.906757354736293,2.984786748886110,"1174",,,,,,,,,,,,,,,,,,,,,,,,,,,,,,,,,,,,,,,,,,,,,,,,,./0.png
"0","0",1.344233870506290,2.362134218215940,1.017900347709660,12.236107826232899,0.998257577419281,311.636047363281023,299.399841308593977,1.186694145202640,-68.669998168945298,34.579998016357401,339.206329345703068,301.449981689453011,-105.589996337890994,54.159999847412102,"10","8","1",-30.741359710693398,"2195",-59.934375762939503,2.749203920364380,"1181",,,,,,,,,,,,,,,,,,,,,,,,,,,,,,,,,,,,,,,,,,,,,,,,,./0.png
"0","0",1.361227273941040,2.216673135757450,0.855445861816406,13.332023620605501,1.078252673149110,313.983062744140966,300.651123046875000,1.206103920936580,-68.939994812011705,34.659999847412102,332.677581787108977,300.998291015625000,-105.360000610352003,54.709999084472699,"10","8","1",-30.643062591552699,"2219",-59.799713134765597,1.927596211433410,"1135",,,,,,,,,,,,,,,,,,,,,,,,,,,,,,,,,,,,,,,,,,,,,,,,,./0.png
"0","0",0.660575747489929,2.450997591018680,1.790421843528750,14.363286018371600,1.092264056205750,316.022155761718977,301.658874511718977,1.393731713294980,-69.879997253417997,35.180000305175803,334.152740478516023,304.268646240233977,-105.799995422362997,57.119998931884801,"10","7","1",-30.455629348754901,"2221",-59.068283081054702,5.274533748626710,"939",,,,,,,,,,,,,,,,,,,,,,,,,,,,,,,,,,,,,,,,,,,,,,,,,./0.png
"0","0",0.533566713333130,2.392280340194700,1.858713626861570,14.447345733642599,1.072007060050960,315.952880859375000,301.505493164061988,1.341972351074220,-69.869995117187500,35.180000305175803,350.117553710938012,302.220306396483977,-105.799995422362997,57.110000610351598,"10","8","1",-30.456581115722699,"2221",-59.072196960449197,4.715830802917480,"940",,,,,,,,,,,,,,,,,,,,,,,,,,,,,,,,,,,,,,,,,,,,,,,,,./0.png
"0","0",1.713891267776490,2.438608884811400,0.724717676639557,12.361107826232899,1.063361167907710,313.690155029296932,301.329010009766023,1.196398973464970,-69.000000000000000,34.680000305175803,333.383056640625000,302.693420410156023,-105.449996948242003,54.860000610351598,"10","8","1",-30.622623443603501,"2221",-59.760086059570298,2.023308515548710,"1123",,,,,,,,,,,,,,,,,,,,,,,,,,,,,,,,,,,,,,,,,,,,,,,,,./0.png
"0","0",1.771927714347840,2.523857831954960,0.751930117607117,9.785259246826170,1.014836788177490,310.203735351561988,300.418334960938012,1.206103920936580,-69.139999389648395,34.729999542236300,336.038818359375000,301.945922851561988,-105.669998168944986,55.139999389648402,"10","8","1",-30.577049255371101,"2226",-59.685260772705099,2.956026792526250,"1100",,,,,,,,,,,,,,,,,,,,,,,,,,,,,,,,,,,,,,,,,,,,,,,,,./0.png
"0","0",2.049320697784420,3.411274194717410,1.361953377723690,9.631428718566889,0.940028309822083,311.039642333983977,301.408386230468977,1.149492025375370,-69.360000610351605,34.840000152587898,339.372985839843977,303.640228271483977,-105.819999694824006,55.689998626708999,"10","8","1",-30.526800155639599,"2228",-59.523616790771499,3.349834442138670,"1055",,,,,,,,,,,,,,,,,,,,,,,,,,,,,,,,,,,,,,,,,,,,,,,,,./0.png
"0","0",2.203064203262330,2.938991069793700,0.735926806926727,12.609057426452599,1.049208283424380,313.870727539061988,301.261718750000000,1.288595438003540,-69.080001831054702,34.649997711181598,337.516998291016023,301.538970947266023,-105.869995117187997,54.879997253417997,"10","8","1",-30.559305191040000,"2233",-59.772212982177699,3.646023035049440,"1121",,,,,,,,,,,,,,,,,,,,,,,,,,,,,,,,,,,,,,,,,,,,,,,,,./0.png
"0","0",2.066133737564090,2.834539890289310,0.768406152725220,12.722023010253899,1.049343109130860,313.935516357421989,301.213470458983977,1.136552214622500,-69.069999694824205,34.649997711181598,332.212432861328011,301.607849121093977,-105.869995117187997,54.869998931884801,"10","8","1",-30.560171127319300,"2233",-59.775794982910199,1.326321721076970,"1122",,,,,,,,,,,,,,,,,,,,,,,,,,,,,,,,,,,,,,,,,,,,,,,,,./0.png
"0","0",2.116257190704350,2.832309722900390,0.716052591800690,12.466160774231000,1.055825352668760,313.627410888671989,301.161193847656023,1.524747610092160,-69.080001831054702,34.649997711181598,342.842346191406023,302.710479736328011,-105.899993896484006,54.879997253417997,"10","8","1",-30.554168701171900,"2234",-59.773811340332003,7.141992568969730,"1121",,,,,,,,,,,,,,,,,,,,,,,,,,,,,,,,,,,,,,,,,,,,,,,,,./0.png
"0","0",1.786916613578800,2.663679838180540,0.876763224601746,12.920152664184601,1.086410403251650,313.457092285156023,300.536956787108977,1.251393318176270,-69.080001831054702,34.659999847412102,338.674499511718977,301.625061035156023,-105.149993896484006,54.899997711181598,"10","8","1",-30.560369491577099,"2245",-59.773635864257798,2.516457080841060,"1119",,,,,,,,,,,,,,,,,,,,,,,,,,,,,,,,,,,,,,,,,,,,,,,,,./0.png
"0","0",1.613781809806820,2.433401346206670,0.819619536399841,12.703732490539601,1.088218092918400,313.242248535156023,300.538391113281023,1.579742074012760,-69.089996337890597,34.659999847412102,338.429809570311988,302.071746826171989,-105.189994812012003,54.909999847412102,"10","8","1",-30.554389953613299,"2246",-59.771659851074197,2.499044656753540,"1118",,,,,,,,,,,,,,,,,,,,,,,,,,,,,,,,,,,,,,,,,,,,,,,,,./0.png
"0","0",1.518252015113830,2.372353076934810,0.854101061820984,12.700507164001500,1.088218092918400,313.176025390625000,300.475463867188012,1.579742074012760,-69.089996337890597,34.649997711181598,334.596282958983977,301.854309082031023,-105.189994812012003,54.899997711181598,"10","8","1",-30.555236816406200,"2246",-59.775253295898402,2.499044656753540,"1119",,,,,,,,,,,,,,,,,,,,,,,,,,,,,,,,,,,,,,,,,,,,,,,,,./0.png
"0","0",1.530549764633180,2.287195205688480,0.756645381450653,11.724918365478500,0.981178820133209,311.175384521483977,299.450042724608977,1.126847386360170,-69.000000000000000,34.599998474121101,332.764343261718977,300.377136230468977,-105.149993896484006,54.659999847412102,"10","8","1",-30.572067260742202,"2246",-59.846725463867202,2.189896345138550,"1139",,,,,,,,,,,,,,,,,,,,,,,,,,,,,,,,,,,,,,,,,,,,,,,,,./0.png
"0","0",1.483391165733340,2.286353588104250,0.802962422370911,12.623685836791999,1.088218092918400,313.180267333983977,300.556518554688012,1.579742074012760,-69.099998474121094,34.649997711181598,332.598449707031023,302.761688232421989,-105.220001220702997,54.909999847412102,"10","7","1",-30.549253463745099,"2247",-59.773281097412102,2.499044656753540,"1118",,,,,,,,,,,,,,,,,,,,,,,,,,,,,,,,,,,,,,,,,,,,,,,,,./0.png
"0","0",1.464644074440000,2.231628656387330,0.766984581947327,11.596907615661600,0.985685288906097,311.158660888671989,299.561431884766023,1.186694145202640,-69.000000000000000,34.590000152587898,335.800018310546989,301.047271728516023,-105.220001220702997,54.649997711181598,"10","8","1",-30.562675476074201,"2248",-59.853473663330099,3.017498016357420,"1140",,,,,,,,,,,,,,,,,,,,,,,,,,,,,,,,,,,,,,,,,,,,,,,,,./0.png
"0","0",0.055743694305420,2.769212961196900,2.713469266891480,17.870435714721701,0.990285694599152,314.473937988281023,296.603515625000000,1.327414989471440,-71.559997558593807,36.079998016357401,343.939849853516023,299.802459716796989,-106.360000610352003,60.959999084472699,"10","8","1",-30.043689727783200,"2251",-57.810249328613303,7.655393123626710,"639",,,,,,,,,,,,,,,,,,,,,,,,,,,,,,,,,,,,,,,,,,,,,,,,,./0.png
"0","0",1.440240263938900,2.476841926574710,1.036601662635800,13.360643386840801,1.028251290321350,313.547912597656023,300.187133789061988,1.487545609474180,-69.099998474121094,34.610000610351598,331.975799560546989,300.238067626953011,-105.449996948242003,54.819999694824197,"10","8","1",-30.520133972168001,"2254",-59.813217163085902,3.482468128204350,"1126",,,,,,,,,,,,,,,,,,,,,,,,,,,,,,,,,,,,,,,,,,,,,,,,,./0.png
"0","0",1.298086881637570,2.285919427871700,0.987832546234131,13.494247436523400,1.039011120796200,313.713592529296932,300.219268798828011,1.447108626365660,-69.110000610351605,34.610000610351598,340.742004394531023,300.130737304688012,-105.479995727539006,54.829998016357401,"10","8","1",-30.514150619506800,"2255",-59.811241149902301,6.197547435760500,"1125",,,,,,,,,,,,,,,,,,,,,,,,,,,,,,,,,,,,,,,,,,,,,,,,,./0.png
"0","0",1.390459418296810,2.412385463714600,1.021926045417790,13.417280197143601,1.028251290321350,313.597503662108977,300.180145263671989,1.487545609474180,-69.099998474121094,34.610000610351598,346.830871582031023,301.335052490233977,-105.479995727539006,54.819999694824197,"10","8","1",-30.515003204345700,"2255",-59.814823150634801,3.482468128204350,"1126",,,,,,,,,,,,,,,,,,,,,,,,,,,,,,,,,,,,,,,,,,,,,,,,,./0.png
"1","0",0.485342025756836,2.229461431503300,1.744119405746460,14.754491806030300,1.065989613533020,315.878784179688012,301.124298095703068,1.777074694633480,-69.959999084472699,35.040000915527301,352.696929931641023,299.292388916016023,-106.099998474120994,56.909999847412102,"10","8","1",-30.313787460327099,"2264",-59.195186614990199,6.132294178009030,"956",,,,,,,,,,,,,,,,,,,,,,,,,,,,,,,,,,,,,,,,,,,,,,,,,./0.png
"0","0",1.563297748565670,2.355053424835210,0.791755676269531,12.859084129333500,1.044625401496890,313.208038330078011,300.349029541016023,1.309622645378110,-69.209999084472699,34.610000610351598,331.397338867188012,302.682037353516023,-105.809997558594006,54.979999542236293,"10","7","1",-30.457582473754901,"2264",-59.782680511474602,4.059681415557861,"1113",,,,,,,,,,,,,,,,,,,,,,,,,,,,,,,,,,,,,,,,,,,,,,,,,./0.png
"1","0",0.000000000000000,0.000000000000000,0.000000000000000,0.000000000000000,1.065989613533020,0.000000000000000,0.000000000000000,1.777074694633480,-69.959999084472699,35.040000915527301,367.000000000000000,303.992858886718977,-106.139999389647997,56.909999847412102,"0","9","1",-30.308473587036101,"2265",-59.196922302246101,6.132294178009030,"956",,,,,,,,,,,,,,,,,,,,,,,,,,,,,,,,,,,,,,,,,,,,,,,,,./0.png
"0","0",1.394244670867920,2.216810464859010,0.822565793991089,13.969895362854000,1.408936023712160,322.821258544921989,308.851501464843977,1.479458212852480,-63.189998626708999,31.500000000000000,333.487670898438012,308.459472656250000,-103.959999084472997,35.809997558593800,"10","7","1",-31.421121597290000,"2270",-64.240577697753906,1.350370764732360,"2038",,,,,,,,,,,,,,,,,,,,,,,,,,,,,,,,,,,,,,,,,,,,,,,,,./0.png
"0","0",1.535199046134950,2.513060569763180,0.977861523628235,14.131366729736300,1.067231535911560,313.912231445311988,299.780975341796989,1.338737368583680,-69.220001220703097,34.619998931884801,335.870300292968977,302.100311279296932,-105.099998474120994,55.000000000000000,"10","8","1",-30.458248138427699,"2276",-59.783710479736293,4.165474414825441,"1111",,,,,,,,,,,,,,,,,,,,,,,,,,,,,,,,,,,,,,,,,,,,,,,,,./0.png
"0","0",1.445723533630370,2.410704612731930,0.964981138706207,14.126375198364300,1.415621519088750,323.052185058593977,308.925811767578011,1.490780591964720,-63.209999084472699,31.510000228881800,333.482238769531023,308.424011230468977,-102.680000305175994,35.860000610351598,"10","7","1",-31.419082641601602,"2276",-64.236938476562500,1.442222237586980,"2036",,,,,,,,,,,,,,,,,,,,,,,,,,,,,,,,,,,,,,,,,,,,,,,,,./0.png
"0","0",0.000000000000000,0.000000000000000,0.000000000000000,0.000000000000000,1.083849310874940,0.000000000000000,0.000000000000000,1.447108626365660,-69.959999084472699,35.040000915527301,367.000000000000000,302.351562500000000,-105.439994812012003,56.930000305175803,"0","9","1",-30.312877655029300,"2277",-59.196109771728501,6.275314331054690,"954",,,,,,,,,,,,,,,,,,,,,,,,,,,,,,,,,,,,,,,,,,,,,,,,,./0.png
"0","0",0.406593322753906,2.010119438171390,1.603526115417480,14.876822471618700,1.076515078544620,315.732666015625000,300.855957031250000,1.293447852134700,-69.970001220703097,35.040000915527301,343.722747802733977,303.614807128906023,-105.470001220702997,56.930000305175803,"10","8","1",-30.307567596435501,"2278",-59.197864532470703,3.747519254684450,"954",,,,,,,,,,,,,,,,,,,,,,,,,,,,,,,,,,,,,,,,,,,,,,,,,./0.png
"0","0",1.421496987342830,2.901173114776610,1.479676127433780,13.982612609863301,1.140798091888430,316.954284667968977,302.971862792968977,1.296682834625240,-68.489997863769503,34.189998626708999,338.728118896483977,302.508361816406023,-104.909996032715014,52.989997863769503,"10","8","1",-30.577688217163100,"2279",-60.366050720214801,2.125598192214970,"1278",,,,,,,,,,,,,,,,,,,,,,,,,,,,,,,,,,,,,,,,,,,,,,,,,./0.png
"0","0",1.686422348022460,3.776275157928470,2.089852809906010,15.958601951599100,0.986126542091370,315.625213623046989,299.666900634766023,1.193164110183720,-68.979995727539105,34.439998626708999,341.053955078125000,300.403198242188012,-105.229995727539006,54.259998321533203,"10","8","1",-30.473402023315401,"2283",-60.011344909667997,3.037734985351560,"1172",,,,,,,,,,,,,,,,,,,,,,,,,,,,,,,,,,,,,,,,,,,,,,,,,./0.png
"0","0",2.158653259277340,3.526854515075680,1.368201136589050,12.643504142761200,1.084631085395810,315.307556152343977,302.664031982421989,1.183459162712100,-69.739997863769503,34.860000610351598,335.487701416016023,302.724700927733977,-105.599998474120994,56.250000000000000,"10","8","1",-30.321573257446300,"2285",-59.421333312988303,1.636786103248600,"1009",,,,,,,,,,,,,,,,,,,,,,,,,,,,,,,,,,,,,,,,,,,,,,,,,./0.png
"0","0",1.254967451095580,2.140538692474370,0.885571300983429,13.405746459960900,1.068848967552190,313.020050048828011,299.614318847656023,1.308005213737490,-69.330001831054702,34.579998016357401,331.119018554688012,301.412628173828011,-105.659996032715014,55.069999694824197,"10","7","1",-30.370740890502901,"2292",-59.787876129150398,3.685317039489750,"1105",,,,,,,,,,,,,,,,,,,,,,,,,,,,,,,,,,,,,,,,,,,,,,,,,./0.png
"0","0",1.255105853080750,2.157844305038450,0.902738451957703,13.530273437500000,1.045036911964420,313.102081298828011,299.571685791016023,1.262715697288510,-69.339996337890597,34.579998016357401,338.585876464843977,301.665222167968977,-105.729995727539006,55.059997558593800,"10","8","1",-30.361303329467798,"2294",-59.794692993164098,3.349442481994630,"1106",,,,,,,,,,,,,,,,,,,,,,,,,,,,,,,,,,,,,,,,,,,,,,,,,./0.png
"0","0",1.474524617195130,2.133843183517460,0.659318566322327,10.427982330322299,0.938631415367126,310.378356933593977,299.950378417968977,1.164049386978150,-69.459999084472699,34.639999389648402,333.857849121093977,300.269958496093977,-105.809997558594006,55.369998931884801,"10","8","1",-30.334197998046900,"2295",-59.705642700195298,3.535650491714480,"1081",,,,,,,,,,,,,,,,,,,,,,,,,,,,,,,,,,,,,,,,,,,,,,,,,./0.png
"0","0",1.599878072738650,2.314309120178220,0.714431047439575,10.000493049621600,0.917621314525604,309.864318847656023,299.863861083983977,1.131699800491330,-69.470001220703097,34.639999389648402,340.029388427733977,301.355163574219034,-105.839996337890994,55.389999389648402,"10","8","1",-30.327249526977500,"2296",-59.699951171875000,3.362780570983890,"1079",,,,,,,,,,,,,,,,,,,,,,,,,,,,,,,,,,,,,,,,,,,,,,,,,./0.png
"0","0",1.525206089019780,2.392807483673100,0.867601335048676,13.607468605041500,1.025194883346560,313.545745849608977,299.938018798828011,1.291830420494080,-69.349998474121094,34.559997558593800,334.368835449219034,299.604522705078011,-105.860000610352003,55.029998779296903,"10","8","1",-30.343309402465799,"2298",-59.811889648437507,2.048370599746700,"1109",,,,,,,,,,,,,,,,,,,,,,,,,,,,,,,,,,,,,,,,,,,,,,,,,./0.png
"0","0",1.470908045768740,2.334844350814820,0.863936305046082,13.562600135803200,1.025194883346560,313.466461181641023,299.903869628906023,1.291830420494080,-69.349998474121094,34.549999237060497,336.327301025391023,300.003021240233977,-105.889999389647997,55.029998779296903,"10","8","1",-30.338159561157202,"2299",-59.813488006591797,2.048370599746700,"1109",,,,,,,,,,,,,,,,,,,,,,,,,,,,,,,,,,,,,,,,,,,,,,,,,./0.png
"0","0",1.271502971649170,1.975969195365910,0.704466283321381,10.368751525878899,0.913917481899261,309.579498291016023,299.210906982421989,1.146257162094120,-69.479995727539105,34.649997711181598,337.081848144531023,301.722534179688012,-105.129997253417997,55.419998168945298,"10","8","1",-30.328952789306602,"2308",-59.699317932128899,3.655058622360230,"1077",,,,,,,,,,,,,,,,,,,,,,,,,,,,,,,,,,,,,,,,,,,,,,,,,./0.png
"0","0",1.813877344131470,2.607736825942990,0.793859541416168,13.502323150634799,1.007045984268190,312.821350097656023,299.319274902343977,1.293447852134700,-69.360000610351605,34.559997558593800,347.632690429688012,300.327911376953011,-105.180000305175994,55.049999237060497,"10","8","1",-30.339166641235401,"2311",-59.813190460205099,4.406890392303471,"1107",,,,,,,,,,,,,,,,,,,,,,,,,,,,,,,,,,,,,,,,,,,,,,,,,./0.png
"0","0",0.000000000000000,0.000000000000000,0.000000000000000,0.000000000000000,1.110210418701170,0.000000000000000,0.000000000000000,1.773839712142940,-69.349998474121094,34.549999237060497,367.000000000000000,304.899719238281023,-105.209999084472997,55.009998321533203,"0","9","1",-30.336568832397500,"2312",-59.825599670410199,10.181478500366200,"1110",,,,,,,,,,,,,,,,,,,,,,,,,,,,,,,,,,,,,,,,,,,,,,,,,./0.png
"0","0",1.764201641082760,2.596863985061650,0.832662403583527,13.350411415100099,1.100805878639220,312.584655761718977,299.234283447266023,1.414758920669560,-69.369995117187500,34.540000915527301,337.627655029296932,300.553680419921989,-105.309997558594006,55.009998321533203,"10","8","1",-30.321132659912099,"2315",-59.830421447753899,4.816704750061040,"1110",,,,,,,,,,,,,,,,,,,,,,,,,,,,,,,,,,,,,,,,,,,,,,,,,./0.png
"0","0",1.982984066009520,2.854488849639890,0.871504783630371,12.978653907775900,1.067607164382930,312.164215087891023,299.185546875000000,1.320945024490360,-69.339996337890597,34.529998779296903,343.548950195311988,301.185485839843977,-105.299995422362997,54.949996948242202,"10","8","1",-30.325391769409201,"2315",-59.848377227783203,3.875401020050050,"1115",,,,,,,,,,,,,,,,,,,,,,,,,,,,,,,,,,,,,,,,,,,,,,,,,./0.png
"2","0",1.259971976280210,2.471211194992070,1.211239218711850,11.570374488830600,0.974197626113892,311.997680664061988,300.427307128906023,1.186694145202640,-70.360000610351605,35.069999694824197,353.606933593750000,301.332183837891023,-105.959999084472997,57.479999542236293,"10","8","1",-30.095497131347699,"2323",-59.085193634033203,3.802571773529050,"910",,,,,,,,,,,,,,,,,,,,,,,,,,,,,,,,,,,,,,,,,,,,,,,,,./0.png
"0","0",0.000000000000000,0.000000000000000,0.000000000000000,0.000000000000000,1.254021763801570,0.000000000000000,0.000000000000000,9.739933967590330,-69.110000610351605,34.290000915527301,367.000000000000000,302.937866210938012,-105.040000915527003,54.079998016357401,"0","9","1",-30.299921035766602,"2344",-60.137413024902301,61.641437530517599,"1187",,,,,,,,,,,,,,,,,,,,,,,,,,,,,,,,,,,,,,,,,,,,,,,,,./0.png
"0","0",0.000000000000000,0.000000000000000,0.000000000000000,0.000000000000000,1.254021763801570,0.000000000000000,0.000000000000000,9.739933967590330,-69.119995117187500,34.290000915527301,367.000000000000000,305.700408935546989,-105.069999694824006,54.090000152587898,"0","9","1",-30.294044494628899,"2345",-60.135513305664098,61.641437530517599,"1186",,,,,,,,,,,,,,,,,,,,,,,,,,,,,,,,,,,,,,,,,,,,,,,,,./0.png
"0","0",0.452898859977722,1.407453060150150,0.954554200172424,12.106068611145000,1.031011581420900,312.203002929688012,300.096771240233977,1.259480834007260,-70.159996032714801,34.889999389648402,335.338256835938012,300.897369384766023,-105.489997863770000,56.840000152587898,"10","8","1",-30.097986221313501,"2345",-59.310016632080099,3.928136825561520,"961",,,,,,,,,,,,,,,,,,,,,,,,,,,,,,,,,,,,,,,,,,,,,,,,,./0.png
"0","0",0.970427989959717,3.198604583740230,2.228176593780520,20.013753890991200,1.236734986305240,319.878692626953011,299.864959716796989,3.496457099914550,-69.110000610351605,34.279998779296903,353.436431884766023,304.128021240233977,-105.069999694824006,54.069999694824197,"10","8","1",-30.295661926269499,"2345",-60.142433166503899,32.782932281494098,"1188",,,,,,,,,,,,,,,,,,,,,,,,,,,,,,,,,,,,,,,,,,,,,,,,,./0.png
"0","0",0.000000000000000,0.000000000000000,0.000000000000000,0.000000000000000,1.227006793022160,0.000000000000000,0.000000000000000,2.931956052780150,-69.129997253417997,34.290000915527301,367.000000000000000,303.789855957031023,-105.110000610352003,54.090000152587898,"0","9","1",-30.288982391357401,"2346",-60.137084960937507,6.192352771759030,"1186",,,,,,,,,,,,,,,,,,,,,,,,,,,,,,,,,,,,,,,,,,,,,,,,,./0.png
"0","0",0.000000000000000,0.000000000000000,0.000000000000000,0.000000000000000,1.227006793022160,0.000000000000000,0.000000000000000,2.931956052780150,-69.119995117187500,34.279998779296903,367.000000000000000,306.673248291016023,-105.110000610352003,54.079998016357401,"0","9","1",-30.289793014526399,"2346",-60.140541076660199,6.192352771759030,"1187",,,,,,,,,,,,,,,,,,,,,,,,,,,,,,,,,,,,,,,,,,,,,,,,,./0.png
"0","0",0.933470964431763,3.235788583755490,2.302317619323730,20.097251892089801,1.188427090644840,319.981353759766023,299.884124755859034,1.781927108764650,-69.119995117187500,34.279998779296903,340.279876708983977,302.325897216796989,-105.099998474120994,54.069999694824197,"10","8","1",-30.290601730346701,"2346",-60.143997192382798,8.610204696655270,"1188",,,,,,,,,,,,,,,,,,,,,,,,,,,,,,,,,,,,,,,,,,,,,,,,,./0.png
"0","0",1.208090305328370,3.044239044189450,1.836148738861080,19.891313552856399,1.246914029121400,320.222991943358977,300.331695556641023,1.885445952415470,-69.139999389648395,34.290000915527301,344.750488281250000,301.811370849608977,-105.149993896484006,54.119998931884801,"10","8","1",-30.282289505004901,"2347",-60.131713867187507,9.289640426635740,"1184",,,,,,,,,,,,,,,,,,,,,,,,,,,,,,,,,,,,,,,,,,,,,,,,,./0.png
"0","0",1.073235154151920,3.059642791748050,1.986407637596130,20.019729614257798,1.227006793022160,320.251281738281023,300.231628417968977,2.931956052780150,-69.129997253417997,34.279998779296903,349.468597412108977,302.271667480468977,-105.139999389647997,54.090000152587898,"10","8","1",-30.283914566040000,"2347",-60.138641357421903,6.192352771759030,"1186",,,,,,,,,,,,,,,,,,,,,,,,,,,,,,,,,,,,,,,,,,,,,,,,,./0.png
"0","0",0.983659267425537,3.156427383422850,2.172768115997310,20.098377227783200,1.227006793022160,320.166473388671989,300.068115234375000,2.931956052780150,-69.129997253417997,34.279998779296903,342.384490966796989,303.238525390625000,-105.139999389647997,54.079998016357401,"10","8","1",-30.284727096557599,"2347",-60.142105102539098,6.192352771759030,"1187",,,,,,,,,,,,,,,,,,,,,,,,,,,,,,,,,,,,,,,,,,,,,,,,,./0.png
"0","0",0.000000000000000,0.000000000000000,0.000000000000000,0.000000000000000,1.257503986358640,0.000000000000000,0.000000000000000,2.037489175796510,-69.139999389648395,34.290000915527301,367.000000000000000,305.103851318358977,-105.180000305175994,54.119998931884801,"0","9","1",-30.277221679687500,"2348",-60.133277893066399,5.673782348632810,"1184",,,,,,,,,,,,,,,,,,,,,,,,,,,,,,,,,,,,,,,,,,,,,,,,,./0.png
"0","0",1.149104595184330,2.973837375640870,1.824732780456540,19.945001602172901,1.257503986358640,320.384613037108977,300.439697265625000,2.037489175796510,-69.139999389648395,34.279998779296903,341.236175537108977,304.285522460938012,-105.180000305175994,54.110000610351598,"10","8","1",-30.278038024902301,"2348",-60.136741638183601,5.673782348632810,"1185",,,,,,,,,,,,,,,,,,,,,,,,,,,,,,,,,,,,,,,,,,,,,,,,,./0.png
"0","0",1.090195775032040,3.053296089172360,1.963100314140320,19.972103118896499,1.209159255027770,320.294372558593977,300.322357177733977,1.751194953918460,-69.139999389648395,34.279998779296903,343.624816894531023,299.988494873046989,-105.180000305175994,54.090000152587898,"10","8","1",-30.278850555419901,"2348",-60.140197753906200,2.624888420104980,"1186",,,,,,,,,,,,,,,,,,,,,,,,,,,,,,,,,,,,,,,,,,,,,,,,,./0.png
"0","0",0.973852396011353,3.110975503921510,2.137123107910160,19.994136810302699,1.209159255027770,320.141113281250000,300.147064208983977,1.751194953918460,-69.129997253417997,34.279998779296903,334.826477050780966,301.127899169921989,-105.180000305175994,54.079998016357401,"10","8","1",-30.279663085937500,"2348",-60.143661499023402,2.624888420104980,"1187",,,,,,,,,,,,,,,,,,,,,,,,,,,,,,,,,,,,,,,,,,,,,,,,,./0.png
"0","0",1.013186097145080,2.944299221038820,1.931113123893740,19.784408569335898,1.209159255027770,320.168273925780966,300.383850097656023,1.751194953918460,-69.139999389648395,34.279998779296903,333.472442626953011,299.651123046875000,-105.209999084472997,54.090000152587898,"10","8","1",-30.273784637451200,"2349",-60.141761779785199,2.624888420104980,"1186",,,,,,,,,,,,,,,,,,,,,,,,,,,,,,,,,,,,,,,,,,,,,,,,,./0.png
"0","0",0.000000000000000,0.000000000000000,0.000000000000000,0.000000000000000,1.296060681343080,0.000000000000000,0.000000000000000,1.903238177299500,-69.169998168945298,34.279998779296903,367.000000000000000,301.943054199219034,-105.290000915527003,54.139999389648402,"0","9","1",-30.260385513305700,"2351",-60.131038665771499,4.422974586486820,"1182",,,,,,,,,,,,,,,,,,,,,,,,,,,,,,,,,,,,,,,,,,,,,,,,,./0.png
"0","0",1.419934749603270,3.111888885498050,1.691954135894780,19.341215133666999,1.296060681343080,319.964782714843977,300.623535156250000,1.903238177299500,-69.169998168945298,34.279998779296903,337.343566894531023,300.388732910156023,-105.290000915527003,54.129997253417997,"10","8","1",-30.261201858520501,"2351",-60.134502410888707,4.422974586486820,"1183",,,,,,,,,,,,,,,,,,,,,,,,,,,,,,,,,,,,,,,,,,,,,,,,,./0.png
"0","0",1.308491110801700,3.040508985519410,1.732017874717710,19.399272918701200,1.206643104553220,319.955322265625000,300.556030273438012,1.405054092407230,-69.159996032714801,34.279998779296903,331.068908691406023,301.429870605468977,-105.279998779297003,54.119998931884801,"10","8","1",-30.262020111083999,"2351",-60.137958526611293,2.886569499969480,"1184",,,,,,,,,,,,,,,,,,,,,,,,,,,,,,,,,,,,,,,,,,,,,,,,,./0.png
"0","0",0.000000000000000,0.000000000000000,0.000000000000000,0.000000000000000,1.320001482963560,0.000000000000000,0.000000000000000,1.854713797569270,-69.169998168945298,34.279998779296903,367.000000000000000,303.597869873046989,-105.319999694824006,54.129997253417997,"0","9","1",-30.256132125854499,"2352",-60.136066436767599,3.895103454589840,"1183",,,,,,,,,,,,,,,,,,,,,,,,,,,,,,,,,,,,,,,,,,,,,,,,,./0.png
"0","0",1.372672677040100,3.177645683288570,1.804973006248470,19.306905746460000,1.320001482963560,319.851196289061988,300.544250488281023,1.854713797569270,-69.180000305175795,34.279998779296903,332.408203125000000,300.571014404296932,-105.319999694824006,54.139999389648402,"10","8","1",-30.255313873291001,"2352",-60.132602691650398,3.895103454589840,"1182",,,,,,,,,,,,,,,,,,,,,,,,,,,,,,,,,,,,,,,,,,,,,,,,,./0.png
"0","0",1.228762984275820,3.074020385742190,1.845257401466370,19.398700714111300,1.249506235122680,319.790557861328011,300.391815185546989,1.675173401832580,-69.159996032714801,34.270000457763700,333.203643798828011,303.744720458983977,-105.319999694824006,54.110000610351598,"10","7","1",-30.257768630981399,"2352",-60.142978668212898,6.192791461944580,"1185",,,,,,,,,,,,,,,,,,,,,,,,,,,,,,,,,,,,,,,,,,,,,,,,,./0.png
"0","0",1.617516160011290,2.321007966995240,0.703491806983948,12.136892318725600,1.022317647933960,311.330963134766023,299.194091796875000,1.325797557830810,-69.779998779296903,34.599998474121101,332.030303955078011,299.773376464843977,-105.689994812012003,55.680000305175803,"10","8","1",-30.126102447509801,"2356",-59.684482574462898,4.853382110595700,"1055",,,,,,,,,,,,,,,,,,,,,,,,,,,,,,,,,,,,,,,,,,,,,,,,,./0.png
"0","0",0.716365098953247,1.987755656242370,1.271390557289120,13.667368888855000,0.999066293239594,311.412506103516023,297.745330810546989,1.282125473022460,-69.699996948242202,34.469997406005902,337.626678466796989,299.292388916016023,-105.389999389647997,55.299999237060497,"10","8","1",-30.084718704223601,"2382",-59.828926086425803,4.420052051544191,"1086",,,,,,,,,,,,,,,,,,,,,,,,,,,,,,,,,,,,,,,,,,,,,,,,,./0.png
"0","0",0.367645978927612,2.415650367736820,2.048004388809200,14.983158111572299,0.964492678642273,311.842834472656023,296.859802246093977,1.147874593734740,-69.680000305175795,34.459999084472699,337.345520019531023,297.323425292968977,-105.379997253417997,55.239997863769503,"10","8","1",-30.089046478271499,"2382",-59.847095489502003,2.855109453201290,"1091",,,,,,,,,,,,,,,,,,,,,,,,,,,,,,,,,,,,,,,,,,,,,,,,,./0.png
"0","1",2.241672515869140,3.272810935974120,1.031138539314270,10.865519523620600,0.922505617141724,310.988098144531023,300.122680664061988,1.233601093292240,-70.080001831054702,34.659999847412102,341.656219482421989,303.020172119140966,-105.659996032715014,56.219997406005902,"10","8","1",-29.997049331665000,"2386",-59.557495117187507,5.144427299499510,"1011",,,,,,,,,,,,,,,,,,,,,,,,,,,,,,,,,,,,,,,,,,,,,,,,,./0.png
"0","0",1.333613395690920,1.940154194831850,0.606540858745575,12.446977615356399,0.983946323394775,311.530975341796989,299.083984375000000,1.335502386093140,-69.799995422363295,34.500000000000000,333.898742675780966,300.365570068358977,-105.559997558594006,55.509998321533203,"10","8","1",-30.049129486083999,"2386",-59.773334503173800,5.563576221466060,"1069",,,,,,,,,,,,,,,,,,,,,,,,,,,,,,,,,,,,,,,,,,,,,,,,,./0.png
"0","0",1.195594429969790,1.792952060699460,0.597357630729675,12.338356971740700,0.977828085422516,311.369323730468977,299.030975341796989,1.180224180221560,-69.799995422363295,34.500000000000000,334.436706542968977,300.327911376953011,-105.559997558594006,55.500000000000000,"10","8","1",-30.050010681152301,"2386",-59.777004241943402,3.198256254196170,"1070",,,,,,,,,,,,,,,,,,,,,,,,,,,,,,,,,,,,,,,,,,,,,,,,,./0.png
"0","0",0.000000000000000,0.000000000000000,0.000000000000000,0.000000000000000,1.207092523574830,0.000000000000000,0.000000000000000,2.750798225402830,-69.439994812011705,34.279998779296903,367.000000000000000,304.521453857421989,-105.479995727539006,54.509998321533203,"0","9","1",-30.109287261962901,"2388",-60.070850372314503,7.669287681579590,"1151",,,,,,,,,,,,,,,,,,,,,,,,,,,,,,,,,,,,,,,,,,,,,,,,,./0.png
"0","0",1.431951522827150,3.795862197875980,2.363910675048830,18.952527999877901,1.152403593063350,319.265563964843977,300.312988281250000,1.625031471252440,-69.439994812011705,34.279998779296903,342.261688232421989,300.058197021483977,-105.479995727539006,54.500000000000000,"10","8","1",-30.110126495361300,"2388",-60.074367523193402,7.034098148345950,"1152",,,,,,,,,,,,,,,,,,,,,,,,,,,,,,,,,,,,,,,,,,,,,,,,,./0.png
"0","0",1.469556808471680,3.785211801528930,2.315654993057250,18.886247634887699,1.207092523574830,319.195831298828011,300.309509277343977,2.750798225402830,-69.449996948242202,34.279998779296903,335.430053710938012,301.127899169921989,-105.519996643065994,54.529998779296903,"10","8","1",-30.103345870971701,"2389",-60.068920135497997,7.669287681579590,"1150",,,,,,,,,,,,,,,,,,,,,,,,,,,,,,,,,,,,,,,,,,,,,,,,,./0.png
"0","0",1.349265336990360,3.738524198532100,2.389258861541750,19.114099502563501,1.207092523574830,319.433563232421989,300.319335937500057,2.750798225402830,-69.449996948242202,34.279998779296903,336.035766601561988,301.381042480468977,-105.519996643065994,54.509998321533203,"10","8","1",-30.104185104370099,"2389",-60.072437286377003,7.669287681579590,"1151",,,,,,,,,,,,,,,,,,,,,,,,,,,,,,,,,,,,,,,,,,,,,,,,,./0.png
"0","0",1.401888608932500,3.773684740066530,2.371796131134030,19.104133605956999,1.154254674911500,319.397338867188012,300.293121337891023,1.568419694900510,-69.459999084472699,34.279998779296903,338.224487304688012,302.314483642578011,-105.549995422362997,54.529998779296903,"10","8","1",-30.098239898681602,"2390",-60.070468902587898,3.086421251297000,"1150",,,,,,,,,,,,,,,,,,,,,,,,,,,,,,,,,,,,,,,,,,,,,,,,,./0.png
"0","0",1.251943349838260,3.711320161819460,2.459376811981200,19.276689529418899,1.154254674911500,319.558776855468977,300.282043457031023,1.568419694900510,-69.449996948242202,34.279998779296903,333.229949951171989,303.682586669921989,-105.549995422362997,54.509998321533203,"10","7","1",-30.099079132080099,"2390",-60.073986053466797,3.086421251297000,"1151",,,,,,,,,,,,,,,,,,,,,,,,,,,,,,,,,,,,,,,,,,,,,,,,,./0.png
"0","0",0.000000000000000,0.000000000000000,0.000000000000000,0.000000000000000,1.104678273200990,0.000000000000000,0.000000000000000,3.232807636260990,-72.500000000000000,36.059997558593800,367.000000000000000,306.402343750000000,-106.360000610352003,61.959999084472699,"0","9","1",-29.454204559326200,"2411",-57.654506683349602,25.960533142089801,"564",,,,,,,,,,,,,,,,,,,,,,,,,,,,,,,,,,,,,,,,,,,,,,,,,./0.png
"0","0",0.000000000000000,0.000000000000000,0.000000000000000,0.000000000000000,1.104678273200990,0.000000000000000,0.000000000000000,3.232807636260990,-72.489997863769503,36.049999237060497,367.000000000000000,310.674407958983977,-106.360000610352003,61.939998626708999,"0","9","1",-29.455492019653299,"2411",-57.659526824951200,25.960533142089801,"565",,,,,,,,,,,,,,,,,,,,,,,,,,,,,,,,,,,,,,,,,,,,,,,,,./0.png
"0","0",0.000000000000000,0.000000000000000,0.000000000000000,0.000000000000000,1.169248461723330,0.000000000000000,0.000000000000000,3.959056615829470,-72.510002136230497,36.059997558593800,367.000000000000000,310.770965576171989,-106.389999389647997,61.969997406005902,"0","9","1",-29.447050094604499,"2412",-57.651515960693402,22.733263015747099,"563",,,,,,,,,,,,,,,,,,,,,,,,,,,,,,,,,,,,,,,,,,,,,,,,,./0.png
"0","0",1.540669798851010,3.430670738220210,1.890000939369200,14.826508522033700,1.154229044914250,318.255004882811988,303.428588867188012,2.571257829666140,-72.500000000000000,36.049999237060497,356.220855712891023,308.846008300780966,-106.389999389647997,61.959999084472699,"10","8","1",-29.448326110839801,"2412",-57.656482696533203,11.523992538452100,"564",,,,,,,,,,,,,,,,,,,,,,,,,,,,,,,,,,,,,,,,,,,,,,,,,./0.png
"0","0",1.552991032600400,3.446141481399540,1.893150448799130,14.786163330078100,1.154229044914250,318.152496337891023,303.366363525391023,2.571257829666140,-72.500000000000000,36.049999237060497,352.920562744140966,306.993255615233977,-106.389999389647997,61.939998626708999,"10","8","1",-29.449609756469702,"2412",-57.661479949951200,11.523992538452100,"565",,,,,,,,,,,,,,,,,,,,,,,,,,,,,,,,,,,,,,,,,,,,,,,,,./0.png
"0","0",0.000000000000000,0.000000000000000,0.000000000000000,0.000000000000000,1.169248461723330,0.000000000000000,0.000000000000000,3.959056615829470,-72.519996643066406,36.059997558593800,367.000000000000000,306.529571533203011,-106.430000305175994,61.979999542236293,"0","9","1",-29.439891815185501,"2413",-57.648525238037102,22.733263015747099,"562",,,,,,,,,,,,,,,,,,,,,,,,,,,,,,,,,,,,,,,,,,,,,,,,,./0.png
"0","0",0.000000000000000,0.000000000000000,0.000000000000000,0.000000000000000,1.169248461723330,0.000000000000000,0.000000000000000,3.959056615829470,-72.519996643066406,36.049999237060497,367.000000000000000,309.791564941406023,-106.430000305175994,61.969997406005902,"0","9","1",-29.441179275512699,"2413",-57.653530120849602,22.733263015747099,"563",,,,,,,,,,,,,,,,,,,,,,,,,,,,,,,,,,,,,,,,,,,,,,,,,./0.png
"0","0",1.602721452713010,3.482924938201900,1.880203485488890,14.887404441833500,1.154229044914250,318.396209716796989,303.508850097656023,2.571257829666140,-72.510002136230497,36.049999237060497,340.052062988281023,309.372406005859034,-106.419998168944986,61.959999084472699,"10","8","1",-29.442455291748001,"2413",-57.658489227294901,11.523992538452100,"564",,,,,,,,,,,,,,,,,,,,,,,,,,,,,,,,,,,,,,,,,,,,,,,,,./0.png
"0","0",0.000000000000000,0.000000000000000,0.000000000000000,0.000000000000000,1.233762860298160,0.000000000000000,0.000000000000000,2.254231691360470,-72.529998779296889,36.049999237060497,367.000000000000000,309.413024902343977,-106.459999084472997,61.979999542236293,"0","9","1",-29.434013366699201,"2414",-57.650505065917997,6.236607551574710,"562",,,,,,,,,,,,,,,,,,,,,,,,,,,,,,,,,,,,,,,,,,,,,,,,,./0.png
"0","0",1.694336533546450,3.527527332305910,1.833190798759460,14.946356773376500,1.233762860298160,318.609375000000000,303.663055419921989,2.254231691360470,-72.519996643066406,36.049999237060497,342.773315429688012,310.787048339843977,-106.459999084472997,61.969997406005902,"10","8","1",-29.435312271118200,"2414",-57.655551910400398,6.236607551574710,"563",,,,,,,,,,,,,,,,,,,,,,,,,,,,,,,,,,,,,,,,,,,,,,,,,./0.png
"0","0",1.328065037727360,2.890998125076290,1.562933087348940,14.615173339843800,1.092273592948910,312.676879882811988,298.061706542968977,1.764134883880620,-71.010002136230497,35.119998931884801,346.217956542968977,301.179718017578011,-105.839996337890994,58.379997253417997,"10","8","1",-29.750490188598601,"2414",-58.905120849609403,6.380004882812500,"838",,,,,,,,,,,,,,,,,,,,,,,,,,,,,,,,,,,,,,,,,,,,,,,,,./0.png
"0","0",0.000000000000000,0.000000000000000,0.000000000000000,0.000000000000000,1.233762860298160,0.000000000000000,0.000000000000000,2.254231691360470,-72.529998779296889,36.049999237060497,367.000000000000000,309.461761474608977,-106.489997863770000,61.979999542236293,"0","9","1",-29.428136825561499,"2415",-57.652507781982401,6.236607551574710,"562",,,,,,,,,,,,,,,,,,,,,,,,,,,,,,,,,,,,,,,,,,,,,,,,,./0.png
"0","0",2.190312862396240,4.017105579376220,1.826792716979980,14.968584060668899,0.974561512470245,313.938140869140966,298.969757080078011,1.180224180221560,-74.619995117187500,37.419998168945298,346.311706542968977,302.807159423828011,-107.369995117187997,66.479995727539105,"10","8","1",-28.948793411254901,"2415",-55.852111816406200,7.182727336883540,"243",,,,,,,,,,,,,,,,,,,,,,,,,,,,,,,,,,,,,,,,,,,,,,,,,./0.png
"0","0",1.764904022216800,3.511814832687380,1.746910810470580,15.080144882202100,1.233762860298160,318.897552490233977,303.817352294921989,2.254231691360470,-72.529998779296889,36.049999237060497,341.719543457031023,309.726745605468977,-106.489997863770000,61.969997406005902,"10","8","1",-29.429437637329102,"2415",-57.657539367675803,6.236607551574710,"563",,,,,,,,,,,,,,,,,,,,,,,,,,,,,,,,,,,,,,,,,,,,,,,,,./0.png
"0","0",1.343347668647770,2.984487533569340,1.641139864921570,14.790425300598100,1.092273592948910,312.813812255859034,298.023468017578011,1.764134883880620,-71.019996643066406,35.110000610351598,352.634948730468977,300.854095458983977,-105.869995117187997,58.379997253417997,"10","8","1",-29.745012283325199,"2415",-58.906871795654297,6.380004882812500,"838",,,,,,,,,,,,,,,,,,,,,,,,,,,,,,,,,,,,,,,,,,,,,,,,,./0.png
"0","0",0.000000000000000,0.000000000000000,0.000000000000000,0.000000000000000,1.220661163330080,0.000000000000000,0.000000000000000,2.233204364776610,-72.529998779296889,36.040000915527301,367.000000000000000,308.671936035156023,-106.519996643065994,61.969997406005902,"0","9","1",-29.423545837402301,"2416",-57.659481048583999,8.250893592834473,"563",,,,,,,,,,,,,,,,,,,,,,,,,,,,,,,,,,,,,,,,,,,,,,,,,./0.png
"0","0",2.246235132217410,4.085315704345700,1.839080572128300,14.829341888427701,1.014889597892760,313.751129150391023,298.921966552733977,1.434168696403500,-74.629997253417997,37.419998168945298,340.042999267578011,302.636505126953011,-107.399993896484006,66.479995727539105,"10","8","1",-28.942338943481399,"2416",-55.854534149169901,14.643238067626999,"243",,,,,,,,,,,,,,,,,,,,,,,,,,,,,,,,,,,,,,,,,,,,,,,,,./0.png
"0","0",1.838420867919920,3.469094514846800,1.630673646926880,15.121800422668500,1.220661163330080,319.107788085938012,303.985931396483977,2.233204364776610,-72.540000915527301,36.049999237060497,357.329284667968977,306.513000488281023,-106.519996643065994,61.979999542236293,"10","8","1",-29.422241210937500,"2416",-57.654438018798800,8.250893592834473,"562",,,,,,,,,,,,,,,,,,,,,,,,,,,,,,,,,,,,,,,,,,,,,,,,,./0.png
"0","0",1.111118555068970,2.634857177734380,1.523738622665410,14.597536087036101,1.043546915054320,312.789703369140966,298.192230224608977,1.316092610359190,-71.049995422363295,35.130001068115199,339.408081054688012,300.043670654296932,-105.919998168944986,58.449996948242202,"10","8","1",-29.734378814697301,"2416",-58.887779235839801,5.202486991882320,"833",,,,,,,,,,,,,,,,,,,,,,,,,,,,,,,,,,,,,,,,,,,,,,,,,./0.png
"0","0",1.130795598030090,2.686903953552250,1.556108355522160,14.699665069580099,1.054222345352170,312.831512451171989,298.131866455078011,1.244923472404480,-71.040000915527301,35.119998931884801,334.394287109375000,299.204742431641023,-105.909996032715014,58.439998626708999,"10","8","1",-29.735408782958999,"2416",-58.891952514648402,3.634047985076900,"834",,,,,,,,,,,,,,,,,,,,,,,,,,,,,,,,,,,,,,,,,,,,,,,,,./0.png
"0","0",1.804972529411320,3.423605203628540,1.618632674217220,15.172767639160201,1.220661163330080,319.164581298828011,303.991790771483977,2.233204364776610,-72.540000915527301,36.040000915527301,343.698913574219034,306.940887451171989,-106.549995422362997,61.969997406005902,"10","8","1",-29.417669296264599,"2417",-57.661445617675803,8.250893592834473,"563",,,,,,,,,,,,,,,,,,,,,,,,,,,,,,,,,,,,,,,,,,,,,,,,,./0.png
"0","0",1.389460086822510,2.067295074462890,0.677834987640381,11.548997879028301,1.016366362571720,312.000396728516023,300.451324462891023,1.353294730186460,-70.309997558593807,34.680000305175803,352.613403320311988,302.869689941406023,-105.649993896484006,56.559997558593800,"10","8","1",-29.876913070678700,"2417",-59.493083953857401,5.684889793396000,"984",,,,,,,,,,,,,,,,,,,,,,,,,,,,,,,,,,,,,,,,,,,,,,,,,./0.png
"0","0",1.806213974952700,3.548286437988280,1.742072463035580,15.449591636657701,1.120074152946470,318.808410644531023,303.358825683593977,1.306387782096860,-72.500000000000000,36.009998321533203,331.430816650391023,302.812835693358977,-106.559997558594006,61.859996795654297,"10","7","1",-29.422058105468800,"2418",-57.703048706054702,4.518637657165530,"571",,,,,,,,,,,,,,,,,,,,,,,,,,,,,,,,,,,,,,,,,,,,,,,,,./0.png
"0","0",0.966105222702026,2.469905853271480,1.503800630569460,14.660884857177701,0.994676053524017,313.052154541016023,298.391296386718977,1.164049386978150,-71.069999694824205,35.119998931884801,333.393981933593977,299.880981445311988,-106.019996643065994,58.459999084472699,"10","8","1",-29.716873168945298,"2419",-58.888816833496101,3.233081817626950,"832",,,,,,,,,,,,,,,,,,,,,,,,,,,,,,,,,,,,,,,,,,,,,,,,,./0.png
"0","0",0.950881481170654,1.559781312942500,0.608899831771851,11.688481330871600,0.969547331333160,310.500854492188012,298.812500000000000,1.170519351959230,-70.049995422363295,34.489997863769503,337.126068115233977,300.307617187500057,-105.709999084472997,55.809997558593800,"10","8","1",-29.906332015991200,"2422",-59.731090545654297,3.238349437713620,"1045",,,,,,,,,,,,,,,,,,,,,,,,,,,,,,,,,,,,,,,,,,,,,,,,,./0.png
"0","0",0.000000000000000,0.000000000000000,0.000000000000000,0.000000000000000,1.009727001190190,0.000000000000000,0.000000000000000,1.466518402099610,-71.169998168945298,35.149997711181598,367.000000000000000,301.214263916016023,-106.180000305175994,58.649997711181598,"0","9","1",-29.679170608520501,"2423",-58.832893371582003,8.838802337646483,"817",,,,,,,,,,,,,,,,,,,,,,,,,,,,,,,,,,,,,,,,,,,,,,,,,./0.png
"0","0",0.000000000000000,0.000000000000000,0.000000000000000,0.000000000000000,1.024089694023130,0.000000000000000,0.000000000000000,1.608856678009030,-71.180000305175795,35.149997711181598,367.000000000000000,301.797027587891023,-106.209999084472997,58.649997711181598,"0","9","1",-29.673658370971701,"2424",-58.834640502929702,11.315098762512200,"817",,,,,,,,,,,,,,,,,,,,,,,,,,,,,,,,,,,,,,,,,,,,,,,,,./0.png
"0","0",1.128265738487240,2.797447204589840,1.669181466102600,14.890297889709499,1.290906071662900,319.051422119140966,304.161163330078011,1.578124523162840,-68.519996643066406,33.599998474121101,344.623962402343977,307.485565185546989,-105.299995422362997,51.549999237060497,"10","8","1",-30.168207168579102,"2427",-60.946632385253899,7.231088161468510,"1340",,,,,,,,,,,,,,,,,,,,,,,,,,,,,,,,,,,,,,,,,,,,,,,,,./0.png
"0","0",1.096912026405330,2.841327905654910,1.744415879249570,14.932422637939499,1.317224860191350,319.086730957031023,304.154327392578011,1.605621695518490,-68.529998779296903,33.599998474121101,343.628936767578011,306.645629882811988,-105.329994201660000,51.549999237060497,"10","8","1",-30.163354873657202,"2428",-60.948101043701200,7.260755538940430,"1340",,,,,,,,,,,,,,,,,,,,,,,,,,,,,,,,,,,,,,,,,,,,,,,,,./0.png
"1","0",0.000000000000000,0.000000000000000,0.000000000000000,0.000000000000000,1.036121249198910,0.000000000000000,0.000000000000000,1.660616040229800,-71.180000305175795,35.159999847412102,367.000000000000000,301.032867431641023,-105.559997558594006,58.669998168945298,"0","9","1",-29.677547454833999,"2437",-58.836624145507798,12.083822250366200,"816",,,,,,,,,,,,,,,,,,,,,,,,,,,,,,,,,,,,,,,,,,,,,,,,,./0.png
"0","0",0.501557588577271,2.478651046752930,1.977093458175660,16.235809326171900,1.001419067382810,314.477264404296932,298.241516113281023,1.699435591697690,-71.180000305175795,35.159999847412102,346.348541259766023,300.278656005859034,-105.559997558594006,58.680000305175803,"10","8","1",-29.676515579223601,"2437",-58.832408905029297,13.529541969299300,"815",,,,,,,,,,,,,,,,,,,,,,,,,,,,,,,,,,,,,,,,,,,,,,,,,./0.png
"0","0",0.240804910659790,2.285553216934200,2.044748306274410,16.293357849121101,1.005909562110900,314.472686767578011,298.179351806641023,1.123612403869630,-71.189994812011705,35.159999847412102,334.535064697266023,299.339111328125000,-105.589996337890994,58.680000305175803,"10","8","1",-29.671010971069300,"2438",-58.834163665771499,2.281415224075320,"815",,,,,,,,,,,,,,,,,,,,,,,,,,,,,,,,,,,,,,,,,,,,,,,,,./0.png
"1","0",0.141049146652222,2.283094882965090,2.142045736312870,16.259904861450199,0.958131670951843,314.381011962891023,298.121124267578011,1.023328542709350,-71.180000305175795,35.149997711181598,332.611846923828011,297.459808349608977,-105.589996337890994,58.669998168945298,"10","8","1",-29.672039031982401,"2438",-58.838382720947301,1.261543631553650,"816",,,,,,,,,,,,,,,,,,,,,,,,,,,,,,,,,,,,,,,,,,,,,,,,,./0.png
"0","0",0.414247035980225,1.213666558265690,0.799419522285461,11.937559127807599,0.947913467884064,309.741638183593977,297.804260253906023,1.058913111686710,-70.080001831054702,34.489997863769503,330.207092285156023,298.935607910156023,-105.139999389647997,55.849998474121101,"10","8","1",-29.886209487915000,"2438",-59.729183197021499,1.794005036354060,"1041",,,,,,,,,,,,,,,,,,,,,,,,,,,,,,,,,,,,,,,,,,,,,,,,,./0.png
"0","0",1.097152829170230,2.835423231124880,1.738270401954650,15.381176948547401,1.302011013031010,319.764465332031023,304.383514404296932,1.790014505386350,-68.529998779296903,33.610000610351598,347.189636230468977,307.606292724608977,-104.509994506835994,51.569999694824197,"10","8","1",-30.168043136596701,"2438",-60.947853088378899,6.158739089965820,"1339",,,,,,,,,,,,,,,,,,,,,,,,,,,,,,,,,,,,,,,,,,,,,,,,,./0.png
"1","0",1.921424388885500,3.929478168487550,2.008053779602050,15.176344871521000,1.018880486488340,312.872985839843977,297.696685791016023,1.223896145820620,-71.059997558593807,35.069999694824197,330.679626464843977,300.692413330078011,-105.569999694824006,58.349998474121101,"10","7","1",-29.692102432251001,"2439",-58.944858551025398,3.887108087539670,"841",,,,,,,,,,,,,,,,,,,,,,,,,,,,,,,,,,,,,,,,,,,,,,,,,./0.png
"0","0",1.172403454780580,2.853721857070920,1.681318402290340,15.313892364501999,1.302011013031010,319.705780029296932,304.392089843750000,1.790014505386350,-68.540000915527301,33.599998474121101,336.060058593750000,305.892211914061988,-104.549995422362997,51.569999694824197,"10","8","1",-30.163194656372099,"2439",-60.949337005615199,6.158739089965820,"1339",,,,,,,,,,,,,,,,,,,,,,,,,,,,,,,,,,,,,,,,,,,,,,,,,./0.png
"0","0",0.000000000000000,0.000000000000000,0.000000000000000,0.000000000000000,0.936793208122253,0.000000000000000,0.000000000000000,1.851478815078740,-71.049995422363295,35.040000915527301,367.000000000000000,302.462768554688012,-105.689994812012003,58.259998321533203,"0","9","1",-29.677328109741200,"2443",-58.980888366699197,17.226301193237301,"848",,,,,,,,,,,,,,,,,,,,,,,,,,,,,,,,,,,,,,,,,,,,,,,,,./0.png
"0","0",0.606899261474609,2.973254680633540,2.366355419158940,16.107183456420898,0.943505883216858,313.801361083983977,297.694183349608977,1.828834056854250,-71.049995422363295,35.040000915527301,354.019012451171989,301.923004150391023,-105.689994812012003,58.270000457763707,"10","8","1",-29.676311492919901,"2443",-58.976749420166001,16.701414108276399,"847",,,,,,,,,,,,,,,,,,,,,,,,,,,,,,,,,,,,,,,,,,,,,,,,,./0.png
"0","0",0.000000000000000,0.000000000000000,0.000000000000000,0.000000000000000,0.942454516887665,0.000000000000000,0.000000000000000,1.819129228591920,-71.059997558593807,35.040000915527301,367.000000000000000,302.798645019531023,-105.720001220702997,58.270000457763707,"0","9","1",-29.670843124389599,"2444",-58.978485107421903,8.269083976745613,"847",,,,,,,,,,,,,,,,,,,,,,,,,,,,,,,,,,,,,,,,,,,,,,,,,./0.png
"0","0",0.755722761154175,2.948934078216550,2.193211317062380,15.705584526061999,0.942454516887665,313.520690917968977,297.815216064453011,1.819129228591920,-71.059997558593807,35.040000915527301,334.169799804688012,301.842864990233977,-105.720001220702997,58.279998779296903,"10","8","1",-29.669832229614300,"2444",-58.974353790283203,8.269083976745613,"846",,,,,,,,,,,,,,,,,,,,,,,,,,,,,,,,,,,,,,,,,,,,,,,,,./0.png
"0","0",0.382648229598999,2.718017816543580,2.335369586944580,15.962112426757800,0.943020522594452,313.660217285156023,297.698242187500057,1.280508041381840,-71.049995422363295,35.029998779296903,334.184753417968977,301.087585449219034,-105.720001220702997,58.259998321533203,"10","8","1",-29.671861648559599,"2444",-58.982624053955099,6.355912208557130,"848",,,,,,,,,,,,,,,,,,,,,,,,,,,,,,,,,,,,,,,,,,,,,,,,,./0.png
"0","0",0.523913621902466,2.301023960113530,1.777110338211060,14.508013725280801,1.070437669754030,313.407012939453011,298.899108886718977,1.233601093292240,-70.629997253417997,34.729999542236300,344.587036132811988,301.507415771483977,-105.759994506835994,57.079998016357401,"10","8","1",-29.726663589477500,"2451",-59.372928619384801,2.845644712448120,"942",,,,,,,,,,,,,,,,,,,,,,,,,,,,,,,,,,,,,,,,,,,,,,,,,./0.png
"0","0",0.999255657196045,1.811106681823730,0.811851024627686,13.388978958129901,1.075694441795350,313.801361083983977,300.412414550780966,1.316092610359190,-70.599998474121094,34.680000305175803,336.541625976561988,301.202758789061988,-105.939994812012003,56.919998168945298,"10","8","1",-29.707029342651399,"2457",-59.433506011962898,4.152884483337400,"955",,,,,,,,,,,,,,,,,,,,,,,,,,,,,,,,,,,,,,,,,,,,,,,,,./0.png
"0","0",1.118358612060550,1.839168190956120,0.720809578895569,13.435776710510300,1.067000508308410,314.229278564453011,300.793701171875000,1.274038076400760,-70.610000610351605,34.680000305175803,333.336120605468977,301.234405517578011,-105.279998779297003,56.939998626708999,"10","8","1",-29.706134796142599,"2470",-59.434181213378899,3.582249879837040,"953",,,,,,,,,,,,,,,,,,,,,,,,,,,,,,,,,,,,,,,,,,,,,,,,,./0.png
"0","0",0.000000000000000,0.000000000000000,0.000000000000000,0.000000000000000,1.074471831321720,0.000000000000000,0.000000000000000,1.540922522544860,-70.659996032714801,34.639999389648402,367.000000000000000,305.310424804688012,-105.639999389647997,56.930000305175803,"0","9","1",-29.648427963256800,"2481",-59.456436157226598,8.057948112487789,"954",,,,,,,,,,,,,,,,,,,,,,,,,,,,,,,,,,,,,,,,,,,,,,,,,./0.png
"0","0",1.608693122863770,2.496062994003300,0.887369811534882,13.622714996337900,1.104202628135680,314.586151123046989,300.963256835938012,1.477840662002560,-70.669998168945298,34.649997711181598,334.238067626953011,302.148895263671989,-105.639999389647997,56.939998626708999,"10","8","1",-29.647481918335000,"2481",-59.452541351318402,6.464839935302730,"953",,,,,,,,,,,,,,,,,,,,,,,,,,,,,,,,,,,,,,,,,,,,,,,,,./0.png
"0","0",1.663767218589780,2.552051782608030,0.888284564018250,13.659229278564499,1.102585196495060,314.661621093750000,301.002136230468977,1.629883885383610,-70.680000305175795,34.639999389648402,348.691253662108977,304.541076660156023,-105.680000305175994,56.939998626708999,"10","8","1",-29.642147064208999,"2482",-59.454200744628899,9.123539924621580,"953",,,,,,,,,,,,,,,,,,,,,,,,,,,,,,,,,,,,,,,,,,,,,,,,,./0.png
"0","0",1.696214914321900,2.594874620437620,0.898659765720367,13.492894172668500,1.079131722450260,314.458801269531023,300.965698242188012,1.506955385208130,-70.669998168945298,34.639999389648402,349.459411621093977,304.344543457031023,-105.680000305175994,56.930000305175803,"10","8","1",-29.643098831176800,"2482",-59.458114624023402,7.390665054321290,"954",,,,,,,,,,,,,,,,,,,,,,,,,,,,,,,,,,,,,,,,,,,,,,,,,./0.png
"0","0",1.685742735862730,2.583812952041630,0.898070216178894,14.237211227416999,1.114513993263240,315.353332519531023,301.115997314453011,1.272420644760130,-70.699996948242202,34.649997711181598,344.219024658203011,302.653564453125000,-105.720001220702997,56.989997863769503,"10","8","1",-29.633010864257798,"2483",-59.440273284912102,2.740850448608400,"949",,,,,,,,,,,,,,,,,,,,,,,,,,,,,,,,,,,,,,,,,,,,,,,,,./0.png
"0","0",1.748178243637080,2.677058935165410,0.928880631923676,14.421259880065900,1.137658834457400,315.628448486328011,301.207183837891023,2.064986228942870,-70.720001220703097,34.639999389648402,339.568298339843977,303.798309326171989,-105.819999694824006,56.989997863769503,"10","8","1",-29.616991043090799,"2486",-59.445255279541001,8.048001289367679,"949",,,,,,,,,,,,,,,,,,,,,,,,,,,,,,,,,,,,,,,,,,,,,,,,,./0.png
"0","0",0.000000000000000,0.000000000000000,0.000000000000000,0.000000000000000,1.137658834457400,0.000000000000000,0.000000000000000,2.064986228942870,-70.720001220703097,34.639999389648402,367.000000000000000,305.075897216796989,-105.849998474120994,56.989997863769503,"0","9","1",-29.611654281616200,"2487",-59.446918487548800,8.048001289367679,"949",,,,,,,,,,,,,,,,,,,,,,,,,,,,,,,,,,,,,,,,,,,,,,,,,./0.png
"0","0",2.892596244812010,4.379026889801030,1.486430644989010,12.774344444274901,0.929009199142456,313.945739746093977,301.171447753906023,1.112290024757390,-73.569999694824205,36.409999847412102,334.014709472656023,303.761627197266023,-106.989997863770000,63.719997406005902,"10","8","1",-29.008350372314499,"2487",-57.089084625244098,5.117172718048100,"435",,,,,,,,,,,,,,,,,,,,,,,,,,,,,,,,,,,,,,,,,,,,,,,,,./0.png
"0","0",1.756716132164000,2.700380563735960,0.943664431571960,14.278244018554700,1.115184426307680,315.447845458983977,301.169525146483977,1.550627350807190,-70.720001220703097,34.639999389648402,346.215637207031023,303.292358398438012,-105.849998474120994,56.979999542236293,"10","8","1",-29.612609863281200,"2487",-59.450828552246101,7.546173572540280,"950",,,,,,,,,,,,,,,,,,,,,,,,,,,,,,,,,,,,,,,,,,,,,,,,,./0.png
"0","0",0.000000000000000,0.000000000000000,0.000000000000000,0.000000000000000,1.114495635032650,0.000000000000000,0.000000000000000,1.891915798187260,-70.729995727539105,34.639999389648402,367.000000000000000,305.019989013671989,-105.189994812012003,57.009998321533203,"0","9","1",-29.611612319946300,"2500",-59.448143005371101,6.757733345031740,"947",,,,,,,,,,,,,,,,,,,,,,,,,,,,,,,,,,,,,,,,,,,,,,,,,./0.png
"0","0",2.601543903350830,3.850893259048460,1.249349236488340,13.907635688781699,1.114495635032650,314.612030029296932,300.704345703125000,1.891915798187260,-70.729995727539105,34.649997711181598,331.256134033203011,304.885742187500057,-105.189994812012003,57.029998779296903,"10","8","1",-29.610675811767599,"2500",-59.444221496582003,6.757733345031740,"946",,,,,,,,,,,,,,,,,,,,,,,,,,,,,,,,,,,,,,,,,,,,,,,,,./0.png
"0","0",2.691824913024900,3.978963136672970,1.287138104438780,13.400254249572800,1.070639848709110,313.912353515625000,300.512054443358977,1.333884954452510,-70.720001220703097,34.639999389648402,333.938537597656023,302.502655029296932,-105.189994812012003,57.000000000000000,"10","8","1",-29.612545013427699,"2500",-59.452049255371101,4.569253444671630,"948",,,,,,,,,,,,,,,,,,,,,,,,,,,,,,,,,,,,,,,,,,,,,,,,,./0.png
"2","0",2.544759988784790,3.984638214111330,1.439878225326540,13.922215461731000,0.938597440719604,315.430023193358977,301.507781982421989,1.168901801109310,-73.569999694824205,36.419998168945298,331.807281494140966,303.419738769531023,-106.430000305175994,63.750000000000000,"10","7","1",-29.011301040649400,"2502",-57.086589813232401,6.444032192230220,"433",,,,,,,,,,,,,,,,,,,,,,,,,,,,,,,,,,,,,,,,,,,,,,,,,./0.png
"1","0",1.700814843177800,3.094030857086180,1.393216013908390,15.206979751586900,1.046782016754150,316.590698242188012,301.383575439453011,1.257863283157350,-69.430000305175795,33.860000610351598,331.748992919921989,302.471313476561988,-104.790000915527003,53.469997406005902,"10","7","1",-29.838064193725600,"2504",-60.508476257324197,2.957652330398560,"1238",,,,,,,,,,,,,,,,,,,,,,,,,,,,,,,,,,,,,,,,,,,,,,,,,./0.png
"0","0",0.313158035278320,1.871424317359920,1.558266282081600,13.974095344543500,1.021196365356450,312.281585693358977,298.307373046875000,1.194781541824340,-70.580001831054702,34.439998626708999,330.543762207031023,300.623077392578011,-105.659996032715014,56.369998931884801,"10","7","1",-29.569438934326200,"2517",-59.676128387451200,2.897181749343870,"999",,,,,,,,,,,,,,,,,,,,,,,,,,,,,,,,,,,,,,,,,,,,,,,,,./0.png
"0","0",0.330639362335205,1.929144620895390,1.598505258560180,14.021342277526900,0.999434053897858,312.252288818358977,298.230743408203011,1.341972351074220,-70.580001831054702,34.439998626708999,353.795745849608977,299.528747558593977,-105.689994812012003,56.369998931884801,"10","8","1",-29.564159393310501,"2518",-59.677753448486293,5.717053413391110,"999",,,,,,,,,,,,,,,,,,,,,,,,,,,,,,,,,,,,,,,,,,,,,,,,,./0.png
"0","0",1.697148323059080,2.409694671630860,0.712546288967133,10.523272514343301,0.940741837024689,309.006561279296932,298.483459472656023,1.304770231246950,-70.799995422363295,34.549999237060497,344.450256347656023,301.412628173828011,-105.869995117187997,56.889999389648402,"10","8","1",-29.508975982666001,"2521",-59.521827697753899,6.278656005859380,"957",,,,,,,,,,,,,,,,,,,,,,,,,,,,,,,,,,,,,,,,,,,,,,,,,./0.png
"0","0",0.000000000000000,0.000000000000000,0.000000000000000,0.000000000000000,0.972377955913544,0.000000000000000,0.000000000000000,1.568419694900510,-70.799995422363295,34.540000915527301,367.000000000000000,299.994323730468977,-105.899993896484006,56.869998931884801,"0","9","1",-29.505546569824201,"2522",-59.531219482421903,10.264111518859901,"959",,,,,,,,,,,,,,,,,,,,,,,,,,,,,,,,,,,,,,,,,,,,,,,,,./0.png
"0","0",1.813538789749150,2.526564359664920,0.713025510311127,11.097526550293001,0.948385238647461,309.717864990233977,298.620300292968977,1.332267403602600,-70.790000915527301,34.540000915527301,339.971282958983977,300.032073974608977,-105.899993896484006,56.849998474121101,"10","8","1",-29.506496429443398,"2522",-59.535083770752003,6.600195407867430,"960",,,,,,,,,,,,,,,,,,,,,,,,,,,,,,,,,,,,,,,,,,,,,,,,,./0.png
"0","0",0.711001515388489,2.677875757217410,1.966874241828920,16.776840209960898,1.203490972518920,320.002532958983977,303.225769042968977,1.358147144317630,-68.739997863769503,33.349998474121101,339.506683349608977,303.860382080078011,-105.159996032715014,51.199996948242202,"10","8","1",-29.887483596801800,"2523",-61.154918670654297,3.825265884399410,"1355",,,,,,,,,,,,,,,,,,,,,,,,,,,,,,,,,,,,,,,,,,,,,,,,,./0.png
"0","0",0.627610921859741,2.647905826568600,2.020294904708860,16.884710311889599,1.251573085784910,320.086944580078011,303.202239990233977,1.472988247871400,-68.739997863769503,33.349998474121101,339.567382812499943,305.655914306641023,-105.199996948242003,51.199996948242202,"10","8","1",-29.882652282714801,"2524",-61.156337738037102,5.476482868194580,"1355",,,,,,,,,,,,,,,,,,,,,,,,,,,,,,,,,,,,,,,,,,,,,,,,,./0.png
"0","0",1.898396015167240,2.747133255004880,0.848737299442291,10.757913589477500,0.939885497093201,309.008758544921989,298.250671386718977,1.256245851516720,-70.809997558593807,34.559997558593800,340.287994384766023,301.309173583983977,-105.209999084472997,56.909999847412102,"10","8","1",-29.507970809936499,"2534",-59.522449493408203,5.465133190155030,"955",,,,,,,,,,,,,,,,,,,,,,,,,,,,,,,,,,,,,,,,,,,,,,,,,./0.png
"0","0",1.228219509124760,2.866136550903320,1.637917041778560,17.438491821289102,1.248562693595890,321.097045898438012,303.658691406250000,1.616944074630740,-68.739997863769503,33.349998474121101,348.511138916016023,304.136444091796989,-104.379997253417997,51.219997406005902,"10","8","1",-29.886363983154300,"2534",-61.157226562500000,9.111545562744141,"1354",,,,,,,,,,,,,,,,,,,,,,,,,,,,,,,,,,,,,,,,,,,,,,,,,./0.png
"0","0",0.000000000000000,0.000000000000000,0.000000000000000,0.000000000000000,0.946165204048157,0.000000000000000,0.000000000000000,1.747960090637210,-70.809997558593807,34.549999237060497,367.000000000000000,299.260253906250000,-105.239997863770000,56.889999389648402,"0","9","1",-29.504497528076200,"2535",-59.531887054443402,13.829125404357899,"957",,,,,,,,,,,,,,,,,,,,,,,,,,,,,,,,,,,,,,,,,,,,,,,,,./0.png
"0","0",1.941261053085330,2.738931894302370,0.797670781612396,11.161819458007800,0.931132078170776,309.628082275391023,298.466186523438012,1.382409334182740,-70.799995422363295,34.540000915527301,334.886138916016023,299.368316650391023,-105.229995727539006,56.879997253417997,"10","8","1",-29.505422592163100,"2535",-59.535758972167997,7.771200656890870,"958",,,,,,,,,,,,,,,,,,,,,,,,,,,,,,,,,,,,,,,,,,,,,,,,,./0.png
"0","0",0.000000000000000,0.000000000000000,0.000000000000000,0.000000000000000,0.901762008666992,0.000000000000000,0.000000000000000,1.683260798454280,-70.729995727539105,34.439998626708999,367.000000000000000,299.968170166016023,-105.489997863770000,56.549999237060497,"0","9","1",-29.481622695922901,"2544",-59.650646209716797,4.395330429077150,"984",,,,,,,,,,,,,,,,,,,,,,,,,,,,,,,,,,,,,,,,,,,,,,,,,./0.png
"0","0",0.017394781112671,2.512892246246340,2.495497465133670,14.333451271057100,0.901762008666992,310.416778564453011,296.083282470703068,1.683260798454280,-70.720001220703097,34.439998626708999,348.055328369140966,298.577789306641023,-105.479995727539006,56.539997100830099,"10","8","1",-29.482542037963899,"2544",-59.654460906982401,4.395330429077150,"985",,,,,,,,,,,,,,,,,,,,,,,,,,,,,,,,,,,,,,,,,,,,,,,,,./0.png
"2","0",-0.000229358673096,2.402181863784790,2.402411222457890,14.270282745361300,0.901762008666992,310.462554931641023,296.192230224608977,1.683260798454280,-70.729995727539105,34.439998626708999,332.602905273438012,293.574615478516023,-105.519996643065994,56.539997100830099,"10","8","1",-29.477249145507798,"2545",-59.656089782714801,4.395330429077150,"985",,,,,,,,,,,,,,,,,,,,,,,,,,,,,,,,,,,,,,,,,,,,,,,,,./0.png
"0","0",0.081547975540161,2.214051008224490,2.132503032684330,14.362248420715300,0.976017236709595,311.052276611328011,296.690124511718977,1.063765525817870,-70.760002136230497,34.419998168945298,338.340606689453011,298.803741455078011,-105.680000305175994,56.529998779296903,"10","8","1",-29.451690673828100,"2550",-59.668048858642599,1.478245019912720,"986",,,,,,,,,,,,,,,,,,,,,,,,,,,,,,,,,,,,,,,,,,,,,,,,,./0.png
"0","0",0.000000000000000,0.000000000000000,0.000000000000000,0.000000000000000,1.121994972229000,0.000000000000000,0.000000000000000,1.597534298896790,-72.470001220703111,35.450000762939503,367.000000000000000,304.905334472656023,-106.449996948242003,60.750000000000000,"0","9","1",-29.087917327880898,"2553",-58.283363342285199,10.636647224426300,"655",,,,,,,,,,,,,,,,,,,,,,,,,,,,,,,,,,,,,,,,,,,,,,,,,./0.png
"0","0",0.093502163887024,1.771897315979000,1.678395152091980,16.047420501708999,1.126982212066650,317.198883056641023,301.151458740233977,1.490780591964720,-72.479995727539105,35.450000762939503,350.985290527343977,303.736236572266023,-106.479995727539006,60.750000000000000,"10","8","1",-29.082160949706999,"2554",-58.285152435302699,8.137276649475099,"655",,,,,,,,,,,,,,,,,,,,,,,,,,,,,,,,,,,,,,,,,,,,,,,,,./0.png
"0","0",0.075298666954040,1.777682900428770,1.702384233474730,15.956361770629901,1.137091398239140,317.171936035156023,301.215576171875000,1.320945024490360,-72.470001220703111,35.439998626708999,337.797790527343977,303.320648193358977,-106.479995727539006,60.729999542236293,"10","8","1",-29.083351135253899,"2554",-58.289791107177699,4.104647159576420,"656",,,,,,,,,,,,,,,,,,,,,,,,,,,,,,,,,,,,,,,,,,,,,,,,,./0.png
"0","0",0.687759041786194,2.261985301971440,1.574226260185240,12.785551071166999,1.338737487792970,321.334259033203011,308.548828125000000,1.880593538284300,-66.790000915527301,32.180000305175803,350.295959472656023,311.014770507811988,-104.379997253417997,44.799999237060497,"10","8","1",-30.137451171875000,"2554",-62.738277435302699,4.892656326293950,"1636",,,,,,,,,,,,,,,,,,,,,,,,,,,,,,,,,,,,,,,,,,,,,,,,,./0.png
"0","0",0.676238179206848,2.250879049301150,1.574640870094300,12.802919387817401,1.338737487792970,321.488372802733977,308.685577392578011,1.880593538284300,-66.790000915527301,32.180000305175803,338.104187011718977,311.748962402343977,-104.419998168944986,44.799999237060497,"10","7","1",-30.133056640625000,"2555",-62.739517211914098,4.892656326293950,"1636",,,,,,,,,,,,,,,,,,,,,,,,,,,,,,,,,,,,,,,,,,,,,,,,,./0.png
"0","0",0.746261358261108,2.005859136581420,1.259597778320310,13.139086723327599,1.388070583343510,322.200683593750000,309.061706542968977,1.862801194190980,-66.799995422363295,32.189998626708999,343.897338867188012,310.832611083983977,-103.419998168944986,44.829998016357401,"10","8","1",-30.135246276855501,"2563",-62.737365722656200,8.590073585510250,"1634",,,,,,,,,,,,,,,,,,,,,,,,,,,,,,,,,,,,,,,,,,,,,,,,,./0.png
"0","0",0.993581533432007,2.574462413787840,1.580880880355830,15.139855384826699,1.104773521423340,315.506225585938012,300.366271972656023,1.327414989471440,-72.479995727539105,35.459999084472699,346.950317382811988,303.133636474608977,-105.839996337890994,60.770000457763707,"10","8","1",-29.090124130248999,"2567",-58.282768249511697,4.989302635192870,"653",,,,,,,,,,,,,,,,,,,,,,,,,,,,,,,,,,,,,,,,,,,,,,,,,./0.png
"0","0",0.000000000000000,0.000000000000000,0.000000000000000,0.000000000000000,1.079058170318600,0.000000000000000,0.000000000000000,1.765752315521240,-72.479995727539105,35.450000762939503,367.000000000000000,304.919311523438012,-105.869995117187997,60.770000457763707,"0","9","1",-29.084369659423800,"2568",-58.284564971923800,15.388530731201200,"653",,,,,,,,,,,,,,,,,,,,,,,,,,,,,,,,,,,,,,,,,,,,,,,,,./0.png
"0","0",1.090203166008000,2.569160461425780,1.478957295417790,14.876650810241699,1.097070932388310,315.273986816406023,300.397399902343977,1.372704505920410,-72.479995727539105,35.450000762939503,335.087463378906023,303.987213134766023,-105.869995117187997,60.750000000000000,"10","8","1",-29.085527420043899,"2568",-58.289215087890597,6.165246486663820,"654",,,,,,,,,,,,,,,,,,,,,,,,,,,,,,,,,,,,,,,,,,,,,,,,,./0.png
"0","0",2.248073577880860,4.183891773223880,1.935818314552310,12.687598228454601,0.871636986732483,309.559631347656023,296.872131347656023,1.104202628135680,-72.119995117187500,35.219997406005902,330.463165283203011,300.764617919921989,-105.750000000000000,59.879997253417997,"10","7","1",-29.155660629272500,"2569",-58.595790863037102,4.895486354827880,"721",,,,,,,,,,,,,,,,,,,,,,,,,,,,,,,,,,,,,,,,,,,,,,,,,./0.png
"1","0",2.125776290893550,4.052838802337650,1.927062392234800,12.717425346374499,0.809667050838470,309.532196044921989,296.814910888671989,0.986126482486725,-72.119995117187500,35.209999084472699,333.146545410156023,300.287322998046989,-105.779998779297003,59.869998931884801,"10","8","1",-29.151121139526399,"2570",-58.602046966552699,3.707763195037840,"722",,,,,,,,,,,,,,,,,,,,,,,,,,,,,,,,,,,,,,,,,,,,,,,,,./0.png
"0","0",0.453517675399780,2.119369983673100,1.665852308273320,17.226480484008800,1.239464521408080,320.473693847656023,303.247344970703068,1.358147144317630,-68.720001220703097,33.119998931884801,334.458923339843977,304.642059326171989,-104.839996337890994,50.559997558593800,"10","7","1",-29.747440338134801,"2582",-61.388919830322301,2.835149288177490,"1382",,,,,,,,,,,,,,,,,,,,,,,,,,,,,,,,,,,,,,,,,,,,,,,,,./0.png
"0","0",1.162793755531310,2.926288843154910,1.763495087623600,11.263916969299300,1.311387181282040,319.396057128906023,308.132202148438012,1.586211919784550,-67.089996337890597,32.239997863769503,343.297180175780966,309.761840820311988,-104.259994506835994,45.479999542236293,"10","8","1",-30.020261764526399,"2582",-62.615478515625000,5.124601364135740,"1605",,,,,,,,,,,,,,,,,,,,,,,,,,,,,,,,,,,,,,,,,,,,,,,,,./0.png
"0","0",1.137522459030150,2.919770956039430,1.782248497009280,11.195923805236800,1.297859191894530,319.262786865233977,308.066894531250000,1.490780591964720,-67.089996337890597,32.239997863769503,335.414611816406023,309.761840820311988,-104.259994506835994,45.459999084472699,"10","7","1",-30.021358489990199,"2582",-62.620532989502003,3.590080499649050,"1606",,,,,,,,,,,,,,,,,,,,,,,,,,,,,,,,,,,,,,,,,,,,,,,,,./0.png
"0","0",0.710619449615479,2.431221485137940,1.720602035522460,15.143189430236800,0.959235846996307,311.116027832031023,295.972869873046989,1.236836075782780,-71.169998168945298,34.540000915527301,332.558258056641023,299.014648437500057,-105.799995422362997,57.309997558593800,"10","8","1",-29.287107467651399,"2583",-59.466072082519503,4.919661045074460,"923",,,,,,,,,,,,,,,,,,,,,,,,,,,,,,,,,,,,,,,,,,,,,,,,,./0.png
"0","0",0.000000000000000,0.000000000000000,0.000000000000000,0.000000000000000,1.192790746688840,0.000000000000000,0.000000000000000,2.318930864334110,-71.559997558593807,34.750000000000000,367.000000000000000,304.454071044921989,-106.040000915527003,58.239997863769503,"0","9","1",-29.197330474853501,"2586",-59.173664093017599,21.208629608154300,"849",,,,,,,,,,,,,,,,,,,,,,,,,,,,,,,,,,,,,,,,,,,,,,,,,./0.png
"0","0",0.000000000000000,0.000000000000000,0.000000000000000,0.000000000000000,1.187938451766970,0.000000000000000,0.000000000000000,2.055281400680540,-71.549995422363295,34.750000000000000,367.000000000000000,304.583160400391023,-106.040000915527003,58.229999542236293,"0","9","1",-29.198358535766602,"2586",-59.177791595458999,16.307352066040000,"850",,,,,,,,,,,,,,,,,,,,,,,,,,,,,,,,,,,,,,,,,,,,,,,,,./0.png
"0","0",0.898609757423401,2.718015193939210,1.819405436515810,15.638445854186999,0.979034543037415,311.810699462891023,296.172119140625000,1.144639611244200,-71.199996948242202,34.540000915527301,332.550415039061988,296.749633789061988,-105.909996032715014,57.349998474121101,"10","8","1",-29.268068313598601,"2586",-59.459194183349602,2.939604282379150,"920",,,,,,,,,,,,,,,,,,,,,,,,,,,,,,,,,,,,,,,,,,,,,,,,,./0.png
"0","0",0.278696775436401,2.400412082672120,2.121715307235720,15.646113395690900,0.947182536125183,311.204895019531023,295.558837890625000,1.130082249641420,-71.180000305175795,34.540000915527301,332.687622070311988,298.492614746093977,-105.139999389647997,57.340000152587898,"10","8","1",-29.286508560180700,"2596",-59.464706420898402,3.246596097946170,"921",,,,,,,,,,,,,,,,,,,,,,,,,,,,,,,,,,,,,,,,,,,,,,,,,./0.png
"0","0",0.208393096923828,2.499031066894530,2.290637969970700,15.511467933654799,0.915766060352325,310.974578857421989,295.463134765625000,1.076705455780030,-71.169998168945298,34.529998779296903,332.617401123046989,298.059844970703068,-105.139999389647997,57.299999237060497,"10","8","1",-29.289333343505898,"2596",-59.476554870605497,2.847597360610960,"924",,,,,,,,,,,,,,,,,,,,,,,,,,,,,,,,,,,,,,,,,,,,,,,,,./0.png
"0","0",0.000000000000000,0.000000000000000,0.000000000000000,0.000000000000000,1.232590079307560,0.000000000000000,0.000000000000000,2.026166677474980,-71.559997558593807,34.750000000000000,367.000000000000000,304.088592529296932,-105.389999389647997,58.259998321533203,"0","9","1",-29.199571609497099,"2599",-59.175479888916001,7.472725391387940,"848",,,,,,,,,,,,,,,,,,,,,,,,,,,,,,,,,,,,,,,,,,,,,,,,,./0.png
"0","0",1.232270717620850,2.229612588882450,0.997341930866241,17.988887786865199,1.232590079307560,318.276489257811988,300.287475585938012,2.026166677474980,-71.549995422363295,34.750000000000000,348.903564453125000,302.562469482421989,-105.389999389647997,58.239997863769503,"10","8","1",-29.200571060180700,"2599",-59.179622650146499,7.472725391387940,"849",,,,,,,,,,,,,,,,,,,,,,,,,,,,,,,,,,,,,,,,,,,,,,,,,./0.png
"0","0",0.000000000000000,0.000000000000000,0.000000000000000,0.000000000000000,1.226052761077880,0.000000000000000,0.000000000000000,1.621796488761900,-71.559997558593807,34.750000000000000,367.000000000000000,302.744628906250000,-105.419998168944986,58.259998321533203,"0","9","1",-29.194103240966800,"2600",-59.177204132080099,7.453052997589110,"848",,,,,,,,,,,,,,,,,,,,,,,,,,,,,,,,,,,,,,,,,,,,,,,,,./0.png
"0","0",1.798245668411250,3.586139917373660,1.787894248962400,13.758922576904300,0.942839682102203,310.967590332031023,297.208770751953011,1.105820059776310,-71.129997253417997,34.450000762939503,334.208221435546989,300.307617187500057,-105.430000305175994,57.069999694824197,"10","8","1",-29.253622055053700,"2606",-59.567733764648402,2.842452287673950,"943",,,,,,,,,,,,,,,,,,,,,,,,,,,,,,,,,,,,,,,,,,,,,,,,,./0.png
"0","1",2.039570569992070,4.241478919982910,2.201908349990840,14.741971015930201,0.927204012870789,311.670684814453011,296.928863525391023,1.236836075782780,-71.180000305175795,34.450000762939503,355.969207763671989,299.242736816406023,-105.579994201660000,57.129997253417997,"10","8","1",-29.227489471435501,"2610",-59.554798126220703,5.417379856109620,"938",,,,,,,,,,,,,,,,,,,,,,,,,,,,,,,,,,,,,,,,,,,,,,,,,./0.png
"0","0",1.164704561233520,1.924556016922000,0.759851455688477,17.956169128418001,1.178109049797060,317.848571777343977,299.892272949219034,1.398584127426150,-71.709999084472699,34.709999084472699,340.572509765625000,300.408996582031023,-106.059997558594006,58.349998474121101,"10","8","1",-29.082878112793001,"2619",-59.180332183837898,4.180219650268550,"841",,,,,,,,,,,,,,,,,,,,,,,,,,,,,,,,,,,,,,,,,,,,,,,,,./0.png
"0","0",1.107534885406490,1.844914317131040,0.737379431724548,17.889957427978501,1.146630406379700,317.781341552733977,299.891296386718977,1.210956335067750,-71.709999084472699,34.709999084472699,331.052581787108977,299.292388916016023,-106.059997558594006,58.340000152587898,"10","8","1",-29.083898544311499,"2619",-59.184429168701200,1.217571377754210,"842",,,,,,,,,,,,,,,,,,,,,,,,,,,,,,,,,,,,,,,,,,,,,,,,,./0.png
"0","0",1.759243607521060,2.605211496353150,0.845967888832092,17.321821212768601,1.180575847625730,316.965393066406023,299.643585205078011,1.531217575073240,-71.720001220703097,34.719997406005902,330.962646484375000,298.862365722656023,-105.399993896484006,58.369998931884801,"10","8","1",-29.085557937622099,"2632",-59.180534362792997,3.329699039459230,"839",,,,,,,,,,,,,,,,,,,,,,,,,,,,,,,,,,,,,,,,,,,,,,,,,./0.png
"0","0",1.728094100952150,2.585839986801150,0.857745945453644,17.225086212158200,1.180575847625730,316.887359619140966,299.662261962891023,1.531217575073240,-71.729995727539105,34.719997406005902,334.163421630859034,300.153961181641023,-105.439994812012003,58.379997253417997,"10","8","1",-29.079076766967798,"2633",-59.178123474121101,3.329699039459230,"838",,,,,,,,,,,,,,,,,,,,,,,,,,,,,,,,,,,,,,,,,,,,,,,,,./0.png
"0","0",2.250693798065190,3.257295131683350,1.006601333618160,16.648738861083999,1.117219448089600,315.818786621093977,299.169982910156023,1.274038076400760,-71.699996948242202,34.700000762939503,341.990753173828011,300.492919921875000,-105.430000305175994,58.299999237060497,"10","8","1",-29.085086822509801,"2633",-59.202892303466797,2.963302373886110,"844",,,,,,,,,,,,,,,,,,,,,,,,,,,,,,,,,,,,,,,,,,,,,,,,,./0.png
"0","0",0.000000000000000,0.000000000000000,0.000000000000000,0.000000000000000,1.111438751220700,0.000000000000000,0.000000000000000,1.560332298278810,-71.699996948242202,34.700000762939503,367.000000000000000,301.073181152343977,-105.459999084472997,58.299999237060497,"0","9","1",-29.079608917236300,"2634",-59.204593658447301,8.482457160949712,"844",,,,,,,,,,,,,,,,,,,,,,,,,,,,,,,,,,,,,,,,,,,,,,,,,./0.png
"0","0",1.858797073364260,4.559957027435300,2.701159954071040,19.070682525634801,1.090184330940250,318.083435058593977,299.012756347656023,1.715610384941100,-71.250000000000000,34.419998168945298,350.913757324219034,301.553344726561988,-105.279998779297003,57.149997711181598,"10","8","1",-29.168777465820298,"2634",-59.574222564697301,10.960065841674799,"936",,,,,,,,,,,,,,,,,,,,,,,,,,,,,,,,,,,,,,,,,,,,,,,,,./0.png
"0","0",0.000000000000000,0.000000000000000,0.000000000000000,0.000000000000000,1.027965188026430,0.000000000000000,0.000000000000000,1.812659263610840,-71.139999389648395,34.329998016357401,367.000000000000000,307.841979980468977,-105.360000610352003,56.799999237060497,"0","9","1",-29.173557281494102,"2638",-59.689762115478501,13.448992729186999,"964",,,,,,,,,,,,,,,,,,,,,,,,,,,,,,,,,,,,,,,,,,,,,,,,,./0.png
"0","0",0.927394151687622,3.206828832626340,2.279434680938720,19.209047317504901,1.058284044265750,319.169036865233977,299.959838867188012,1.726932764053340,-71.139999389648395,34.329998016357401,338.868865966796989,303.967498779296932,-105.360000610352003,56.809997558593800,"10","8","1",-29.172632217407202,"2638",-59.685916900634801,11.478147506713899,"963",,,,,,,,,,,,,,,,,,,,,,,,,,,,,,,,,,,,,,,,,,,,,,,,,./0.png
"0","0",1.061182141304020,2.664353847503660,1.603171706199650,11.063205718994100,1.330401182174680,321.270629882811988,310.207672119140966,1.696200609207150,-67.319999694824205,32.149997711181598,340.957641601561988,314.311614990233977,-103.899993896484006,45.569999694824197,"10","7","1",-29.848161697387699,"2638",-62.658439636230497,6.848766326904300,"1601",,,,,,,,,,,,,,,,,,,,,,,,,,,,,,,,,,,,,,,,,,,,,,,,,./0.png
"0","0",0.000000000000000,0.000000000000000,0.000000000000000,0.000000000000000,1.262109279632570,0.000000000000000,0.000000000000000,1.781927108764650,-70.519996643066406,33.930000305175803,367.000000000000000,304.082977294921989,-105.239997863770000,55.079998016357401,"0","9","1",-29.276510238647500,"2642",-60.215591430664098,8.010217666625980,"1104",,,,,,,,,,,,,,,,,,,,,,,,,,,,,,,,,,,,,,,,,,,,,,,,,./0.png
"2","1",0.000000000000000,0.000000000000000,0.000000000000000,0.000000000000000,1.093831658363340,0.000000000000000,0.000000000000000,1.726932764053340,-71.400001525878906,34.430000305175803,367.000000000000000,300.701080322266023,-105.709999084472997,57.349998474121101,"0","9","1",-29.089160919189499,"2646",-59.531211853027301,11.237981796264600,"920",,,,,,,,,,,,,,,,,,,,,,,,,,,,,,,,,,,,,,,,,,,,,,,,,./0.png
"0","0",1.739896297454830,2.967349290847780,1.227452993392940,14.741401672363301,1.110556960105900,315.742248535156023,301.000885009766023,1.387261748313900,-69.949996948242202,33.540000915527301,330.694946289061988,303.987213134766023,-105.319999694824006,53.360000610351598,"10","7","1",-29.347253799438501,"2651",-60.722156524658203,3.855956315994260,"1247",,,,,,,,,,,,,,,,,,,,,,,,,,,,,,,,,,,,,,,,,,,,,,,,,./0.png
"0","0",1.258461236953740,2.049904584884640,0.791443288326263,14.295539855956999,1.170519232749940,315.539184570311988,301.243560791016023,1.443873643875120,-69.959999084472699,33.540000915527301,341.810455322266023,303.057067871093977,-104.589996337890994,53.389999389648402,"10","8","1",-29.344131469726602,"2663",-60.720970153808601,3.814487218856810,"1244",,,,,,,,,,,,,,,,,,,,,,,,,,,,,,,,,,,,,,,,,,,,,,,,,./0.png
"0","0",0.285156011581421,2.619198560714720,2.334042549133300,16.000288009643601,1.043089985847470,315.161407470703068,299.161041259766023,1.269185662269590,-70.720001220703097,33.989997863769503,334.631072998046989,301.923004150391023,-104.930000305175994,55.489997863769503,"10","8","1",-29.198682785034201,"2664",-60.116409301757798,3.572756290435790,"1070",,,,,,,,,,,,,,,,,,,,,,,,,,,,,,,,,,,,,,,,,,,,,,,,,./0.png
"0","0",1.240394592285160,2.280276536941530,1.039881944656370,15.664561271667500,1.183951497077940,317.611999511718977,301.947479248046989,1.463283419609070,-69.769996643066406,33.399997711181598,341.225646972656023,303.682586669921989,-104.720001220702997,52.770000457763707,"10","8","1",-29.353881835937500,"2669",-60.902923583984403,7.526298999786380,"1288",,,,,,,,,,,,,,,,,,,,,,,,,,,,,,,,,,,,,,,,,,,,,,,,,./0.png
"0","0",1.184502482414250,2.257522821426390,1.073020339012150,15.574332237243700,1.185461640357970,317.385559082031023,301.811096191406023,1.340354800224300,-69.790000915527301,33.399997711181598,331.294403076171989,303.394256591796989,-104.759994506835994,52.789997100830099,"10","7","1",-29.347427368164102,"2670",-60.897876739502003,4.184613227844240,"1287",,,,,,,,,,,,,,,,,,,,,,,,,,,,,,,,,,,,,,,,,,,,,,,,,./0.png
"0","0",1.232649445533750,2.722372293472290,1.489722847938540,15.502756118774400,0.950850009918213,312.769439697266023,297.266540527343977,1.173754334449770,-71.939994812011705,34.649997711181598,337.192840576171989,299.005859375000000,-105.809997558594006,58.469997406005902,"10","8","1",-28.905853271484400,"2677",-59.209442138671903,4.262116432189940,"831",,,,,,,,,,,,,,,,,,,,,,,,,,,,,,,,,,,,,,,,,,,,,,,,,./0.png
"0","0",1.503731966018680,2.425433874130250,0.921701848506927,14.850060462951699,1.181075453758240,316.954406738281023,302.104217529296932,1.330649971961980,-70.760002136230497,33.880001068115199,340.953216552733977,302.724700927733977,-104.899993896484006,55.270000457763707,"10","8","1",-29.108636856079102,"2697",-60.222732543945298,2.332197666168210,"1088",,,,,,,,,,,,,,,,,,,,,,,,,,,,,,,,,,,,,,,,,,,,,,,,,./0.png
"0","0",0.000000000000000,0.000000000000000,0.000000000000000,0.000000000000000,1.213014721870420,0.000000000000000,0.000000000000000,2.475826501846310,-70.769996643066406,33.880001068115199,367.000000000000000,305.783843994140966,-104.939994812012003,55.279998779296903,"0","9","1",-29.102617263793899,"2698",-60.220691680908203,9.859587669372560,"1087",,,,,,,,,,,,,,,,,,,,,,,,,,,,,,,,,,,,,,,,,,,,,,,,,./0.png
"0","0",1.500686287879940,2.416765213012700,0.916078925132751,14.814589500427200,1.226322293281560,316.945922851561988,302.131286621093977,2.391717433929440,-70.769996643066406,33.869998931884801,348.250000000000000,307.334472656250000,-104.930000305175994,55.270000457763707,"10","8","1",-29.103460311889599,"2698",-60.224296569824197,4.542772293090820,"1088",,,,,,,,,,,,,,,,,,,,,,,,,,,,,,,,,,,,,,,,,,,,,,,,,./0.png
"0","0",1.432611227035520,2.318819999694820,0.886208832263947,14.725607872009300,1.226322293281560,316.899139404296932,302.173492431641023,2.391717433929440,-70.760002136230497,33.869998931884801,349.188873291016023,305.254638671875000,-104.930000305175994,55.259998321533203,"10","8","1",-29.104303359985401,"2698",-60.227890014648402,4.542772293090820,"1089",,,,,,,,,,,,,,,,,,,,,,,,,,,,,,,,,,,,,,,,,,,,,,,,,./0.png
"0","0",0.000000000000000,0.000000000000000,0.000000000000000,0.000000000000000,1.213014721870420,0.000000000000000,0.000000000000000,2.475826501846310,-70.779998779296903,33.869998931884801,367.000000000000000,304.414764404296932,-104.970001220702997,55.279998779296903,"0","9","1",-29.097438812255898,"2699",-60.222236633300803,9.859587669372560,"1087",,,,,,,,,,,,,,,,,,,,,,,,,,,,,,,,,,,,,,,,,,,,,,,,,./0.png
"0","0",1.498204946517940,2.409713268280030,0.911508381366730,14.774991989135700,1.226322293281560,316.906036376953011,302.131011962891023,2.391717433929440,-70.769996643066406,33.869998931884801,341.000091552733977,305.978302001953011,-104.970001220702997,55.270000457763707,"10","8","1",-29.098281860351602,"2699",-60.225841522216797,4.542772293090820,"1088",,,,,,,,,,,,,,,,,,,,,,,,,,,,,,,,,,,,,,,,,,,,,,,,,./0.png
"0","0",1.430485606193540,2.313148260116580,0.882662653923035,14.695533752441399,1.226322293281560,316.867126464843977,302.171569824219034,2.391717433929440,-70.769996643066406,33.869998931884801,342.659393310546989,304.552307128906023,-104.970001220702997,55.259998321533203,"10","8","1",-29.099126815795898,"2699",-60.229434967041001,4.542772293090820,"1089",,,,,,,,,,,,,,,,,,,,,,,,,,,,,,,,,,,,,,,,,,,,,,,,,./0.png
"0","0",1.694759726524350,2.829958438873290,1.135198712348940,14.461688995361300,1.173684120178220,315.410369873046989,300.948455810546989,1.312857627868650,-70.290000915527301,33.569999694824197,330.998901367188012,303.187500000000000,-104.839996337890994,53.909999847412102,"10","7","1",-29.180200576782202,"2701",-60.624149322509801,2.002134799957280,"1201",,,,,,,,,,,,,,,,,,,,,,,,,,,,,,,,,,,,,,,,,,,,,,,,,./0.png
"0","0",1.619853138923650,2.792158842086790,1.172305703163150,14.437335014343301,1.113988399505620,315.335510253906023,300.897918701171989,1.285360455513000,-70.299995422363295,33.569999694824197,331.052581787108977,301.756927490233977,-104.879997253417997,53.930000305175803,"10","7","1",-29.173568725585898,"2702",-60.618850708007798,2.468792676925660,"1199",,,,,,,,,,,,,,,,,,,,,,,,,,,,,,,,,,,,,,,,,,,,,,,,,./0.png
"0","0",1.434666991233830,2.490015745162960,1.055348753929140,13.931920051574700,1.289201974868770,318.924011230468977,304.992279052733977,1.557097315788270,-68.510002136230497,32.549999237060497,332.154846191406023,304.933288574219034,-104.199996948242003,48.619998931884801,"10","7","1",-29.489328384399400,"2702",-62.014934539794901,2.897277355194090,"1466",,,,,,,,,,,,,,,,,,,,,,,,,,,,,,,,,,,,,,,,,,,,,,,,,./0.png
"0","0",1.421505212783810,2.420605897903440,0.999100625514984,13.978857994079601,1.289201974868770,319.035888671875000,305.057189941406023,1.557097315788270,-68.500000000000000,32.540000915527301,332.627441406250000,304.742950439453011,-104.199996948242003,48.599998474121101,"10","7","1",-29.490556716918899,"2702",-62.020523071289098,2.897277355194090,"1467",,,,,,,,,,,,,,,,,,,,,,,,,,,,,,,,,,,,,,,,,,,,,,,,,./0.png
"0","0",1.413014411926270,2.354044675827030,0.941030204296112,14.003989219665501,1.285576105117800,319.116851806641023,305.112945556641023,1.518277764320370,-68.489997863769503,32.540000915527301,330.783233642578011,305.366210937500057,-104.189994812012003,48.579998016357401,"10","7","1",-29.491786956787099,"2702",-62.026103973388707,5.021869659423830,"1468",,,,,,,,,,,,,,,,,,,,,,,,,,,,,,,,,,,,,,,,,,,,,,,,,./0.png
"0","0",1.490351438522340,2.369317293167110,0.878965914249420,14.089263916015600,1.274667143821720,319.328155517578011,305.239044189453011,1.492398023605350,-68.470001220703097,32.520000457763700,335.169525146483977,307.787231445311988,-104.189994812012003,48.509998321533203,"10","7","1",-29.495462417602500,"2702",-62.042823791503899,4.688118934631350,"1471",,,,,,,,,,,,,,,,,,,,,,,,,,,,,,,,,,,,,,,,,,,,,,,,,./0.png
"0","0",1.037739157676700,2.054280281066890,1.016541123390200,14.670166969299300,1.145043969154360,315.601287841796989,300.931274414061988,1.464900851249690,-70.169998168945298,33.479999542236300,342.805328369140966,301.516021728516023,-104.899993896484006,53.520000457763707,"10","8","1",-29.190128326416001,"2704",-60.736629486083999,4.500341892242430,"1233",,,,,,,,,,,,,,,,,,,,,,,,,,,,,,,,,,,,,,,,,,,,,,,,,./0.png
"0","0",1.320301175117490,2.408016681671140,1.087715506553650,13.637385368347200,1.245372772216800,318.577911376953011,304.940582275391023,1.746342539787290,-68.529998779296903,32.540000915527301,333.702484130859034,306.629058837891023,-104.279998779297003,48.649997711181598,"10","7","1",-29.478805541992202,"2704",-62.011985778808601,5.430343151092530,"1465",,,,,,,,,,,,,,,,,,,,,,,,,,,,,,,,,,,,,,,,,,,,,,,,,./0.png
"0","0",1.332296609878540,2.391609430313110,1.059312820434570,13.635540962219199,1.245372772216800,318.559631347656023,304.924072265625000,1.746342539787290,-68.529998779296903,32.540000915527301,346.343933105468977,308.170196533203011,-104.309997558594006,48.649997711181598,"10","8","1",-29.474161148071300,"2705",-62.013301849365199,5.430343151092530,"1465",,,,,,,,,,,,,,,,,,,,,,,,,,,,,,,,,,,,,,,,,,,,,,,,,./0.png
"0","0",2.766917467117310,3.730371713638310,0.963454246520996,13.486530303955099,1.007846832275390,312.017669677733977,298.531158447266023,1.469753265380860,-72.159996032714801,34.639999389648402,356.898559570311988,300.090118408203011,-105.879997253417997,58.709999084472699,"10","8","1",-28.775655746460000,"2711",-59.174144744872997,8.968375205993652,"812",,,,,,,,,,,,,,,,,,,,,,,,,,,,,,,,,,,,,,,,,,,,,,,,,./0.png
"0","0",1.511413097381590,2.532194137573240,1.020781040191650,17.258491516113299,1.149060726165770,315.521514892578011,298.263031005859034,2.354515314102170,-72.069999694824205,34.579998016357401,338.505554199219034,299.444183349608977,-105.879997253417997,58.479999542236293,"10","8","1",-28.788734436035199,"2712",-59.250823974609403,5.762324333190920,"830",,,,,,,,,,,,,,,,,,,,,,,,,,,,,,,,,,,,,,,,,,,,,,,,,./0.png
"0","0",1.406500101089480,2.494092464447020,1.087592363357540,17.422239303588899,1.149060726165770,315.601562500000000,298.179351806641023,2.354515314102170,-72.069999694824205,34.579998016357401,338.421295166016023,298.915100097656023,-105.879997253417997,58.469997406005902,"10","8","1",-28.789758682251001,"2712",-59.254959106445298,5.762324333190920,"831",,,,,,,,,,,,,,,,,,,,,,,,,,,,,,,,,,,,,,,,,,,,,,,,,./0.png
"0","0",0.000000000000000,0.000000000000000,0.000000000000000,0.000000000000000,1.149060726165770,0.000000000000000,0.000000000000000,2.354515314102170,-72.080001831054702,34.579998016357401,367.000000000000000,301.493041992188012,-105.909996032715014,58.479999542236293,"0","9","1",-28.783237457275401,"2713",-59.252513885497997,5.762324333190920,"830",,,,,,,,,,,,,,,,,,,,,,,,,,,,,,,,,,,,,,,,,,,,,,,,,./0.png
"0","0",0.000000000000000,0.000000000000000,0.000000000000000,0.000000000000000,1.149060726165770,0.000000000000000,0.000000000000000,2.354515314102170,-72.080001831054702,34.579998016357401,367.000000000000000,299.327423095703068,-105.909996032715014,58.469997406005902,"0","9","1",-28.784265518188501,"2713",-59.256652832031200,5.762324333190920,"831",,,,,,,,,,,,,,,,,,,,,,,,,,,,,,,,,,,,,,,,,,,,,,,,,./0.png
"0","0",1.504881501197810,2.455320119857790,0.950438618659973,16.987854003906200,1.154344558715820,315.313629150391023,298.325897216796989,1.678408384323120,-72.089996337890597,34.579998016357401,339.779937744140966,298.920959472656023,-105.909996032715014,58.489997863769503,"10","8","1",-28.782209396362301,"2713",-59.248374938964801,10.037528991699199,"829",,,,,,,,,,,,,,,,,,,,,,,,,,,,,,,,,,,,,,,,,,,,,,,,,./0.png
"0","0",1.293553113937380,2.448459625244140,1.154906511306760,14.236652374267599,1.172743320465090,315.583160400391023,301.346282958983977,1.301535248756410,-70.019996643066406,33.340000152587898,334.541412353516023,303.600677490233977,-105.139999389647997,52.959999084472699,"10","8","1",-29.181713104248001,"2713",-60.907066345214801,3.507607936859130,"1280",,,,,,,,,,,,,,,,,,,,,,,,,,,,,,,,,,,,,,,,,,,,,,,,,./0.png
"0","0",1.810521841049190,2.609710931777950,0.799189090728760,16.704374313354499,1.134611368179320,315.314483642578011,298.610290527343977,1.283743023872380,-72.099998474121094,34.590000152587898,330.975524902343977,300.281555175780966,-105.949996948242003,58.520000457763707,"10","8","1",-28.774644851684599,"2714",-59.241760253906200,2.861206531524660,"827",,,,,,,,,,,,,,,,,,,,,,,,,,,,,,,,,,,,,,,,,,,,,,,,,./0.png
"0","0",1.464916229248050,2.398821115493770,0.933904886245728,16.946504592895501,1.198178172111510,315.318725585938012,298.372406005859034,1.649293661117550,-72.089996337890597,34.579998016357401,333.277038574219034,300.744415283203011,-105.949996948242003,58.489997863769503,"10","8","1",-28.776706695556602,"2714",-59.250061035156200,8.640331268310550,"829",,,,,,,,,,,,,,,,,,,,,,,,,,,,,,,,,,,,,,,,,,,,,,,,,./0.png
"0","0",1.451609730720520,2.457428932189940,1.005819201469420,17.158527374267599,1.195428490638730,315.451904296875000,298.293518066406023,3.645265340805050,-72.089996337890597,34.579998016357401,353.168060302733977,300.986755371093977,-105.949996948242003,58.479999542236293,"10","8","1",-28.777734756469702,"2714",-59.254199981689503,23.421461105346701,"830",,,,,,,,,,,,,,,,,,,,,,,,,,,,,,,,,,,,,,,,,,,,,,,,,./0.png
"0","0",1.383189439773560,2.431790590286250,1.048601150512700,17.295745849609400,1.195428490638730,315.529815673828011,298.234161376953011,3.645265340805050,-72.080001831054702,34.569999694824197,352.802398681641023,302.946380615233977,-105.939994812012003,58.469997406005902,"10","8","1",-28.778766632080099,"2714",-59.258338928222699,23.421461105346701,"831",,,,,,,,,,,,,,,,,,,,,,,,,,,,,,,,,,,,,,,,,,,,,,,,,./0.png
"0","0",2.602480888366700,3.397861480712890,0.795380473136902,14.700685501098601,1.052558660507200,313.745025634766023,299.044372558593977,1.608856678009030,-72.169998168945298,34.649997711181598,333.216796875000000,299.534576416016023,-105.239997863770000,58.739997863769503,"10","8","1",-28.777936935424801,"2724",-59.171466827392599,5.409791469573970,"810",,,,,,,,,,,,,,,,,,,,,,,,,,,,,,,,,,,,,,,,,,,,,,,,,./0.png
"0","0",2.604614257812500,3.386693239212040,0.782078981399536,14.848461151123001,1.052558660507200,313.886199951171989,299.037811279296932,1.608856678009030,-72.159996032714801,34.649997711181598,351.146270751953011,299.732635498046989,-105.229995727539006,58.729999542236293,"10","8","1",-28.778947830200199,"2724",-59.175678253173800,5.409791469573970,"811",,,,,,,,,,,,,,,,,,,,,,,,,,,,,,,,,,,,,,,,,,,,,,,,,./0.png
"0","0",0.765870094299316,1.882936120033260,1.117066025733950,14.287494659423800,1.160713434219360,315.618286132811988,301.330749511718977,1.466518402099610,-70.019996643066406,33.349998474121101,344.140289306641023,303.340484619140966,-104.369995117187997,52.979999542236293,"10","8","1",-29.183742523193398,"2724",-60.908470153808601,4.169866085052490,"1279",,,,,,,,,,,,,,,,,,,,,,,,,,,,,,,,,,,,,,,,,,,,,,,,,./0.png
"0","0",0.000000000000000,0.000000000000000,0.000000000000000,0.000000000000000,1.145101785659790,0.000000000000000,0.000000000000000,3.865242719650270,-72.080001831054702,34.579998016357401,367.000000000000000,301.110626220703068,-105.259994506835994,58.500000000000000,"0","9","1",-28.786046981811499,"2726",-59.254276275634801,13.024889945983899,"829",,,,,,,,,,,,,,,,,,,,,,,,,,,,,,,,,,,,,,,,,,,,,,,,,./0.png
"0","0",1.617399930953980,2.755230426788330,1.137830495834350,17.184703826904300,1.145101785659790,315.612091064453011,298.427459716796989,3.865242719650270,-72.089996337890597,34.590000152587898,354.949798583983977,299.122894287108977,-105.259994506835994,58.509998321533203,"10","8","1",-28.785047531127901,"2726",-59.250114440917997,13.024889945983899,"828",,,,,,,,,,,,,,,,,,,,,,,,,,,,,,,,,,,,,,,,,,,,,,,,,./0.png
"0","0",1.486218333244320,2.728044748306270,1.241826415061950,17.371536254882798,1.133939385414120,315.718658447266023,298.347229003906023,2.378777742385860,-72.080001831054702,34.579998016357401,340.344696044921989,298.395568847656023,-105.259994506835994,58.479999542236293,"10","8","1",-28.787052154541001,"2726",-59.258434295654297,11.901173591613800,"830",,,,,,,,,,,,,,,,,,,,,,,,,,,,,,,,,,,,,,,,,,,,,,,,,./0.png
"0","0",0.000000000000000,0.000000000000000,0.000000000000000,0.000000000000000,1.145101785659790,0.000000000000000,0.000000000000000,3.865242719650270,-72.089996337890597,34.579998016357401,367.000000000000000,301.438476562499943,-105.290000915527003,58.500000000000000,"0","9","1",-28.780551910400401,"2727",-59.255973815917997,13.024889945983899,"829",,,,,,,,,,,,,,,,,,,,,,,,,,,,,,,,,,,,,,,,,,,,,,,,,./0.png
"0","0",1.585502028465270,2.763376951217650,1.177874922752380,17.061529159545898,1.145101785659790,315.394470214843977,298.332977294921989,3.865242719650270,-72.089996337890597,34.579998016357401,353.647064208983977,300.781951904296932,-105.299995422362997,58.509998321533203,"10","8","1",-28.779548645019499,"2727",-59.251815795898402,13.024889945983899,"828",,,,,,,,,,,,,,,,,,,,,,,,,,,,,,,,,,,,,,,,,,,,,,,,,./0.png
"0","0",1.482197642326350,2.753478765487670,1.271281123161320,17.247632980346701,1.133939385414120,315.516296386718977,298.268768310546989,2.378777742385860,-72.080001831054702,34.579998016357401,353.741790771483977,298.959014892578011,-105.290000915527003,58.479999542236293,"10","8","1",-28.781557083129901,"2727",-59.260135650634801,11.901173591613800,"830",,,,,,,,,,,,,,,,,,,,,,,,,,,,,,,,,,,,,,,,,,,,,,,,,./0.png
"0","0",0.000000000000000,0.000000000000000,0.000000000000000,0.000000000000000,1.101223111152650,0.000000000000000,0.000000000000000,1.854713797569270,-72.089996337890597,34.579998016357401,367.000000000000000,300.906005859375000,-105.329994201660000,58.500000000000000,"0","9","1",-28.775060653686499,"2728",-59.257682800292997,14.431800842285201,"829",,,,,,,,,,,,,,,,,,,,,,,,,,,,,,,,,,,,,,,,,,,,,,,,,./0.png
"0","0",1.498648881912230,2.824260234832760,1.325611352920530,17.216110229492202,1.090633869171140,315.432495117188012,298.216461181641023,1.440638661384580,-72.089996337890597,34.579998016357401,336.178283691406023,300.093017578125000,-105.329994201660000,58.479999542236293,"10","8","1",-28.776065826416001,"2728",-59.261840820312493,6.692383289337160,"830",,,,,,,,,,,,,,,,,,,,,,,,,,,,,,,,,,,,,,,,,,,,,,,,,./0.png
"0","0",1.063238143920900,2.038314819335940,0.975076735019684,16.091352462768601,1.260982751846310,317.740875244140966,301.649444580078011,1.442256093025210,-70.659996032714801,33.599998474121101,332.399230957031023,303.713653564453011,-104.549995422362997,54.449996948242202,"10","7","1",-28.988780975341800,"2756",-60.532108306884801,2.690175771713260,"1156",,,,,,,,,,,,,,,,,,,,,,,,,,,,,,,,,,,,,,,,,,,,,,,,,./0.png
"0","0",1.251680612564090,2.755098104476930,1.503417491912840,16.849370956420898,1.051836609840390,314.569458007811988,297.720092773438012,1.283743023872380,-72.239997863769503,34.559997558593800,332.172912597656023,299.081939697266023,-105.250000000000000,58.619998931884801,"10","8","1",-28.676473617553700,"2758",-59.252914428710902,4.479684829711910,"819",,,,,,,,,,,,,,,,,,,,,,,,,,,,,,,,,,,,,,,,,,,,,,,,,./0.png
"0","0",0.771769285202026,2.629661560058590,1.857892274856570,17.110046386718800,0.991980254650116,313.843505859375000,296.733520507811988,1.280508041381840,-73.400001525878906,35.209999084472699,336.615478515625000,298.882873535156023,-106.099998474120994,61.270000457763707,"10","8","1",-28.378410339355501,"2771",-58.368221282958999,6.703635692596440,"615",,,,,,,,,,,,,,,,,,,,,,,,,,,,,,,,,,,,,,,,,,,,,,,,,./0.png
"0","0",0.866030573844910,2.638435125350950,1.772404551506040,16.998146057128899,0.966797649860382,313.787475585938012,296.789367675780966,1.167284369468690,-73.400001525878906,35.209999084472699,344.509033203125000,298.709899902343977,-106.099998474120994,61.259998321533203,"10","8","1",-28.379617691040000,"2771",-58.372974395752003,4.649146556854250,"616",,,,,,,,,,,,,,,,,,,,,,,,,,,,,,,,,,,,,,,,,,,,,,,,,./0.png
"3","0",0.000000000000000,0.000000000000000,0.000000000000000,0.000000000000000,0.974318981170654,0.000000000000000,0.000000000000000,1.364616990089420,-73.400001525878906,35.209999084472699,367.000000000000000,297.619689941406023,-106.129997253417997,61.259998321533203,"0","9","1",-28.373809814453100,"2772",-58.374828338622997,9.050737380981451,"616",,,,,,,,,,,,,,,,,,,,,,,,,,,,,,,,,,,,,,,,,,,,,,,,,./0.png
"2","0",0.525562763214111,2.440268993377690,1.914706230163570,17.297483444213899,0.987975060939789,314.046020507811988,296.748596191406023,1.231983542442320,-73.409996032714801,35.209999084472699,331.444671630859034,295.265838623046989,-106.129997253417997,61.270000457763707,"10","8","1",-28.372604370117202,"2772",-58.370079040527301,5.669277191162110,"615",,,,,,,,,,,,,,,,,,,,,,,,,,,,,,,,,,,,,,,,,,,,,,,,,./0.png
"0","0",1.345470428466800,1.991036057472230,0.645565629005432,14.351177215576200,1.051634550094600,313.360748291016023,299.009704589843977,1.356529593467710,-72.470001220703111,34.579998016357401,341.811309814453011,300.240966796875000,-105.849998474120994,58.930000305175803,"10","8","1",-28.557828903198200,"2775",-59.181056976318402,6.012163162231450,"795",,,,,,,,,,,,,,,,,,,,,,,,,,,,,,,,,,,,,,,,,,,,,,,,,./0.png
"0","0",1.199173331260680,1.924371242523190,0.725197911262512,14.627705574035600,1.040658712387080,313.692413330078011,299.064666748046989,1.395349144935610,-72.470001220703111,34.590000152587898,340.662689208983977,301.358032226561988,-105.199996948242003,58.949996948242202,"10","8","1",-28.561019897460898,"2788",-59.179744720458999,3.503087043762210,"793",,,,,,,,,,,,,,,,,,,,,,,,,,,,,,,,,,,,,,,,,,,,,,,,,./0.png
"0","0",1.181169152259830,1.889066696166990,0.707897543907166,14.726592063903800,1.040658712387080,313.732696533203011,299.006195068358977,1.395349144935610,-72.479995727539105,34.590000152587898,330.039337158203011,300.087219238281023,-105.239997863770000,58.949996948242202,"10","7","1",-28.555477142333999,"2789",-59.181480407714801,3.503087043762210,"793",,,,,,,,,,,,,,,,,,,,,,,,,,,,,,,,,,,,,,,,,,,,,,,,,./0.png
"0","0",1.620089888572690,3.393192768096920,1.773102879524230,17.174430847168001,1.164560198783870,317.699340820311988,300.524749755859034,1.730167746543880,-71.939994812011705,34.219997406005902,333.369964599608977,305.956085205078011,-105.139999389647997,57.509998321533203,"10","7","1",-28.645805358886701,"2793",-59.655670166015597,10.154307365417500,"907",,,,,,,,,,,,,,,,,,,,,,,,,,,,,,,,,,,,,,,,,,,,,,,,,./0.png
"0","0",0.000000000000000,0.000000000000000,0.000000000000000,0.000000000000000,1.057225227355960,0.000000000000000,0.000000000000000,2.513028621673580,-72.510002136230497,34.549999237060497,367.000000000000000,301.001159667968977,-105.519996643065994,58.899997711181598,"0","9","1",-28.509687423706101,"2798",-59.213806152343800,28.657161712646499,"797",,,,,,,,,,,,,,,,,,,,,,,,,,,,,,,,,,,,,,,,,,,,,,,,,./0.png
"0","0",1.539952039718630,2.364630699157710,0.824678719043732,15.209263801574700,1.052302479743960,314.246795654296932,299.037506103516023,2.372307777404790,-72.510002136230497,34.540000915527301,348.896392822266023,302.020294189453011,-105.519996643065994,58.889999389648402,"10","8","1",-28.510717391967798,"2798",-59.218013763427699,25.939205169677699,"798",,,,,,,,,,,,,,,,,,,,,,,,,,,,,,,,,,,,,,,,,,,,,,,,,./0.png
"0","0",2.268074989318850,3.195629358291630,0.927554428577423,14.118944168090801,1.045973300933840,313.110046386718977,298.991210937500057,1.354912161827090,-72.599998474121094,34.579998016357401,342.518798828125000,299.467498779296932,-105.649993896484006,59.079998016357401,"10","8","1",-28.478467941284201,"2801",-59.159561157226598,6.155618190765380,"783",,,,,,,,,,,,,,,,,,,,,,,,,,,,,,,,,,,,,,,,,,,,,,,,,./0.png
"0","0",-0.396349430084229,3.222511529922490,3.618860960006710,20.364105224609400,1.084590673446660,316.931976318358977,296.567779541016023,1.325797557830810,-72.339996337890597,34.419998168945298,341.539672851561988,298.894592285156023,-105.549995422362997,58.430000305175803,"10","8","1",-28.530918121337901,"2801",-59.373535156250000,4.596498489379880,"834",,,,,,,,,,,,,,,,,,,,,,,,,,,,,,,,,,,,,,,,,,,,,,,,,./0.png
"0","0",1.464313864707950,2.415273427963260,0.950959563255310,15.282791137695300,1.298051357269290,320.830230712891023,305.547546386718977,2.556700468063350,-68.839996337890597,32.319999694824197,350.540405273438012,307.959686279296932,-104.250000000000000,48.469997406005902,"10","8","1",-29.175106048583999,"2802",-62.169944763183601,13.519722938537599,"1473",,,,,,,,,,,,,,,,,,,,,,,,,,,,,,,,,,,,,,,,,,,,,,,,,./0.png
"0","0",1.473740816116330,2.445948600769040,0.972207844257355,15.271298408508301,1.298051357269290,320.817382812499943,305.546142578125000,2.556700468063350,-68.839996337890597,32.319999694824197,355.148406982421989,307.218994140625000,-104.290000915527003,48.469997406005902,"10","8","1",-29.170471191406200,"2803",-62.171245574951200,13.519722938537599,"1473",,,,,,,,,,,,,,,,,,,,,,,,,,,,,,,,,,,,,,,,,,,,,,,,,./0.png
"0","0",0.000000000000000,0.000000000000000,0.000000000000000,0.000000000000000,1.023713588714600,0.000000000000000,0.000000000000000,1.998669624328610,-72.639999389648395,34.579998016357401,367.000000000000000,300.983856201171989,-105.779998779297003,59.119998931884801,"0","9","1",-28.453054428100600,"2805",-59.153633117675803,9.729943275451660,"780",,,,,,,,,,,,,,,,,,,,,,,,,,,,,,,,,,,,,,,,,,,,,,,,,./0.png
"0","0",2.544913530349730,3.514307975769040,0.969394385814667,13.878519058227500,1.023713588714600,312.676147460938012,298.797912597656023,1.998669624328610,-72.639999389648395,34.579998016357401,346.262542724608977,298.216033935546989,-105.779998779297003,59.109996795654297,"10","8","1",-28.454113006591800,"2805",-59.157901763916001,9.729943275451660,"781",,,,,,,,,,,,,,,,,,,,,,,,,,,,,,,,,,,,,,,,,,,,,,,,,./0.png
"0","0",0.475753545761108,2.022261619567870,1.546508073806760,15.633726119995099,1.053983569145200,315.918670654296932,300.284912109375000,1.576507091522220,-70.549995422363295,33.279998779296903,330.553222656250000,304.919311523438012,-105.049995422362997,53.500000000000000,"10","7","1",-28.853986740112301,"2807",-60.867832183837898,7.341714859008790,"1235",,,,,,,,,,,,,,,,,,,,,,,,,,,,,,,,,,,,,,,,,,,,,,,,,./0.png
"0","0",2.142729997634890,4.239097118377690,2.096367120742800,15.587263107299799,1.058324933052060,316.139007568358977,300.551757812499943,1.634736418724060,-70.979995727539105,33.520000457763700,332.589508056641023,306.932617187500057,-105.269996643065994,54.669998168945298,"10","7","1",-28.765983581543001,"2809",-60.539783477783203,8.665433883666990,"1138",,,,,,,,,,,,,,,,,,,,,,,,,,,,,,,,,,,,,,,,,,,,,,,,,./0.png
"0","0",1.185687661170960,2.381267070770260,1.195579409599300,17.906110763549801,1.137140274047850,317.478912353516023,299.572723388671989,1.390496730804440,-72.610000610351605,34.509998321533203,351.075012207031023,302.137481689453011,-105.360000610352003,58.939998626708999,"10","8","1",-28.429311752319300,"2826",-59.234767913818402,4.995884418487550,"794",,,,,,,,,,,,,,,,,,,,,,,,,,,,,,,,,,,,,,,,,,,,,,,,,./0.png
"0","0",1.193681955337520,2.388739109039310,1.195057153701780,17.973245620727500,1.134787678718570,317.543334960938012,299.570037841796989,1.238453507423400,-72.629997253417997,34.500000000000000,333.472442626953011,300.787719726561988,-105.459999084472997,58.939998626708999,"10","8","1",-28.412677764892599,"2829",-59.239910125732401,2.044165372848510,"794",,,,,,,,,,,,,,,,,,,,,,,,,,,,,,,,,,,,,,,,,,,,,,,,,./0.png
"0","0",-0.068785786628723,1.985564112663270,2.054349899291990,15.749382972717299,1.203150153160100,317.368682861328011,301.619232177733977,1.469753265380860,-69.739997863769503,32.739997863769503,335.063537597656023,305.221130371093977,-104.369995117187997,50.950000762939503,"10","7","1",-28.954206466674801,"2830",-61.577445983886697,6.512102127075200,"1365",,,,,,,,,,,,,,,,,,,,,,,,,,,,,,,,,,,,,,,,,,,,,,,,,./0.png
"0","0",0.521045923233032,3.271276712417600,2.750230789184570,19.652824401855501,1.215000033378600,317.964477539061988,298.311584472656023,1.434168696403500,-72.419998168945298,34.349998474121101,339.691223144531023,301.633666992188012,-105.470001220702997,58.349998474121101,"10","8","1",-28.442873001098601,"2832",-59.436893463134801,4.155449867248540,"840",,,,,,,,,,,,,,,,,,,,,,,,,,,,,,,,,,,,,,,,,,,,,,,,,./0.png
"0","0",1.083277344703670,2.464945793151860,1.381668448448180,17.419727325439499,1.037885904312130,316.451538085938012,299.031982421875000,1.275655627250670,-72.709999084472699,34.489997863769503,330.217864990233977,300.063995361328011,-105.759994506835994,59.000000000000000,"10","8","1",-28.357519149780298,"2838",-59.234058380127003,4.712945461273190,"789",,,,,,,,,,,,,,,,,,,,,,,,,,,,,,,,,,,,,,,,,,,,,,,,,./0.png
"0","0",1.860886454582210,2.963244438171390,1.102357983589170,14.237952232360801,1.024448513984680,312.994171142578011,298.756195068358977,1.295065402984620,-72.809997558593807,34.520000457763700,340.491943359375000,299.761749267578011,-105.919998168944986,59.180000305175803,"10","8","1",-28.320453643798800,"2842",-59.181247711181598,5.429799556732180,"775",,,,,,,,,,,,,,,,,,,,,,,,,,,,,,,,,,,,,,,,,,,,,,,,,./0.png
"0","0",1.653144598007200,2.622149467468260,0.969004869461060,15.395553588867200,1.055467247962950,313.554901123046989,298.159484863281023,1.231983542442320,-72.819999694824205,34.529998779296903,332.524719238281023,298.979522705078011,-105.309997558594006,59.209999084472699,"10","8","1",-28.318002700805700,"2856",-59.179443359375000,3.547915697097780,"773",,,,,,,,,,,,,,,,,,,,,,,,,,,,,,,,,,,,,,,,,,,,,,,,,./0.png
"0","0",1.495216488838200,2.545217990875240,1.050001502037050,15.646728515625000,1.070376157760620,313.788391113281023,298.141815185546989,1.343589782714840,-72.809997558593807,34.529998779296903,331.617248535156023,299.735534667968977,-105.309997558594006,59.199996948242202,"10","8","1",-28.319040298461900,"2856",-59.183731079101598,2.740950822830200,"774",,,,,,,,,,,,,,,,,,,,,,,,,,,,,,,,,,,,,,,,,,,,,,,,,./0.png
"0","0",1.223546028137210,2.417725801467900,1.194179773330690,15.995895385742200,1.070376157760620,314.059112548828011,298.063415527343977,1.343589782714840,-72.809997558593807,34.520000457763700,331.430816650391023,298.979522705078011,-105.309997558594006,59.189998626708999,"10","8","1",-28.320075988769499,"2856",-59.188007354736293,2.740950822830200,"775",,,,,,,,,,,,,,,,,,,,,,,,,,,,,,,,,,,,,,,,,,,,,,,,,./0.png
"0","0",1.955590724945070,2.750857830047610,0.795267105102539,11.693419456481900,0.914148628711700,308.607910156250000,296.914459228516023,1.143022179603580,-72.970001220703111,34.619998931884801,338.491363525391023,299.336181640625000,-105.399993896484006,59.569999694824197,"10","8","1",-28.282987594604499,"2857",-59.060203552246101,4.715318679809570,"745",,,,,,,,,,,,,,,,,,,,,,,,,,,,,,,,,,,,,,,,,,,,,,,,,./0.png
"0","0",0.000000000000000,0.000000000000000,0.000000000000000,0.000000000000000,0.950967609882355,0.000000000000000,0.000000000000000,2.139390468597410,-73.119995117187500,34.700000762939503,367.000000000000000,300.394531250000000,-105.519996643065994,59.909999847412102,"0","9","1",-28.243751525878899,"2859",-58.949409484863303,25.061382293701200,"719",,,,,,,,,,,,,,,,,,,,,,,,,,,,,,,,,,,,,,,,,,,,,,,,,./0.png
"0","0",1.574372291564940,2.079339027404790,0.504966676235199,13.575613021850600,0.958373904228210,311.411132812499943,297.835540771483977,1.681643366813660,-73.110000610351605,34.700000762939503,355.147766113281023,298.762695312499943,-105.519996643065994,59.889999389648402,"10","8","1",-28.244838714599599,"2859",-58.953842163085902,15.224759101867701,"720",,,,,,,,,,,,,,,,,,,,,,,,,,,,,,,,,,,,,,,,,,,,,,,,,./0.png
"0","0",0.000000000000000,0.000000000000000,0.000000000000000,0.000000000000000,0.961949408054352,0.000000000000000,0.000000000000000,1.710757970809940,-73.119995117187500,34.700000762939503,367.000000000000000,299.688964843750000,-105.549995422362997,59.909999847412102,"0","9","1",-28.238096237182599,"2860",-58.951156616210902,15.790824890136699,"719",,,,,,,,,,,,,,,,,,,,,,,,,,,,,,,,,,,,,,,,,,,,,,,,,./0.png
"0","0",1.589622259140010,2.106373071670530,0.516750872135162,13.496109962463400,0.968759953975677,311.323974609375000,297.827850341796989,1.552244782447810,-73.119995117187500,34.700000762939503,348.301055908203011,298.879943847656023,-105.549995422362997,59.899997711181598,"10","8","1",-28.239185333251999,"2860",-58.955589294433601,12.282304763793899,"720",,,,,,,,,,,,,,,,,,,,,,,,,,,,,,,,,,,,,,,,,,,,,,,,,./0.png
"0","0",1.479183316230770,2.488599061965940,1.009415745735170,13.665084838867200,1.188605785369870,316.681976318358977,303.016693115233977,1.838539004325870,-69.339996337890597,32.389999389648402,340.354614257811988,304.852142333983977,-104.079994201660000,49.389999389648402,"10","8","1",-28.950733184814499,"2860",-62.010303497314503,7.310911655426030,"1433",,,,,,,,,,,,,,,,,,,,,,,,,,,,,,,,,,,,,,,,,,,,,,,,,./0.png
"0","0",1.490317940711980,2.514490127563480,1.024172186851500,13.544449806213400,1.188605785369870,316.475433349608977,302.930816650391023,1.838539004325870,-69.339996337890597,32.380001068115199,344.398620605468977,306.579315185546989,-104.119995117187997,49.389999389648402,"10","8","1",-28.946033477783200,"2861",-62.011627197265597,7.310911655426030,"1433",,,,,,,,,,,,,,,,,,,,,,,,,,,,,,,,,,,,,,,,,,,,,,,,,./0.png
"0","1",0.000000000000000,0.000000000000000,0.000000000000000,0.000000000000000,1.117026925086980,0.000000000000000,0.000000000000000,4.081984996795650,-71.159996032714801,33.430000305175803,367.000000000000000,301.894409179688012,-104.899993896484006,54.680000305175803,"0","9","1",-28.609796524047901,"2864",-60.598442077636697,14.879266738891600,"1137",,,,,,,,,,,,,,,,,,,,,,,,,,,,,,,,,,,,,,,,,,,,,,,,,./0.png
"0","1",1.458579897880550,3.201259136199950,1.742679238319400,14.764407157897899,1.070558905601500,315.771728515625000,301.007598876953011,11.236104011535600,-71.159996032714801,33.430000305175803,351.249176025391023,312.246063232421989,-104.899993896484006,54.669998168945298,"10","8","1",-28.610614776611300,"2864",-60.601947784423800,50.940959930419901,"1138",,,,,,,,,,,,,,,,,,,,,,,,,,,,,,,,,,,,,,,,,,,,,,,,,./0.png
"0","1",1.309966802597050,2.935975313186650,1.626008510589600,14.527565956115700,1.070558905601500,315.485107421875000,300.957763671875000,11.236104011535600,-71.150001525878906,33.430000305175803,340.425598144531023,312.362762451171989,-104.899993896484006,54.659999847412102,"10","8","1",-28.611431121826200,"2864",-60.605438232421903,50.940959930419901,"1139",,,,,,,,,,,,,,,,,,,,,,,,,,,,,,,,,,,,,,,,,,,,,,,,,./0.png
"0","0",1.216410756111150,2.737789869308470,1.521379113197330,14.293313026428200,1.046353697776790,315.245452880859034,300.952362060546989,5.000714302062990,-71.150001525878906,33.430000305175803,344.062194824219034,301.300537109375000,-104.899993896484006,54.649997711181598,"10","8","1",-28.612245559692401,"2864",-60.608924865722699,29.680967330932599,"1140",,,,,,,,,,,,,,,,,,,,,,,,,,,,,,,,,,,,,,,,,,,,,,,,,./0.png
"0","1",0.000000000000000,0.000000000000000,0.000000000000000,0.000000000000000,1.117026925086980,0.000000000000000,0.000000000000000,4.081984996795650,-71.169998168945298,33.430000305175803,367.000000000000000,302.642181396483977,-104.939994812012003,54.680000305175803,"0","9","1",-28.604669570922901,"2865",-60.599960327148402,14.879266738891600,"1137",,,,,,,,,,,,,,,,,,,,,,,,,,,,,,,,,,,,,,,,,,,,,,,,,./0.png
"0","1",0.000000000000000,0.000000000000000,0.000000000000000,0.000000000000000,1.070558905601500,0.000000000000000,0.000000000000000,11.236104011535600,-71.159996032714801,33.430000305175803,367.000000000000000,306.706390380859034,-104.939994812012003,54.659999847412102,"0","9","1",-28.606304168701200,"2865",-60.606945037841797,50.940959930419901,"1139",,,,,,,,,,,,,,,,,,,,,,,,,,,,,,,,,,,,,,,,,,,,,,,,,./0.png
"0","0",1.696435093879700,3.303982257843020,1.607547163963320,14.800117492675801,1.117026925086980,316.113677978516023,301.313812255859034,4.081984996795650,-71.169998168945298,33.430000305175803,335.875396728516023,300.075622558593977,-104.939994812012003,54.689998626708999,"10","8","1",-28.603851318359400,"2865",-60.596454620361293,14.879266738891600,"1136",,,,,,,,,,,,,,,,,,,,,,,,,,,,,,,,,,,,,,,,,,,,,,,,,./0.png
"0","0",1.211187720298770,2.590468168258670,1.379280447959900,14.225602149963400,1.046353697776790,315.304321289061988,301.078918457031023,5.000714302062990,-71.150001525878906,33.419998168945298,340.637725830078011,303.781402587891023,-104.930000305175994,54.649997711181598,"10","8","1",-28.607120513916001,"2865",-60.610435485839801,29.680967330932599,"1140",,,,,,,,,,,,,,,,,,,,,,,,,,,,,,,,,,,,,,,,,,,,,,,,,./0.png
"0","0",0.000000000000000,0.000000000000000,0.000000000000000,0.000000000000000,1.149492025375370,0.000000000000000,0.000000000000000,3.121201515197750,-71.180000305175795,33.439998626708999,367.000000000000000,302.642181396483977,-104.979995727539006,54.719997406005902,"0","9","1",-28.597087860107401,"2866",-60.590976715087898,7.431799888610840,"1134",,,,,,,,,,,,,,,,,,,,,,,,,,,,,,,,,,,,,,,,,,,,,,,,,./0.png
"0","0",0.000000000000000,0.000000000000000,0.000000000000000,0.000000000000000,1.152996540069580,0.000000000000000,0.000000000000000,2.073073625564580,-71.180000305175795,33.430000305175803,367.000000000000000,301.349426269531023,-104.970001220702997,54.689998626708999,"0","9","1",-28.598724365234400,"2866",-60.597965240478501,6.925935268402100,"1136",,,,,,,,,,,,,,,,,,,,,,,,,,,,,,,,,,,,,,,,,,,,,,,,,./0.png
"0","1",0.000000000000000,0.000000000000000,0.000000000000000,0.000000000000000,1.097386121749880,0.000000000000000,0.000000000000000,3.753636598587040,-71.159996032714801,33.419998168945298,367.000000000000000,303.272521972656023,-104.970001220702997,54.659999847412102,"0","9","1",-28.601179122924801,"2866",-60.608448028564503,13.310840606689499,"1139",,,,,,,,,,,,,,,,,,,,,,,,,,,,,,,,,,,,,,,,,,,,,,,,,./0.png
"0","0",1.788087964057920,3.397442340850830,1.609354376792910,14.987216949462900,1.149492025375370,316.414245605468977,301.427337646483977,3.121201515197750,-71.180000305175795,33.430000305175803,336.851867675780966,300.200378417968977,-104.979995727539006,54.709999084472699,"10","8","1",-28.597906112670898,"2866",-60.594467163085902,7.431799888610840,"1135",,,,,,,,,,,,,,,,,,,,,,,,,,,,,,,,,,,,,,,,,,,,,,,,,./0.png
"0","1",1.548640608787540,3.106727123260500,1.558086514472960,14.768342971801800,1.152996540069580,316.081695556641023,301.313629150391023,2.073073625564580,-71.169998168945298,33.430000305175803,334.573089599608977,300.750183105468977,-104.970001220702997,54.680000305175803,"10","8","1",-28.599542617797901,"2866",-60.601455688476598,6.925935268402100,"1137",,,,,,,,,,,,,,,,,,,,,,,,,,,,,,,,,,,,,,,,,,,,,,,,,./0.png
"0","0",1.169446349143980,2.523775100708010,1.354328751564030,14.253625869751000,1.068808436393740,315.379058837891023,301.125671386718977,1.959850072860720,-71.159996032714801,33.419998168945298,340.582336425780966,300.796386718750000,-104.970001220702997,54.649997711181598,"10","8","1",-28.601995468139599,"2866",-60.611938476562493,13.376108169555700,"1140",,,,,,,,,,,,,,,,,,,,,,,,,,,,,,,,,,,,,,,,,,,,,,,,,./0.png
"0","0",0.000000000000000,0.000000000000000,0.000000000000000,0.000000000000000,1.149492025375370,0.000000000000000,0.000000000000000,3.121201515197750,-71.189994812011705,33.430000305175803,367.000000000000000,303.789855957031023,-105.009994506835994,54.719997406005902,"0","9","1",-28.591957092285199,"2867",-60.592479705810497,7.431799888610840,"1134",,,,,,,,,,,,,,,,,,,,,,,,,,,,,,,,,,,,,,,,,,,,,,,,,./0.png
"0","0",0.000000000000000,0.000000000000000,0.000000000000000,0.000000000000000,1.149492025375370,0.000000000000000,0.000000000000000,3.121201515197750,-71.189994812011705,33.430000305175803,367.000000000000000,304.232116699219034,-105.009994506835994,54.709999084472699,"0","9","1",-28.592777252197301,"2867",-60.595977783203097,7.431799888610840,"1135",,,,,,,,,,,,,,,,,,,,,,,,,,,,,,,,,,,,,,,,,,,,,,,,,./0.png
"0","0",0.000000000000000,0.000000000000000,0.000000000000000,0.000000000000000,1.097386121749880,0.000000000000000,0.000000000000000,3.753636598587040,-71.169998168945298,33.419998168945298,367.000000000000000,305.881103515625000,-105.000000000000000,54.659999847412102,"0","9","1",-28.596055984497099,"2867",-60.609951019287102,13.310840606689499,"1139",,,,,,,,,,,,,,,,,,,,,,,,,,,,,,,,,,,,,,,,,,,,,,,,,./0.png
"0","0",1.722260236740110,2.213843822479250,0.491583585739136,13.372870445251500,0.961171090602875,311.201019287108977,297.828033447266023,1.175371766090390,-73.180000305175795,34.680000305175803,338.659423828125000,298.569000244140966,-105.779998779297003,59.930000305175803,"10","8","1",-28.196298599243200,"2867",-58.954505920410199,4.525219440460210,"717",,,,,,,,,,,,,,,,,,,,,,,,,,,,,,,,,,,,,,,,,,,,,,,,,./0.png
"0","0",1.807621717453000,2.338938474655150,0.531316816806793,13.136055946350099,0.936410129070282,310.852691650391023,297.716552734375000,1.346824765205380,-73.159996032714801,34.669998168945298,330.611175537108977,300.090118408203011,-105.769996643065994,59.899997711181598,"10","8","1",-28.199605941772500,"2867",-58.967803955078097,4.319596290588380,"720",,,,,,,,,,,,,,,,,,,,,,,,,,,,,,,,,,,,,,,,,,,,,,,,,./0.png
"0","0",1.826990127563480,2.382956027984620,0.555965900421143,12.999960899353001,0.936410129070282,310.665527343750000,297.665435791016023,1.346824765205380,-73.159996032714801,34.669998168945298,332.855285644531023,299.878082275391023,-105.769996643065994,59.879997253417997,"10","8","1",-28.200702667236300,"2867",-58.972221374511697,4.319596290588380,"721",,,,,,,,,,,,,,,,,,,,,,,,,,,,,,,,,,,,,,,,,,,,,,,,,./0.png
"0","0",1.887564182281490,2.477364540100100,0.589800417423248,12.917513847351101,0.911803126335144,310.532226562499943,297.614562988281023,1.168901801109310,-73.150001525878906,34.669998168945298,337.996917724608977,299.997222900391023,-105.769996643065994,59.869998931884801,"10","8","1",-28.201797485351602,"2867",-58.976627349853501,5.402153491973880,"722",,,,,,,,,,,,,,,,,,,,,,,,,,,,,,,,,,,,,,,,,,,,,,,,,./0.png
"0","0",1.424915194511410,2.925675153732300,1.500759959220890,14.704735755920399,1.097386121749880,315.995330810546989,301.290832519531023,3.753636598587040,-71.169998168945298,33.419998168945298,332.881866455078011,300.755950927733977,-105.009994506835994,54.669998168945298,"10","8","1",-28.595233917236300,"2867",-60.606452941894503,13.310840606689499,"1138",,,,,,,,,,,,,,,,,,,,,,,,,,,,,,,,,,,,,,,,,,,,,,,,,./0.png
"0","0",1.715306520462040,3.329104900360110,1.613798379898070,15.009564399719199,1.199633836746220,316.539001464843977,301.529663085938012,1.675173401832580,-71.199996948242202,33.430000305175803,331.324493408203011,302.590942382811988,-105.049995422362997,54.729999542236293,"10","8","1",-28.586006164550799,"2868",-60.590492248535199,3.590010166168210,"1133",,,,,,,,,,,,,,,,,,,,,,,,,,,,,,,,,,,,,,,,,,,,,,,,,./0.png
"0","0",1.685934782028200,3.286574125289920,1.600639343261720,15.056815147399901,1.201413273811340,316.601776123046989,301.545196533203011,1.971172451972960,-71.199996948242202,33.430000305175803,341.461212158203011,302.730407714843977,-105.049995422362997,54.719997406005902,"10","8","1",-28.586828231811499,"2868",-60.593990325927699,2.901389122009280,"1134",,,,,,,,,,,,,,,,,,,,,,,,,,,,,,,,,,,,,,,,,,,,,,,,,./0.png
"0","0",1.651210308074950,3.247939348220830,1.596729040145870,15.059329032897899,1.201413273811340,316.583526611328011,301.524444580078011,1.971172451972960,-71.189994812011705,33.430000305175803,345.702819824219034,302.494110107421989,-105.049995422362997,54.709999084472699,"10","8","1",-28.587648391723601,"2868",-60.597480773925803,2.901389122009280,"1135",,,,,,,,,,,,,,,,,,,,,,,,,,,,,,,,,,,,,,,,,,,,,,,,,./0.png
"0","0",1.248634696006770,2.675961494445800,1.427326798439030,14.588421821594199,1.136205673217770,315.805816650391023,301.217559814453011,1.553862333297730,-71.169998168945298,33.419998168945298,352.532989501953011,301.960205078125000,-105.040000915527003,54.659999847412102,"10","8","1",-28.590929031372099,"2868",-60.611454010009801,6.278806686401370,"1139",,,,,,,,,,,,,,,,,,,,,,,,,,,,,,,,,,,,,,,,,,,,,,,,,./0.png
"0","0",1.735323905944820,3.267498493194580,1.532174587249760,15.030443191528301,1.199633836746220,316.724548339843977,301.694274902343977,1.675173401832580,-71.209999084472699,33.430000305175803,336.390533447266023,303.978759765625000,-105.079994201660000,54.729999542236293,"10","8","1",-28.580873489379901,"2869",-60.591995239257798,3.590010166168210,"1133",,,,,,,,,,,,,,,,,,,,,,,,,,,,,,,,,,,,,,,,,,,,,,,,,./0.png
"0","0",1.715583086013790,3.237782955169680,1.522199869155880,15.066624641418500,1.201413273811340,316.767639160156023,301.701263427733977,1.971172451972960,-71.199996948242202,33.430000305175803,337.208526611328011,304.372650146483977,-105.079994201660000,54.719997406005902,"10","8","1",-28.581695556640600,"2869",-60.595493316650398,2.901389122009280,"1134",,,,,,,,,,,,,,,,,,,,,,,,,,,,,,,,,,,,,,,,,,,,,,,,,./0.png
"0","0",1.639363765716550,3.159977912902830,1.520614147186280,15.012368202209499,1.201413273811340,316.670471191406023,301.658294677733977,1.971172451972960,-71.199996948242202,33.430000305175803,331.540283203125000,303.532867431641023,-105.079994201660000,54.709999084472699,"10","7","1",-28.582515716552699,"2869",-60.598983764648402,2.901389122009280,"1135",,,,,,,,,,,,,,,,,,,,,,,,,,,,,,,,,,,,,,,,,,,,,,,,,./0.png
"0","0",0.162107706069946,2.599527835845950,2.437420129776000,17.981714248657202,1.001222848892210,315.327117919921989,297.345397949219034,1.382409334182740,-72.459999084472699,34.200000762939503,343.467163085938012,300.646179199219034,-105.589996337890994,58.069999694824197,"10","8","1",-28.332082748413100,"2870",-59.578102111816399,7.095453739166260,"863",,,,,,,,,,,,,,,,,,,,,,,,,,,,,,,,,,,,,,,,,,,,,,,,,./0.png
"2","0",0.146483182907104,2.580080747604370,2.433597564697270,17.607376098632798,0.681193530559540,314.787353515625000,297.179962158203011,0.855110526084900,-72.430000305175795,34.180000305175803,330.479766845703068,297.536804199219034,-105.579994201660000,58.000000000000000,"10","8","1",-28.337013244628899,"2870",-59.598289489746101,3.221220731735230,"868",,,,,,,,,,,,,,,,,,,,,,,,,,,,,,,,,,,,,,,,,,,,,,,,,./0.png
"0","0",1.644548892974850,3.138176202774050,1.493627309799190,15.074140548706101,1.159638166427610,316.861114501953011,301.787139892578011,1.375939369201660,-71.209999084472699,33.430000305175803,334.589965820311988,303.127990722656023,-105.119995117187997,54.719997406005902,"10","8","1",-28.576562881469702,"2870",-60.596992492675803,3.261144399642940,"1134",,,,,,,,,,,,,,,,,,,,,,,,,,,,,,,,,,,,,,,,,,,,,,,,,./0.png
"0","0",0.000000000000000,0.000000000000000,0.000000000000000,0.000000000000000,1.186253070831300,0.000000000000000,0.000000000000000,3.354118585586550,-72.159996032714801,33.979999542236300,367.000000000000000,309.632141113281023,-105.629997253417997,57.209999084472699,"0","9","1",-28.370910644531200,"2875",-59.856193542480497,19.086481094360401,"931",,,,,,,,,,,,,,,,,,,,,,,,,,,,,,,,,,,,,,,,,,,,,,,,,./0.png
"0","0",1.468985557556150,3.505881547927860,2.036895990371700,16.771192550659201,1.186253070831300,318.042846679688012,301.271881103516023,3.354118585586550,-72.169998168945298,33.979999542236300,340.254638671875000,303.789855957031023,-105.629997253417997,57.229999542236293,"10","8","1",-28.369966506958001,"2875",-59.852317810058601,19.086481094360401,"930",,,,,,,,,,,,,,,,,,,,,,,,,,,,,,,,,,,,,,,,,,,,,,,,,./0.png
"3","0",0.285713195800781,3.017358779907230,2.731645584106450,17.776758193969702,0.919809818267822,315.451416015625000,297.674743652343977,1.309622645378110,-72.669998168945298,34.309997558593800,340.552825927733977,297.696624755859034,-105.139999389647997,58.559997558593800,"10","8","1",-28.275985717773398,"2887",-59.433082580566399,7.491575241088870,"824",,,,,,,,,,,,,,,,,,,,,,,,,,,,,,,,,,,,,,,,,,,,,,,,,./0.png
"0","0",1.409477472305300,3.294993877410890,1.885516405105590,15.994993209838899,1.135500907897950,316.845001220703068,300.850006103516023,9.333946228027340,-72.169998168945298,33.989997863769503,348.522003173828011,304.026641845703068,-104.970001220702997,57.250000000000000,"10","8","1",-28.370367050170898,"2888",-59.853454589843800,48.198173522949197,"928",,,,,,,,,,,,,,,,,,,,,,,,,,,,,,,,,,,,,,,,,,,,,,,,,./0.png
"0","0",1.314679622650150,3.189379930496220,1.874700307846070,15.958193778991699,1.135500907897950,316.753540039061988,300.795318603516023,9.333946228027340,-72.169998168945298,33.979999542236300,350.143280029296932,308.189331054688012,-104.970001220702997,57.229999542236293,"10","8","1",-28.371288299560501,"2888",-59.857345581054702,48.198173522949197,"929",,,,,,,,,,,,,,,,,,,,,,,,,,,,,,,,,,,,,,,,,,,,,,,,,./0.png
"0","0",0.000000000000000,0.000000000000000,0.000000000000000,0.000000000000000,1.135500907897950,0.000000000000000,0.000000000000000,9.333946228027340,-72.180000305175795,33.979999542236300,367.000000000000000,305.463775634766023,-105.000000000000000,57.250000000000000,"0","9","1",-28.364999771118200,"2889",-59.855087280273402,48.198173522949197,"928",,,,,,,,,,,,,,,,,,,,,,,,,,,,,,,,,,,,,,,,,,,,,,,,,./0.png
"0","0",0.000000000000000,0.000000000000000,0.000000000000000,0.000000000000000,1.109702229499820,0.000000000000000,0.000000000000000,2.610077381134030,-72.180000305175795,33.979999542236300,367.000000000000000,304.063262939453011,-105.040000915527003,57.250000000000000,"0","9","1",-28.359632492065401,"2890",-59.856712341308601,8.820616722106930,"928",,,,,,,,,,,,,,,,,,,,,,,,,,,,,,,,,,,,,,,,,,,,,,,,,./0.png
"0","0",0.000000000000000,0.000000000000000,0.000000000000000,0.000000000000000,1.109702229499820,0.000000000000000,0.000000000000000,2.610077381134030,-72.180000305175795,33.979999542236300,367.000000000000000,305.196014404296932,-105.029998779297003,57.229999542236293,"0","9","1",-28.360553741455099,"2890",-59.860591888427699,8.820616722106930,"929",,,,,,,,,,,,,,,,,,,,,,,,,,,,,,,,,,,,,,,,,,,,,,,,,./0.png
"0","0",1.606395721435550,3.545831680297850,1.939435958862300,15.876888275146500,1.109702229499820,316.839874267578011,300.963012695311988,2.610077381134030,-72.189994812011719,33.979999542236300,338.893218994140966,299.889709472656023,-105.069999694824006,57.250000000000000,"10","8","1",-28.354259490966800,"2891",-59.858322143554702,8.820616722106930,"928",,,,,,,,,,,,,,,,,,,,,,,,,,,,,,,,,,,,,,,,,,,,,,,,,./0.png
"0","0",1.462122321128850,2.912298440933230,1.450176119804380,17.430744171142599,0.809666931629181,309.539184570311988,292.108428955078011,0.906869947910309,-76.830001831054702,37.130001068115199,339.564636230468977,293.550140380859034,-107.079994201660000,67.959999084472699,"10","8","1",-27.297203063964801,"2895",-55.828136444091797,3.860210180282590,"144",,,,,,,,,,,,,,,,,,,,,,,,,,,,,,,,,,,,,,,,,,,,,,,,,./0.png
"0","0",-1.093391656875610,2.467866897583010,3.561258554458620,17.479333877563501,1.052590370178220,314.242889404296932,296.763763427733977,1.338737368583680,-72.599998474121094,34.200000762939503,334.900787353516023,300.796386718750000,-105.379997253417997,58.229999542236293,"10","8","1",-28.252393722534201,"2896",-59.555145263671903,5.379994392395020,"850",,,,,,,,,,,,,,,,,,,,,,,,,,,,,,,,,,,,,,,,,,,,,,,,,./0.png
"0","0",0.135729670524597,1.871135354042050,1.735405683517460,15.998898506164601,1.148977279663090,315.605438232421989,299.606567382811988,1.398584127426150,-71.040000915527301,33.239997863769503,334.353973388671989,302.807159423828011,-104.779998779297003,54.029998779296903,"10","8","1",-28.552824020385700,"2896",-60.823284149169901,3.616081714630130,"1191",,,,,,,,,,,,,,,,,,,,,,,,,,,,,,,,,,,,,,,,,,,,,,,,,./0.png
"0","0",0.459875345230103,2.759427785873410,2.299552440643310,17.210330963134801,1.046589493751530,315.508178710938012,298.297943115233977,1.495633006095890,-72.760002136230497,34.299999237060497,354.338134765625000,303.000305175780966,-105.479995727539006,58.619998931884801,"10","8","1",-28.215862274169901,"2897",-59.429100036621101,8.674073219299320,"819",,,,,,,,,,,,,,,,,,,,,,,,,,,,,,,,,,,,,,,,,,,,,,,,,./0.png
"0","0",-0.959022760391235,2.322129249572750,3.281152009963990,17.337406158447301,1.020264029502870,314.380584716796989,297.043212890625000,1.506955385208130,-72.610000610351605,34.200000762939503,335.838745117188012,303.792694091796989,-105.419998168944986,58.239997863769503,"10","8","1",-28.245927810668899,"2897",-59.552700042724602,9.165872573852541,"849",,,,,,,,,,,,,,,,,,,,,,,,,,,,,,,,,,,,,,,,,,,,,,,,,./0.png
"0","0",0.022470593452454,1.764881730079650,1.742411136627200,16.325319290161101,1.130596995353700,315.885711669921989,299.560516357421989,1.329032421112060,-71.040000915527301,33.229999542236300,333.665679931641023,303.048553466796989,-104.809997558594006,53.989997863769503,"10","8","1",-28.550115585327099,"2897",-60.834949493408203,2.866693496704100,"1194",,,,,,,,,,,,,,,,,,,,,,,,,,,,,,,,,,,,,,,,,,,,,,,,,./0.png
"0","0",0.000000000000000,0.000000000000000,0.000000000000000,0.000000000000000,1.089953422546390,0.000000000000000,0.000000000000000,1.621796488761900,-72.760002136230497,34.290000915527301,367.000000000000000,302.528289794921989,-105.509994506835994,58.619998931884801,"0","9","1",-28.210344314575199,"2898",-59.430767059326200,10.273493766784700,"819",,,,,,,,,,,,,,,,,,,,,,,,,,,,,,,,,,,,,,,,,,,,,,,,,./0.png
"0","0",0.450793981552124,2.801927566528320,2.351133584976200,17.152645111083999,1.079632282257080,315.498931884766023,298.346405029296932,1.524747610092160,-72.760002136230497,34.290000915527301,339.020294189453011,303.422546386718977,-105.509994506835994,58.609996795654297,"10","8","1",-28.211362838745099,"2898",-59.434940338134801,4.291776180267331,"820",,,,,,,,,,,,,,,,,,,,,,,,,,,,,,,,,,,,,,,,,,,,,,,,,./0.png
"0","0",0.419148921966553,2.779234647750850,2.360085725784300,17.149065017700199,1.079632282257080,315.516479492188012,298.367584228516023,1.524747610092160,-72.750000000000000,34.290000915527301,331.703247070311988,301.231506347656023,-105.500000000000000,58.599998474121101,"10","8","1",-28.212375640869102,"2898",-59.439094543457003,4.291776180267331,"821",,,,,,,,,,,,,,,,,,,,,,,,,,,,,,,,,,,,,,,,,,,,,,,,,./0.png
"0","0",-0.186223030090332,2.738134384155270,2.924357414245610,17.253877639770501,0.989787042140961,315.065887451171989,297.811981201171989,1.393731713294980,-72.639999389648395,34.209999084472699,355.303253173828011,300.880065917968977,-105.489997863770000,58.299999237060497,"10","8","1",-28.229997634887699,"2899",-59.535568237304702,7.633086681365970,"844",,,,,,,,,,,,,,,,,,,,,,,,,,,,,,,,,,,,,,,,,,,,,,,,,./0.png
"0","0",0.000000000000000,0.000000000000000,0.000000000000000,0.000000000000000,1.030202865600590,0.000000000000000,0.000000000000000,1.780309677124020,-72.650001525878906,34.209999084472699,367.000000000000000,302.422851562499943,-105.529998779297003,58.299999237060497,"0","9","1",-28.224515914916999,"2900",-59.537216186523402,14.174293518066399,"844",,,,,,,,,,,,,,,,,,,,,,,,,,,,,,,,,,,,,,,,,,,,,,,,,./0.png
"0","1",0.529186248779297,3.279434442520140,2.750248193740840,17.967363357543899,0.906292259693146,314.589996337891023,296.622619628906023,1.364616990089420,-72.639999389648395,34.079998016357401,337.739868164061988,299.213531494140966,-105.419998168944986,58.000000000000000,"10","8","1",-28.153379440307599,"2931",-59.672267913818402,4.244453430175781,"868",,,,,,,,,,,,,,,,,,,,,,,,,,,,,,,,,,,,,,,,,,,,,,,,,./0.png
"0","0",0.559539794921875,3.210557937622070,2.651018142700200,17.647399902343800,0.906292259693146,314.308563232421989,296.661132812499943,1.364616990089420,-72.639999389648395,34.079998016357401,334.381561279296932,299.365386962891023,-105.409996032715014,57.989997863769503,"10","8","1",-28.154361724853501,"2931",-59.676311492919901,4.244453430175781,"869",,,,,,,,,,,,,,,,,,,,,,,,,,,,,,,,,,,,,,,,,,,,,,,,,./0.png
"1","0",0.327724218368530,2.827104568481450,2.499380350112920,17.372919082641602,0.957963287830353,314.686767578125000,297.313964843750000,1.240071058273320,-72.680000305175795,34.099998474121101,338.273071289061988,298.929748535156023,-105.459999084472997,58.090000152587898,"10","8","1",-28.141054153442401,"2932",-59.645610809326200,5.259938716888430,"861",,,,,,,,,,,,,,,,,,,,,,,,,,,,,,,,,,,,,,,,,,,,,,,,,./0.png
"0","1",0.395025253295898,3.244100332260130,2.849075078964230,18.128980636596701,0.917221844196320,314.720367431641023,296.591522216796989,1.570037126541140,-72.650001525878906,34.079998016357401,336.148010253906023,300.703979492188012,-105.449996948242003,58.009998321533203,"10","8","1",-28.146947860717798,"2932",-59.669857025146499,6.055631637573240,"867",,,,,,,,,,,,,,,,,,,,,,,,,,,,,,,,,,,,,,,,,,,,,,,,,./0.png
"0","0",1.565416336059570,2.223154306411740,0.657737910747528,12.375947952270501,0.905252456665039,308.959167480468977,296.583221435546989,1.231983542442320,-73.569999694824205,34.669998168945298,341.648406982421989,296.322814941406023,-105.839996337890994,60.319999694824197,"10","8","1",-27.952302932739300,"2933",-58.904098510742202,7.094038486480710,"687",,,,,,,,,,,,,,,,,,,,,,,,,,,,,,,,,,,,,,,,,,,,,,,,,./0.png
"0","0",0.312363624572754,3.007258415222170,2.694894790649410,17.746217727661101,0.970712900161743,314.858978271483977,297.112976074219034,1.534452557563780,-72.680000305175795,34.090000152587898,337.752441406250000,297.853271484375000,-105.489997863770000,58.079998016357401,"10","8","1",-28.136579513549801,"2933",-59.651287078857401,5.246760845184330,"862",,,,,,,,,,,,,,,,,,,,,,,,,,,,,,,,,,,,,,,,,,,,,,,,,./0.png
"0","0",0.237570762634277,3.029149532318120,2.791578769683840,18.044322967529300,0.970712900161743,315.030303955078011,296.986083984375000,1.534452557563780,-72.680000305175795,34.090000152587898,339.883026123046989,300.490020751953011,-105.489997863770000,58.059997558593800,"10","8","1",-28.137561798095700,"2933",-59.655330657958999,5.246760845184330,"863",,,,,,,,,,,,,,,,,,,,,,,,,,,,,,,,,,,,,,,,,,,,,,,,,./0.png
"2","0",0.439362287521362,3.208582878112790,2.769220590591430,18.448249816894499,0.950541913509369,315.299499511718977,296.851287841796989,1.362999558448790,-72.669998168945298,34.079998016357401,337.947937011718977,297.755737304688012,-105.489997863770000,58.039997100830099,"10","8","1",-28.139526367187500,"2933",-59.663402557372997,7.664780616760250,"865",,,,,,,,,,,,,,,,,,,,,,,,,,,,,,,,,,,,,,,,,,,,,,,,,./0.png
"3","0",0.376978397369385,3.307940006256100,2.930961608886720,18.158094406127901,0.917221844196320,314.751525878906023,296.593444824219034,1.570037126541140,-72.659996032714801,34.079998016357401,331.751281738281023,298.269042968750000,-105.479995727539006,58.009998321533203,"10","8","1",-28.141492843627901,"2933",-59.671489715576200,6.055631637573240,"867",,,,,,,,,,,,,,,,,,,,,,,,,,,,,,,,,,,,,,,,,,,,,,,,,./0.png
"0","0",0.593092322349548,1.874504208564760,1.281411886215210,12.914843559265099,1.590454101562500,326.552673339843977,313.637390136718977,4.086837768554690,-65.819999694824205,30.179998397827099,347.507171630859034,319.604309082031023,-103.069999694824006,36.059997558593800,"10","7","1",-29.298635482788100,"2933",-64.915153503417997,48.211055755615199,"2030",,,,,,,,,,,,,,,,,,,,,,,,,,,,,,,,,,,,,,,,,,,,,,,,,./0.png
"0","0",1.126073718070980,2.269158124923710,1.143084406852720,15.534447669982899,1.040918588638310,311.601806640625000,296.067413330078011,1.288595438003540,-73.419998168945298,34.559997558593800,351.002288818358977,298.127655029296932,-105.809997558594006,59.930000305175803,"10","8","1",-27.980030059814499,"2934",-59.039772033691399,5.232439517974850,"717",,,,,,,,,,,,,,,,,,,,,,,,,,,,,,,,,,,,,,,,,,,,,,,,,./0.png
"3","0",0.388243675231934,3.177114248275760,2.788870573043820,16.817285537719702,0.883362472057343,313.702545166016023,296.885314941406023,1.372704505920410,-72.639999389648395,34.059997558593800,348.402221679688012,297.216613769531023,-105.509994506835994,57.939998626708999,"10","8","1",-28.141925811767599,"2934",-59.697299957275398,9.033420562744141,"873",,,,,,,,,,,,,,,,,,,,,,,,,,,,,,,,,,,,,,,,,,,,,,,,,./0.png
"0","0",1.840471506118770,2.386781215667720,0.546309649944305,12.977802276611300,0.909358322620392,309.520080566406023,296.542358398438012,1.330649971961980,-73.619995117187500,34.659999847412102,354.616851806641023,297.935943603516023,-106.040000915527003,60.349998474121101,"10","8","1",-27.915788650512699,"2939",-58.905551910400398,9.164014816284180,"685",,,,,,,,,,,,,,,,,,,,,,,,,,,,,,,,,,,,,,,,,,,,,,,,,./0.png
"0","0",1.458100080490110,3.577419996261600,2.119319915771480,19.714614868164102,1.211562991142270,322.987976074219034,303.273315429688012,1.642823815345760,-70.979995727539105,33.000000000000000,347.328186035156023,305.808868408203011,-105.049995422362997,53.319999694824197,"10","8","1",-28.442304611206101,"2939",-61.074806213378899,5.993327617645260,"1250",,,,,,,,,,,,,,,,,,,,,,,,,,,,,,,,,,,,,,,,,,,,,,,,,./0.png
"0","0",1.109772801399230,2.715720891952510,1.605948090553280,17.298297882080099,1.005420684814450,313.088500976561988,295.790130615233977,1.350059747695920,-73.430000305175795,34.569999694824197,354.685150146483977,297.977264404296932,-105.199996948242003,59.949996948242202,"10","8","1",-27.980382919311499,"2948",-59.040039062500000,7.294054508209230,"715",,,,,,,,,,,,,,,,,,,,,,,,,,,,,,,,,,,,,,,,,,,,,,,,,./0.png
"0","0",0.755156755447388,2.356675863265990,1.601519107818600,19.406894683837901,1.240218043327330,322.939544677733977,303.532318115233977,1.707522988319400,-70.989997863769503,33.000000000000000,348.836029052733977,307.449859619140966,-104.319999694824006,53.349998474121101,"10","8","1",-28.439767837524400,"2951",-61.074348449707003,6.512021541595460,"1247",,,,,,,,,,,,,,,,,,,,,,,,,,,,,,,,,,,,,,,,,,,,,,,,,./0.png
"0","0",0.593006849288940,2.353990793228150,1.760983943939210,19.511577606201200,1.270456552505490,322.969879150391023,303.457977294921989,1.511807799339290,-71.000000000000000,33.000000000000000,341.296722412108977,305.808868408203011,-104.349998474120994,53.349998474121101,"10","8","1",-28.434757232666001,"2952",-61.075798034667997,3.363295078277590,"1247",,,,,,,,,,,,,,,,,,,,,,,,,,,,,,,,,,,,,,,,,,,,,,,,,./0.png
"0","0",1.987037420272830,2.672448158264160,0.685410737991333,14.570583343505900,0.955886781215668,311.627380371093977,297.056701660156023,1.333884954452510,-73.629997253417997,34.669998168945298,356.480468750000000,297.524963378906023,-105.430000305175994,60.369998931884801,"10","8","1",-27.917030334472699,"2953",-58.905437469482401,8.237462043762212,"683",,,,,,,,,,,,,,,,,,,,,,,,,,,,,,,,,,,,,,,,,,,,,,,,,./0.png
"0","0",0.421103239059448,2.598366975784300,2.177263736724850,17.831043243408200,1.133766651153560,319.136016845703068,301.305114746093977,1.747960090637210,-70.939994812011705,32.939998626708999,343.487823486328011,304.195526123046989,-104.459999084472997,53.110000610351598,"10","8","1",-28.429691314697301,"2956",-61.147357940673800,8.443162918090820,"1267",,,,,,,,,,,,,,,,,,,,,,,,,,,,,,,,,,,,,,,,,,,,,,,,,./0.png
"0","0",0.000000000000000,0.000000000000000,0.000000000000000,0.000000000000000,0.965661942958832,0.000000000000000,0.000000000000000,1.485928177833560,-73.459999084472699,34.520000457763700,367.000000000000000,299.184295654296932,-105.479995727539006,59.889999389648402,"0","9","1",-27.934843063354499,"2957",-59.077735900878899,10.951559066772500,"720",,,,,,,,,,,,,,,,,,,,,,,,,,,,,,,,,,,,,,,,,,,,,,,,,./0.png
"0","0",0.000000000000000,0.000000000000000,0.000000000000000,0.000000000000000,1.175102233886720,0.000000000000000,0.000000000000000,2.241291761398320,-70.939994812011705,32.930000305175803,367.000000000000000,304.658874511718977,-104.500000000000000,53.099998474121101,"0","9","1",-28.425441741943398,"2957",-61.152057647705099,7.318396091461180,"1268",,,,,,,,,,,,,,,,,,,,,,,,,,,,,,,,,,,,,,,,,,,,,,,,,./0.png
"0","0",0.730856299400330,2.602657556533810,1.871801257133480,17.445436477661101,1.175102233886720,319.031127929688012,301.585876464843977,2.241291761398320,-70.939994812011705,32.930000305175803,350.098052978516023,306.587615966796989,-104.489997863770000,53.090000152587898,"10","8","1",-28.426187515258800,"2957",-61.155326843261697,7.318396091461180,"1269",,,,,,,,,,,,,,,,,,,,,,,,,,,,,,,,,,,,,,,,,,,,,,,,,./0.png
"0","0",0.962367534637451,2.750117778778080,1.787750244140620,17.954198837280298,0.989924073219299,314.313629150391023,296.359283447266023,1.388879299163820,-73.459999084472699,34.520000457763700,346.341644287108977,299.187225341796989,-105.509994506835994,59.889999389648402,"10","8","1",-27.929189682006800,"2958",-59.079475402832003,8.397973060607910,"720",,,,,,,,,,,,,,,,,,,,,,,,,,,,,,,,,,,,,,,,,,,,,,,,,./0.png
"0","0",0.776818275451660,2.657920360565190,1.881102085113530,17.520498275756800,1.153597712516780,319.192474365233977,301.672119140625000,1.246540904045100,-70.939994812011705,32.930000305175803,334.201812744140966,302.420013427733977,-104.529998779297003,53.090000152587898,"10","8","1",-28.421195983886701,"2958",-61.156757354736293,1.275936484336850,"1269",,,,,,,,,,,,,,,,,,,,,,,,,,,,,,,,,,,,,,,,,,,,,,,,,./0.png
"0","0",2.297323942184450,3.057512998580930,0.760188996791840,13.638539314270000,0.953776836395264,310.857299804688012,297.218780517578011,1.375939369201660,-73.750000000000000,34.689998626708999,345.808746337891023,298.163024902343977,-105.709999084472997,60.549999237060497,"10","8","1",-27.855577468872099,"2961",-58.855998992919901,9.320017814636230,"669",,,,,,,,,,,,,,,,,,,,,,,,,,,,,,,,,,,,,,,,,,,,,,,,,./0.png
"0","0",1.304275989532470,3.453827857971190,2.149551868438720,18.815040588378899,1.085160493850710,317.307708740233977,298.492797851561988,1.450343489646910,-73.349998474121094,34.409999847412102,350.992095947266023,299.575378417968977,-105.610000610352003,59.509998321533203,"10","8","1",-27.932216644287099,"2963",-59.214885711669901,7.496917247772220,"749",,,,,,,,,,,,,,,,,,,,,,,,,,,,,,,,,,,,,,,,,,,,,,,,,./0.png
"0","0",1.177168369293210,3.397418975830080,2.220250606536870,18.818462371826200,1.126000046730040,317.242309570311988,298.424011230468977,1.371086955070500,-73.349998474121094,34.399997711181598,332.225982666016023,301.894409179688012,-105.639999389647997,59.509998321533203,"10","8","1",-27.926607131958001,"2964",-59.216598510742202,5.031439781188960,"749",,,,,,,,,,,,,,,,,,,,,,,,,,,,,,,,,,,,,,,,,,,,,,,,,./0.png
"0","0",1.088154792785640,3.360663414001460,2.272508621215820,19.062623977661101,1.109661579132080,317.561889648438012,298.499389648438012,1.215808749198910,-73.349998474121094,34.399997711181598,330.412109375000000,300.377136230468977,-105.639999389647997,59.500000000000000,"10","8","1",-27.927673339843800,"2964",-59.220924377441399,2.175256013870240,"750",,,,,,,,,,,,,,,,,,,,,,,,,,,,,,,,,,,,,,,,,,,,,,,,,./0.png
"0","0",2.389203071594240,4.496697902679440,2.107494831085210,20.803070068359400,0.912800550460815,314.137512207031023,293.334411621093977,1.110672473907470,-76.360000610351605,36.479999542236293,332.661987304688012,294.287963867188012,-106.879997253417997,66.459999084472699,"10","8","1",-27.240137100219702,"2965",-56.583831787109403,6.910637378692630,"243",,,,,,,,,,,,,,,,,,,,,,,,,,,,,,,,,,,,,,,,,,,,,,,,,./0.png
"0","0",1.004379987716670,3.302068710327150,2.297688722610470,19.525634765625000,1.078120708465580,317.990203857421989,298.464630126953011,1.471370816230770,-73.360000610351605,34.380001068115199,345.061096191406023,301.965942382811988,-105.769996643065994,59.479999542236293,"10","8","1",-27.907363891601602,"2968",-59.236381530761697,4.022275447845460,"752",,,,,,,,,,,,,,,,,,,,,,,,,,,,,,,,,,,,,,,,,,,,,,,,,./0.png
"0","0",0.938224315643311,3.178318977355960,2.240094661712650,19.518840789794901,1.078120708465580,317.988739013671989,298.470031738281023,1.471370816230770,-73.369995117187500,34.380001068115199,331.674591064453011,300.072723388671989,-105.799995422362997,59.479999542236293,"10","8","1",-27.901748657226602,"2969",-59.238067626953097,4.022275447845460,"752",,,,,,,,,,,,,,,,,,,,,,,,,,,,,,,,,,,,,,,,,,,,,,,,,./0.png
"0","0",0.128351569175720,1.894613385200500,1.766261816024780,13.725038528442401,1.239309906959530,317.756622314453011,304.031616210938012,1.333884954452510,-69.000000000000000,31.719999313354499,334.744659423828011,305.728240966796989,-104.250000000000000,46.869998931884801,"10","7","1",-28.714176177978501,"2970",-62.739967346191399,1.881099224090580,"1543",,,,,,,,,,,,,,,,,,,,,,,,,,,,,,,,,,,,,,,,,,,,,,,,,./0.png
"0","0",0.218226194381714,1.593605399131770,1.375379204750060,13.719733238220201,1.553515553474430,327.740447998046989,314.020874023438012,2.087630987167360,-65.889999389648395,30.059999465942401,345.312469482421989,316.115875244140966,-102.019996643065994,35.729999542236300,"10","8","1",-29.184473037719702,"2977",-65.022354125976605,10.205654144287100,"2040",,,,,,,,,,,,,,,,,,,,,,,,,,,,,,,,,,,,,,,,,,,,,,,,,./0.png
"0","0",0.361359596252441,1.620398521423340,1.259038925170900,13.325304985046399,1.277947068214420,318.626770019531023,305.301269531250000,1.325797557830810,-69.000000000000000,31.729999542236300,334.868377685546989,305.491638183593977,-103.329994201660000,46.899997711181598,"10","7","1",-28.715314865112301,"2979",-62.742221832275398,0.951747000217438,"1542",,,,,,,,,,,,,,,,,,,,,,,,,,,,,,,,,,,,,,,,,,,,,,,,,./0.png
"0","0",0.764823198318481,2.790313243865970,2.025490045547490,18.580579757690401,1.079940319061280,317.198760986328011,298.618225097656023,1.456813454627990,-73.369995117187500,34.389999389648402,349.482757568358977,301.837127685546989,-105.159996032715014,59.500000000000000,"10","8","1",-27.905887603759801,"2982",-59.235961914062493,7.723197460174560,"750",,,,,,,,,,,,,,,,,,,,,,,,,,,,,,,,,,,,,,,,,,,,,,,,,./0.png
"0","0",1.490650415420530,2.107462406158450,0.616811990737915,13.776190757751500,0.961257815361023,310.993255615233977,297.217224121093977,1.094497680664060,-73.809997558593807,34.659999847412102,333.215698242188012,298.195434570311988,-105.430000305175994,60.549999237060497,"10","8","1",-27.801265716552699,"2985",-58.881156921386697,2.941516160964970,"669",,,,,,,,,,,,,,,,,,,,,,,,,,,,,,,,,,,,,,,,,,,,,,,,,./0.png
"0","0",0.344355940818787,2.241662740707400,1.897306799888610,18.303741455078100,1.086005926132200,314.911621093750000,296.608032226561988,1.419611454010010,-74.479995727539105,35.090000152587898,338.265441894531023,298.477905273438012,-105.779998779297003,62.139999389648402,"10","8","1",-27.643480300903299,"2988",-58.321586608886697,4.126808166503910,"550",,,,,,,,,,,,,,,,,,,,,,,,,,,,,,,,,,,,,,,,,,,,,,,,,./0.png
"0","0",0.309906125068665,2.215889215469360,1.905983090400700,18.341325759887699,1.086005926132200,314.965667724608977,296.624450683593977,1.419611454010010,-74.479995727539105,35.090000152587898,339.218414306641023,298.941467285156023,-105.779998779297003,62.119998931884801,"10","8","1",-27.644725799560501,"2988",-58.326549530029297,4.126808166503910,"551",,,,,,,,,,,,,,,,,,,,,,,,,,,,,,,,,,,,,,,,,,,,,,,,,./0.png
"0","0",1.987834215164180,2.760276317596440,0.772442042827606,16.503635406494102,1.002463102340700,311.093200683593977,294.589508056641023,5.165697574615480,-75.889999389648395,36.049999237060497,349.138275146483977,296.633392333983977,-106.470001220702997,65.279998779296903,"10","8","1",-27.305204391479499,"2992",-57.109531402587898,43.869201660156200,"324",,,,,,,,,,,,,,,,,,,,,,,,,,,,,,,,,,,,,,,,,,,,,,,,,./0.png
"0","0",0.000000000000000,0.000000000000000,0.000000000000000,0.000000000000000,1.002463102340700,0.000000000000000,0.000000000000000,5.165697574615480,-75.889999389648395,36.040000915527301,367.000000000000000,298.527862548828011,-106.500000000000000,65.279998779296903,"0","9","1",-27.298856735229499,"2993",-57.111560821533203,43.869201660156200,"324",,,,,,,,,,,,,,,,,,,,,,,,,,,,,,,,,,,,,,,,,,,,,,,,,./0.png
"0","0",2.171143054962160,2.931213855743410,0.760070860385895,16.640647888183601,0.896689295768738,311.135650634766023,294.494995117188012,1.188311576843260,-75.909996032714801,36.059997558593800,339.607788085938012,295.476776123046989,-106.509994506835994,65.319999694824205,"10","8","1",-27.294197082519499,"2993",-57.093887329101598,9.262271881103519,"321",,,,,,,,,,,,,,,,,,,,,,,,,,,,,,,,,,,,,,,,,,,,,,,,,./0.png
"0","0",2.157476425170900,2.885618686676030,0.728142261505127,16.430381774902301,1.002463102340700,311.104492187500057,294.674041748046989,5.165697574615480,-75.889999389648395,36.040000915527301,352.461578369140966,296.615478515625000,-106.500000000000000,65.269996643066406,"10","8","1",-27.300411224365199,"2993",-57.117462158203097,43.869201660156200,"325",,,,,,,,,,,,,,,,,,,,,,,,,,,,,,,,,,,,,,,,,,,,,,,,,./0.png
"0","0",0.000000000000000,0.000000000000000,0.000000000000000,0.000000000000000,1.025997400283810,0.000000000000000,0.000000000000000,2.365837812423710,-75.900001525878906,36.040000915527301,367.000000000000000,298.154174804688012,-106.529998779297003,65.279998779296903,"0","9","1",-27.292514801025401,"2994",-57.113613128662102,21.177425384521499,"324",,,,,,,,,,,,,,,,,,,,,,,,,,,,,,,,,,,,,,,,,,,,,,,,,./0.png
"0","0",2.138510227203370,2.905961275100710,0.767451107501984,16.727926254272500,0.917526245117188,311.193634033203011,294.465667724608977,1.451961040496830,-75.930000305175795,36.059997558593800,335.400177001953011,296.502075195311988,-106.540000915527003,65.339996337890597,"10","8","1",-27.286291122436499,"2994",-57.090045928955099,8.487143516540529,"320",,,,,,,,,,,,,,,,,,,,,,,,,,,,,,,,,,,,,,,,,,,,,,,,,./0.png
"0","0",2.179447650909420,2.944040060043330,0.764592528343201,16.761764526367202,0.917526245117188,311.287933349608977,294.526214599608977,1.451961040496830,-75.919998168945298,36.049999237060497,345.778411865233977,297.708435058593977,-106.540000915527003,65.319999694824205,"10","8","1",-27.287851333618200,"2994",-57.095943450927699,8.487143516540529,"321",,,,,,,,,,,,,,,,,,,,,,,,,,,,,,,,,,,,,,,,,,,,,,,,,./0.png
"0","0",2.162436485290530,2.877123594284060,0.714686989784241,16.506011962890600,1.025997400283810,311.200927734375000,294.695007324219034,2.365837812423710,-75.889999389648395,36.040000915527301,341.484771728516023,297.091857910156023,-106.529998779297003,65.269996643066406,"10","8","1",-27.294065475463899,"2994",-57.119487762451200,21.177425384521499,"325",,,,,,,,,,,,,,,,,,,,,,,,,,,,,,,,,,,,,,,,,,,,,,,,,./0.png
"0","0",0.000000000000000,0.000000000000000,0.000000000000000,0.000000000000000,0.884034872055054,0.000000000000000,0.000000000000000,1.544157385826110,-75.939994812011719,36.049999237060497,367.000000000000000,296.621459960938012,-106.599998474120994,65.339996337890597,"0","9","1",-27.273571014404300,"2996",-57.094081878662102,10.483139991760300,"320",,,,,,,,,,,,,,,,,,,,,,,,,,,,,,,,,,,,,,,,,,,,,,,,,./0.png
"0","0",0.868391990661621,2.158979177474980,1.290587186813350,16.838504791259801,1.335906744003300,319.367614746093977,302.529235839843977,1.453578472137450,-71.129997253417997,32.869998931884801,334.305114746093977,303.448028564453011,-104.729995727539006,53.180000305175803,"10","8","1",-28.284742355346701,"2996",-61.179847717285199,1.621999740600590,"1262",,,,,,,,,,,,,,,,,,,,,,,,,,,,,,,,,,,,,,,,,,,,,,,,,./0.png
"0","0",2.276741027832030,3.059267282485960,0.782526254653931,16.981983184814499,0.884034872055054,311.465301513671989,294.483337402343977,1.544157385826110,-75.949996948242202,36.049999237060497,348.323638916016023,294.500549316406023,-106.629997253417997,65.339996337890597,"10","8","1",-27.267213821411101,"2997",-57.096107482910199,10.483139991760300,"320",,,,,,,,,,,,,,,,,,,,,,,,,,,,,,,,,,,,,,,,,,,,,,,,,./0.png
"0","0",0.993389606475830,2.341904163360600,1.348514556884770,15.974272727966300,1.236431717872620,318.852935791016023,302.878784179688012,1.807806849479680,-70.970001220703097,32.770000457763700,350.404541015625000,305.084289550780966,-104.739997863770000,52.699996948242202,"10","8","1",-28.304985046386701,"2998",-61.314090728759801,7.677015304565430,"1291",,,,,,,,,,,,,,,,,,,,,,,,,,,,,,,,,,,,,,,,,,,,,,,,,./0.png
"1","0",0.847676873207092,2.556559801101680,1.708882927894590,19.795381546020501,0.838127017021179,311.630523681641023,291.835266113281023,0.944072008132935,-77.239997863769503,36.979999542236293,330.060943603516023,293.983612060546989,-107.220001220702997,68.049995422363295,"10","8","1",-26.937501907348601,"2999",-55.931003570556598,4.242179393768310,"138",,,,,,,,,,,,,,,,,,,,,,,,,,,,,,,,,,,,,,,,,,,,,,,,,./0.png
"0","0",0.957472085952759,2.308387517929080,1.350915431976320,15.998191833496101,1.236431717872620,318.890808105468977,302.892791748046989,1.807806849479680,-70.979995727539105,32.759998321533203,333.113586425780966,304.754150390625000,-104.769996643065994,52.699996948242202,"10","7","1",-28.300027847290000,"2999",-61.315494537353501,7.677015304565430,"1291",,,,,,,,,,,,,,,,,,,,,,,,,,,,,,,,,,,,,,,,,,,,,,,,,./0.png
"0","0",1.672484159469600,3.211064100265500,1.538579940795900,17.999330520629901,1.083752989768980,315.480346679688012,297.481231689453011,1.259480834007260,-73.610000610351605,34.409999847412102,334.821258544921989,298.272003173828011,-105.819999694824006,59.799999237060497,"10","8","1",-27.774364471435501,"3001",-59.168304443359403,3.679125785827640,"727",,,,,,,,,,,,,,,,,,,,,,,,,,,,,,,,,,,,,,,,,,,,,,,,,./0.png
"0","0",2.696134090423580,3.503201246261600,0.807067036628723,16.945129394531200,0.849635958671570,311.339660644531023,294.394470214843977,1.021711111068730,-76.009994506835895,36.049999237060497,331.740997314453011,297.711395263671989,-106.829994201660000,65.400001525878906,"10","8","1",-27.222707748413100,"3003",-57.084537506103501,5.491207599639890,"316",,,,,,,,,,,,,,,,,,,,,,,,,,,,,,,,,,,,,,,,,,,,,,,,,./0.png
"0","0",0.690836906433105,2.068612098693850,1.377775192260740,15.988719940185501,1.220661282539370,318.625244140625000,302.636535644531023,1.308005213737490,-71.019996643066406,32.759998321533203,330.576873779296932,304.232116699219034,-104.919998168944986,52.739997863769503,"10","7","1",-28.277217864990199,"3003",-61.308277130127003,2.353388547897340,"1289",,,,,,,,,,,,,,,,,,,,,,,,,,,,,,,,,,,,,,,,,,,,,,,,,./0.png
"0","0",0.645487785339355,2.022705793380740,1.377218008041380,15.945314407348601,1.230739474296570,318.607818603516023,302.662597656250000,1.456813454627990,-71.029998779296903,32.759998321533203,331.559814453125000,302.971923828125000,-104.949996948242003,52.739997863769503,"10","7","1",-28.272256851196300,"3004",-61.309684753417997,6.091320991516110,"1289",,,,,,,,,,,,,,,,,,,,,,,,,,,,,,,,,,,,,,,,,,,,,,,,,./0.png
"0","0",1.115644693374630,2.001098871231080,0.885454118251801,15.759568214416500,1.245058178901670,318.943481445311988,303.183959960938012,1.460048437118530,-70.979995727539105,32.770000457763700,335.894714355468977,304.667266845703068,-104.000000000000000,52.719997406005902,"10","8","1",-28.301856994628899,"3010",-61.315967559814503,2.888616323471070,"1290",,,,,,,,,,,,,,,,,,,,,,,,,,,,,,,,,,,,,,,,,,,,,,,,,./0.png
"0","0",1.113080739974980,2.024198293685910,0.911117494106293,15.864626884460399,1.245058178901670,319.066772460938012,303.202087402343977,1.460048437118530,-70.989997863769503,32.770000457763700,331.588562011718977,304.541076660156023,-104.029998779297003,52.719997406005902,"10","7","1",-28.296897888183601,"3011",-61.317386627197301,2.888616323471070,"1290",,,,,,,,,,,,,,,,,,,,,,,,,,,,,,,,,,,,,,,,,,,,,,,,,./0.png
"0","0",2.559708118438720,3.349197387695310,0.789489388465881,16.021230697631800,0.867179453372955,310.425109863281023,294.404052734375000,1.692965745925900,-75.949996948242202,36.059997558593800,331.273529052733977,295.111968994140966,-106.079994201660000,65.369995117187500,"10","8","1",-27.273450851440401,"3012",-57.089050292968800,8.763322830200202,"318",,,,,,,,,,,,,,,,,,,,,,,,,,,,,,,,,,,,,,,,,,,,,,,,,./0.png
"0","0",2.511448144912720,3.285461664199830,0.774013578891754,15.961148262023899,0.867179453372955,310.385101318358977,294.424133300780966,1.692965745925900,-75.939994812011719,36.059997558593800,347.765228271483977,295.930511474608977,-106.079994201660000,65.349998474121094,"10","8","1",-27.274982452392599,"3012",-57.094974517822301,8.763322830200202,"319",,,,,,,,,,,,,,,,,,,,,,,,,,,,,,,,,,,,,,,,,,,,,,,,,./0.png
"0","0",2.450832843780520,3.217943668365480,0.767110705375671,16.083921432495099,0.867179453372955,310.515716552733977,294.431915283203011,1.692965745925900,-75.949996948242202,36.049999237060497,356.200561523438012,294.845977783203011,-106.110000610352003,65.349998474121094,"10","8","1",-27.268629074096701,"3013",-57.097023010253899,8.763322830200202,"319",,,,,,,,,,,,,,,,,,,,,,,,,,,,,,,,,,,,,,,,,,,,,,,,,./0.png
"0","0",0.864803671836853,1.975629806518550,1.110826134681700,16.818506240844702,1.258864521980290,320.252014160156023,303.433502197266023,1.382409334182740,-71.040000915527301,32.770000457763700,331.831237792968977,304.599975585938012,-104.189994812012003,52.789997100830099,"10","7","1",-28.272726058960000,"3015",-61.303726196289098,3.337702274322510,"1287",,,,,,,,,,,,,,,,,,,,,,,,,,,,,,,,,,,,,,,,,,,,,,,,,./0.png
"0","0",0.947689414024353,2.028775691986080,1.081086277961730,16.649473190307599,1.274885296821590,320.087341308593977,303.437835693358977,1.400201678276060,-71.029998779296903,32.759998321533203,337.247711181641023,303.569610595703068,-104.180000305175994,52.770000457763707,"10","8","1",-28.274175643920898,"3015",-61.310180664062493,3.376515388488770,"1288",,,,,,,,,,,,,,,,,,,,,,,,,,,,,,,,,,,,,,,,,,,,,,,,,./0.png
"0","0",2.566076517105100,3.489436388015750,0.923359811306000,15.644348144531200,0.885842680931091,309.647003173828011,294.002502441406023,1.078322887420650,-76.019996643066406,36.049999237060497,332.000793457031023,297.471649169921989,-106.309997558594006,65.409996032714801,"10","8","1",-27.224290847778299,"3019",-57.085533142089801,6.156934738159180,"315",,,,,,,,,,,,,,,,,,,,,,,,,,,,,,,,,,,,,,,,,,,,,,,,,./0.png
"0","0",0.802155017852783,3.867584705352780,3.065429687500000,19.474174499511701,1.225715875625610,317.451995849608977,297.977722167968977,1.599151730537410,-72.580001831054702,33.700000762939503,333.248596191406023,301.087585449219034,-104.909996032715014,57.049999237060497,"10","8","1",-27.967662811279300,"3019",-60.074771881103501,3.251263141632080,"944",,,,,,,,,,,,,,,,,,,,,,,,,,,,,,,,,,,,,,,,,,,,,,,,,./0.png
"0","0",0.715620517730713,3.750706911087040,3.035086393356320,19.341356277465799,1.225715875625610,317.299316406250000,297.957916259766023,1.599151730537410,-72.569999694824205,33.700000762939503,348.625518798828011,300.735748291016023,-104.909996032715014,57.029998779296903,"10","8","1",-27.968574523925799,"3019",-60.078632354736293,3.251263141632080,"945",,,,,,,,,,,,,,,,,,,,,,,,,,,,,,,,,,,,,,,,,,,,,,,,,./0.png
"0","0",0.787091612815857,2.023536682128910,1.236445069313050,17.519365310668899,1.046046853065490,315.775756835938012,298.256378173828011,1.167284369468690,-74.519996643066406,34.979999542236300,333.112487792968977,298.050994873046989,-105.750000000000000,61.949996948242202,"10","8","1",-27.555465698242202,"3021",-58.431095123291001,2.957893848419190,"564",,,,,,,,,,,,,,,,,,,,,,,,,,,,,,,,,,,,,,,,,,,,,,,,,./0.png
"0","0",0.302433967590332,2.311896324157710,2.009462356567380,14.608062744140600,1.272420644760130,319.531433105468977,304.923461914061988,1.503720402717590,-69.080001831054702,31.579999923706101,341.802673339843977,305.187622070311988,-103.649993896484006,46.559997558593800,"10","8","1",-28.585250854492202,"3021",-62.868087768554702,4.532662868499760,"1557",,,,,,,,,,,,,,,,,,,,,,,,,,,,,,,,,,,,,,,,,,,,,,,,,./0.png
"0","0",0.252651691436768,2.268117666244510,2.015465974807740,14.676719665527299,1.262715697288510,319.513061523438012,304.836334228516023,1.553862333297730,-69.069999694824205,31.579999923706101,333.857849121093977,307.471832275391023,-103.649993896484006,46.539997100830099,"10","7","1",-28.586353302001999,"3021",-62.873249053955099,5.693427562713620,"1558",,,,,,,,,,,,,,,,,,,,,,,,,,,,,,,,,,,,,,,,,,,,,,,,,./0.png
"0","0",1.475250720977780,2.629622220993040,1.154371500015260,16.948120117187500,1.053898811340330,315.245056152343977,298.296905517578011,1.215808749198910,-74.430000305175795,34.909999847412102,337.833465576171989,298.277893066406023,-105.739997863770000,61.709999084472699,"10","8","1",-27.571521759033200,"3022",-58.520492553710902,3.880617380142210,"582",,,,,,,,,,,,,,,,,,,,,,,,,,,,,,,,,,,,,,,,,,,,,,,,,./0.png
"0","0",0.000000000000000,0.000000000000000,0.000000000000000,0.000000000000000,1.078037500381470,0.000000000000000,0.000000000000000,3.242512464523320,-73.889999389648395,34.529998779296903,367.000000000000000,298.871154785156023,-105.579994201660000,60.349998474121101,"0","9","1",-27.679389953613299,"3024",-59.004318237304702,11.770516395568800,"685",,,,,,,,,,,,,,,,,,,,,,,,,,,,,,,,,,,,,,,,,,,,,,,,,./0.png
"0","0",0.000000000000000,0.000000000000000,0.000000000000000,0.000000000000000,1.070864439010620,0.000000000000000,0.000000000000000,2.349663019180300,-73.879997253417997,34.520000457763700,367.000000000000000,298.160064697266023,-105.579994201660000,60.329998016357401,"0","9","1",-27.680501937866200,"3024",-59.008823394775398,9.255161285400391,"686",,,,,,,,,,,,,,,,,,,,,,,,,,,,,,,,,,,,,,,,,,,,,,,,,./0.png
"0","0",1.288326144218440,2.447516679763790,1.159190535545350,17.233150482177699,1.071512460708620,315.495361328125000,298.262176513671989,1.937205314636230,-74.470001220703111,34.919998168945298,352.377532958983977,298.474975585938012,-105.809997558594006,61.779998779296903,"10","8","1",-27.553680419921900,"3024",-58.499847412109403,10.435759544372599,"577",,,,,,,,,,,,,,,,,,,,,,,,,,,,,,,,,,,,,,,,,,,,,,,,,./0.png
"0","0",1.380967855453490,2.507230281829830,1.126262426376340,17.182712554931602,1.081737518310550,315.518585205078011,298.335845947266023,1.768987298011780,-74.470001220703111,34.919998168945298,351.171325683593977,299.231048583983977,-105.809997558594006,61.759998321533203,"10","8","1",-27.554897308349599,"3024",-58.504680633544901,8.268357276916500,"578",,,,,,,,,,,,,,,,,,,,,,,,,,,,,,,,,,,,,,,,,,,,,,,,,./0.png
"0","0",1.551227569580080,3.514699935913090,1.963472366333010,18.507865905761701,1.092586040496830,315.114929199219034,296.607208251953011,1.409906506538390,-73.930000305175795,34.559997558593800,336.997131347656023,299.289489746093977,-105.599998474120994,60.449996948242202,"10","8","1",-27.670450210571300,"3024",-58.968166351318402,6.953612327575680,"677",,,,,,,,,,,,,,,,,,,,,,,,,,,,,,,,,,,,,,,,,,,,,,,,,./0.png
"0","0",1.026204824447630,3.212632417678830,2.186427593231200,18.935810089111300,1.078037500381470,315.255767822266023,296.319946289061988,3.242512464523320,-73.889999389648395,34.529998779296903,355.341735839843977,297.527923583983977,-105.579994201660000,60.359996795654297,"10","8","1",-27.678276062011701,"3024",-58.999816894531200,11.770516395568800,"684",,,,,,,,,,,,,,,,,,,,,,,,,,,,,,,,,,,,,,,,,,,,,,,,,./0.png
"0","0",0.080631017684936,2.084499359130860,2.003868341445920,15.156575202941900,1.301175951957700,320.363220214843977,305.206665039061988,1.442256093025210,-68.930000305175795,31.479999542236300,334.718414306641023,305.753265380859034,-103.709999084472997,46.000000000000000,"10","7","1",-28.599123001098601,"3024",-62.999855041503899,2.690612077713010,"1582",,,,,,,,,,,,,,,,,,,,,,,,,,,,,,,,,,,,,,,,,,,,,,,,,./0.png
"0","0",0.000000000000000,0.000000000000000,0.000000000000000,0.000000000000000,1.070864439010620,0.000000000000000,0.000000000000000,2.349663019180300,-73.889999389648395,34.520000457763700,367.000000000000000,295.006256103516023,-105.610000610352003,60.329998016357401,"0","9","1",-27.674793243408200,"3025",-59.010559082031200,9.255161285400391,"686",,,,,,,,,,,,,,,,,,,,,,,,,,,,,,,,,,,,,,,,,,,,,,,,,./0.png
"0","0",1.268882513046260,2.402613639831540,1.133731126785280,17.248571395873999,1.071512460708620,315.554016113281023,298.305480957031023,1.937205314636230,-74.479995727539105,34.919998168945298,350.472869873046989,299.347869873046989,-105.839996337890994,61.779998779296903,"10","8","1",-27.547801971435501,"3025",-58.501663208007798,10.435759544372599,"577",,,,,,,,,,,,,,,,,,,,,,,,,,,,,,,,,,,,,,,,,,,,,,,,,./0.png
"0","0",1.356795310974120,2.454456567764280,1.097661256790160,17.202220916748001,1.081737518310550,315.584686279296932,298.382507324219034,1.768987298011780,-74.470001220703111,34.919998168945298,338.729064941406023,300.689514160156023,-105.839996337890994,61.759998321533203,"10","8","1",-27.549020767211900,"3025",-58.506519317627003,8.268357276916500,"578",,,,,,,,,,,,,,,,,,,,,,,,,,,,,,,,,,,,,,,,,,,,,,,,,./0.png
"0","0",1.448996901512150,3.380296468734740,1.931299567222600,18.776090621948200,1.080280900001530,315.470123291016023,296.694152832031023,1.534452557563780,-73.930000305175795,34.549999237060497,342.234344482421989,299.470428466796989,-105.629997253417997,60.439998626708999,"10","8","1",-27.665853500366200,"3025",-58.974449157714801,4.967049121856690,"678",,,,,,,,,,,,,,,,,,,,,,,,,,,,,,,,,,,,,,,,,,,,,,,,,./0.png
"0","0",1.355605125427250,3.357794046401980,2.002188920974730,18.906175613403299,1.080280900001530,315.543121337891023,296.637054443358977,1.534452557563780,-73.919998168945298,34.549999237060497,336.087371826171989,298.742156982421989,-105.629997253417997,60.430000305175803,"10","8","1",-27.666971206665000,"3025",-58.978969573974602,4.967049121856690,"679",,,,,,,,,,,,,,,,,,,,,,,,,,,,,,,,,,,,,,,,,,,,,,,,,./0.png
"0","0",0.916015625000000,3.042656183242800,2.126640558242800,19.138650894165000,1.078037500381470,315.613708496093977,296.475128173828011,3.242512464523320,-73.900001525878906,34.529998779296903,347.076202392578011,296.987792968750000,-105.610000610352003,60.359996795654297,"10","8","1",-27.672563552856399,"3025",-59.001556396484403,11.770516395568800,"684",,,,,,,,,,,,,,,,,,,,,,,,,,,,,,,,,,,,,,,,,,,,,,,,,./0.png
"0","0",0.865789413452148,2.992200136184690,2.126410722732540,18.998443603515600,1.078037500381470,315.548217773438012,296.549957275391023,3.242512464523320,-73.889999389648395,34.520000457763700,330.718505859375000,295.885498046875000,-105.610000610352003,60.349998474121101,"10","8","1",-27.673679351806602,"3025",-59.006057739257798,11.770516395568800,"685",,,,,,,,,,,,,,,,,,,,,,,,,,,,,,,,,,,,,,,,,,,,,,,,,./0.png
"0","0",0.876380681991577,3.021687984466550,2.145307302474980,18.725749969482401,1.070864439010620,315.400695800780966,296.675170898438012,2.349663019180300,-73.879997253417997,34.520000457763700,336.922119140625000,295.684295654296932,-105.610000610352003,60.319999694824197,"10","8","1",-27.675905227661101,"3025",-59.015060424804702,9.255161285400391,"687",,,,,,,,,,,,,,,,,,,,,,,,,,,,,,,,,,,,,,,,,,,,,,,,,./0.png
"3","0",1.025369405746460,2.859442234039310,1.834072828292850,18.062534332275401,0.823345184326172,315.398376464843977,297.335784912108977,0.934367120265961,-73.830001831054702,34.479999542236300,330.010498046875000,299.563720703125000,-105.589996337890994,60.180000305175803,"10","8","1",-27.688095092773398,"3025",-59.064380645752003,2.384145021438600,"698",,,,,,,,,,,,,,,,,,,,,,,,,,,,,,,,,,,,,,,,,,,,,,,,,./0.png
"0","0",0.000000000000000,0.000000000000000,0.000000000000000,0.000000000000000,1.122335553169250,0.000000000000000,0.000000000000000,8.347282409667972,-73.889999389648395,34.520000457763700,367.000000000000000,297.267059326171989,-105.639999389647997,60.329998016357401,"0","9","1",-27.669084548950199,"3026",-59.012302398681598,78.434616088867202,"686",,,,,,,,,,,,,,,,,,,,,,,,,,,,,,,,,,,,,,,,,,,,,,,,,./0.png
"0","0",1.262471079826350,2.380598783493040,1.118127703666690,17.356267929077099,1.122165322303770,315.696105957031023,298.339935302733977,1.615326642990110,-74.479995727539105,34.919998168945298,337.516998291016023,299.691894531250000,-105.879997253417997,61.779998779296903,"10","8","1",-27.541923522949201,"3026",-58.503494262695298,5.944963932037350,"577",,,,,,,,,,,,,,,,,,,,,,,,,,,,,,,,,,,,,,,,,,,,,,,,,./0.png
"0","0",1.321451187133790,2.395341396331790,1.073890209198000,17.265638351440401,1.134665131568910,315.679382324219034,298.413818359375000,2.241291761398320,-74.479995727539105,34.909999847412102,334.381561279296932,301.579162597656023,-105.869995117187997,61.759998321533203,"10","8","1",-27.543146133422901,"3026",-58.508342742919901,6.656956672668460,"578",,,,,,,,,,,,,,,,,,,,,,,,,,,,,,,,,,,,,,,,,,,,,,,,,./0.png
"0","0",1.403318405151370,2.433171272277830,1.029852867126460,17.183507919311499,1.134665131568910,315.667968750000000,298.484588623046989,2.241291761398320,-74.470001220703111,34.909999847412102,347.095733642578011,300.400299072266023,-105.869995117187997,61.750000000000000,"10","8","1",-27.544366836547901,"3026",-58.513187408447301,6.656956672668460,"579",,,,,,,,,,,,,,,,,,,,,,,,,,,,,,,,,,,,,,,,,,,,,,,,,./0.png
"0","0",1.468849182128910,2.452163457870480,0.983314275741577,17.062515258789102,1.128374934196470,315.600921630859034,298.538452148438012,1.634736418724060,-74.470001220703111,34.909999847412102,355.862091064453011,299.450012207031023,-105.869995117187997,61.739997863769503,"10","8","1",-27.545578002929702,"3026",-58.518001556396499,12.160210609436000,"580",,,,,,,,,,,,,,,,,,,,,,,,,,,,,,,,,,,,,,,,,,,,,,,,,./0.png
"1","0",0.907149553298950,2.967448711395260,2.060299158096310,19.126903533935501,1.072751760482790,315.664764404296932,296.537902832031023,1.257863283157350,-73.909996032714801,34.529998779296903,333.560516357421989,297.264099121093977,-105.649993896484006,60.369998931884801,"10","8","1",-27.665729522705099,"3026",-58.998764038085902,4.034011840820310,"683",,,,,,,,,,,,,,,,,,,,,,,,,,,,,,,,,,,,,,,,,,,,,,,,,./0.png
"1","0",0.862942934036255,2.919963836669920,2.057020902633670,19.101945877075199,1.122505784034730,315.687927246093977,296.586090087891023,2.464504241943360,-73.900001525878906,34.520000457763700,345.496398925780966,296.170227050780966,-105.649993896484006,60.359996795654297,"10","8","1",-27.666851043701200,"3026",-59.003284454345703,14.595701217651399,"684",,,,,,,,,,,,,,,,,,,,,,,,,,,,,,,,,,,,,,,,,,,,,,,,,./0.png
"0","0",0.000000000000000,0.000000000000000,0.000000000000000,0.000000000000000,1.122335553169250,0.000000000000000,0.000000000000000,8.347282409667972,-73.900001525878906,34.509998321533203,367.000000000000000,296.624420166016023,-105.669998168944986,60.329998016357401,"0","9","1",-27.663379669189499,"3027",-59.014057159423800,78.434616088867202,"686",,,,,,,,,,,,,,,,,,,,,,,,,,,,,,,,,,,,,,,,,,,,,,,,,./0.png
"0","0",1.297843813896180,2.362536191940310,1.064692378044130,17.339662551879901,1.122165322303770,315.724029541016023,298.384460449219034,1.615326642990110,-74.489997863769503,34.909999847412102,342.715972900391023,299.377075195311988,-105.909996032715014,61.779998779296903,"10","8","1",-27.536041259765600,"3027",-58.505302429199197,5.944963932037350,"577",,,,,,,,,,,,,,,,,,,,,,,,,,,,,,,,,,,,,,,,,,,,,,,,,./0.png
"0","0",1.399212598800660,2.420663356781010,1.021450757980350,17.285034179687500,1.134665131568910,315.755126953125000,298.470214843750000,2.241291761398320,-74.489997863769503,34.909999847412102,338.011291503906023,300.966583251953011,-105.909996032715014,61.759998321533203,"10","8","1",-27.537265777587901,"3027",-58.510154724121101,6.656956672668460,"578",,,,,,,,,,,,,,,,,,,,,,,,,,,,,,,,,,,,,,,,,,,,,,,,,./0.png
"0","0",1.483102202415470,2.459975719451900,0.976873517036438,17.200738906860401,1.134665131568910,315.743469238281023,298.542846679688012,2.241291761398320,-74.479995727539105,34.909999847412102,348.377502441406023,300.498718261718977,-105.899993896484006,61.750000000000000,"10","8","1",-27.538490295410199,"3027",-58.515003204345703,6.656956672668460,"579",,,,,,,,,,,,,,,,,,,,,,,,,,,,,,,,,,,,,,,,,,,,,,,,,./0.png
"1","0",0.895904421806335,2.823280811309810,1.927376389503480,18.959693908691399,1.122505784034730,315.780975341796989,296.821411132811988,2.464504241943360,-73.909996032714801,34.520000457763700,332.697631835938012,289.231872558593977,-105.680000305175994,60.349998474121101,"10","8","1",-27.662260055541999,"3027",-59.009540557861293,14.595701217651399,"685",,,,,,,,,,,,,,,,,,,,,,,,,,,,,,,,,,,,,,,,,,,,,,,,,./0.png
"0","0",0.605518817901611,2.643148660659790,2.037629842758180,16.605239868164102,1.080017328262330,314.968750000000000,298.363616943358977,1.413141489028930,-73.279998779296889,34.079998016357401,338.636810302733977,301.421264648438012,-105.519996643065994,58.719997406005902,"10","8","1",-27.779785156250000,"3030",-59.560001373291001,6.479017257690430,"811",,,,,,,,,,,,,,,,,,,,,,,,,,,,,,,,,,,,,,,,,,,,,,,,,./0.png
"0","0",0.000000000000000,0.000000000000000,0.000000000000000,0.000000000000000,1.095924973487850,0.000000000000000,0.000000000000000,5.534482955932620,-73.809997558593807,34.419998168945298,367.000000000000000,302.693420410156023,-105.790000915527003,60.039997100830099,"0","9","1",-27.660451889038100,"3032",-59.125389099121101,31.483858108520501,"709",,,,,,,,,,,,,,,,,,,,,,,,,,,,,,,,,,,,,,,,,,,,,,,,,./0.png
"0","0",0.809979200363159,2.995384454727170,2.185405254364010,18.987834930419901,1.047971248626710,315.838134765625000,296.850372314453011,3.533658981323240,-73.809997558593807,34.419998168945298,352.460906982421989,302.659271240233977,-105.790000915527003,60.020000457763707,"10","8","1",-27.661556243896499,"3032",-59.129821777343800,13.199733734130900,"710",,,,,,,,,,,,,,,,,,,,,,,,,,,,,,,,,,,,,,,,,,,,,,,,,./0.png
"0","0",0.728023767471313,2.977351903915410,2.249328136444090,19.126869201660199,1.047971248626710,315.890563964843977,296.763793945311988,3.533658981323240,-73.799995422363295,34.409999847412102,354.251678466796989,299.915863037108977,-105.779998779297003,60.009998321533203,"10","8","1",-27.662658691406200,"3032",-59.134239196777301,13.199733734130900,"711",,,,,,,,,,,,,,,,,,,,,,,,,,,,,,,,,,,,,,,,,,,,,,,,,./0.png
"0","0",0.000000000000000,0.000000000000000,0.000000000000000,0.000000000000000,1.095924973487850,0.000000000000000,0.000000000000000,5.534482955932620,-73.819999694824205,34.419998168945298,367.000000000000000,301.133666992188012,-105.819999694824006,60.039997100830099,"0","9","1",-27.654773712158200,"3033",-59.127098083496101,31.483858108520501,"709",,,,,,,,,,,,,,,,,,,,,,,,,,,,,,,,,,,,,,,,,,,,,,,,,./0.png
"0","0",0.000000000000000,0.000000000000000,0.000000000000000,0.000000000000000,1.047971248626710,0.000000000000000,0.000000000000000,3.533658981323240,-73.809997558593807,34.409999847412102,367.000000000000000,300.429260253906023,-105.819999694824006,60.020000457763707,"0","9","1",-27.655878067016602,"3033",-59.131530761718800,13.199733734130900,"710",,,,,,,,,,,,,,,,,,,,,,,,,,,,,,,,,,,,,,,,,,,,,,,,,./0.png
"0","0",0.870301961898804,2.841868638992310,1.971566677093510,18.778394699096701,1.095924973487850,315.921264648438012,297.142913818358977,5.534482955932620,-73.830001831054702,34.419998168945298,333.512695312499943,301.136535644531023,-105.819999694824006,60.049999237060497,"10","8","1",-27.653667449951200,"3033",-59.122665405273402,31.483858108520501,"708",,,,,,,,,,,,,,,,,,,,,,,,,,,,,,,,,,,,,,,,,,,,,,,,,./0.png
"0","0",0.676728487014771,2.799896955490110,2.123168468475340,19.166961669921900,1.047971248626710,316.119415283203011,296.952514648438012,3.533658981323240,-73.809997558593807,34.409999847412102,349.338928222656023,298.571929931641023,-105.819999694824006,60.009998321533203,"10","8","1",-27.656982421875000,"3033",-59.135948181152301,13.199733734130900,"711",,,,,,,,,,,,,,,,,,,,,,,,,,,,,,,,,,,,,,,,,,,,,,,,,./0.png
"0","0",0.000000000000000,0.000000000000000,0.000000000000000,0.000000000000000,1.058697462081910,0.000000000000000,0.000000000000000,5.338768005371090,-73.819999694824205,34.430000305175803,367.000000000000000,301.716796875000000,-105.180000305175994,60.059997558593800,"0","9","1",-27.660259246826200,"3046",-59.124897003173800,45.622314453125000,"707",,,,,,,,,,,,,,,,,,,,,,,,,,,,,,,,,,,,,,,,,,,,,,,,,./0.png
"0","0",1.057460308074950,3.192393541336060,2.134933233261110,18.074647903442401,1.024946093559270,314.648590087891023,296.574096679688012,3.755254030227660,-73.819999694824205,34.419998168945298,349.612640380859034,303.394256591796989,-105.180000305175994,60.049999237060497,"10","8","1",-27.661338806152301,"3046",-59.129348754882798,14.525094032287599,"708",,,,,,,,,,,,,,,,,,,,,,,,,,,,,,,,,,,,,,,,,,,,,,,,,./0.png
"0","0",0.963778734207153,3.193407773971560,2.229629039764400,18.230495452880898,1.024946093559270,314.807586669921989,296.577301025391023,3.755254030227660,-73.809997558593807,34.419998168945298,356.655792236328011,300.498718261718977,-105.180000305175994,60.029998779296903,"10","8","1",-27.662414550781200,"3046",-59.133796691894503,14.525094032287599,"709",,,,,,,,,,,,,,,,,,,,,,,,,,,,,,,,,,,,,,,,,,,,,,,,,./0.png
"0","0",0.000000000000000,0.000000000000000,0.000000000000000,0.000000000000000,1.058697462081910,0.000000000000000,0.000000000000000,5.338768005371090,-73.830001831054702,34.419998168945298,367.000000000000000,301.306304931641023,-105.209999084472997,60.059997558593800,"0","9","1",-27.654586791992202,"3047",-59.126640319824197,45.622314453125000,"707",,,,,,,,,,,,,,,,,,,,,,,,,,,,,,,,,,,,,,,,,,,,,,,,,./0.png
"0","0",0.977039337158203,3.052582979202270,2.075543642044070,17.949653625488299,1.024946093559270,314.552856445311988,296.603302001953011,3.755254030227660,-73.819999694824205,34.419998168945298,351.981964111328011,299.872253417968977,-105.209999084472997,60.049999237060497,"10","8","1",-27.655664443969702,"3047",-59.131084442138707,14.525094032287599,"708",,,,,,,,,,,,,,,,,,,,,,,,,,,,,,,,,,,,,,,,,,,,,,,,,./0.png
"0","0",0.883067846298218,3.051048994064330,2.167981147766110,18.098987579345700,1.024946093559270,314.713226318358977,296.614410400391023,3.755254030227660,-73.819999694824205,34.419998168945298,354.803466796875000,299.140441894531023,-105.209999084472997,60.029998779296903,"10","8","1",-27.656742095947301,"3047",-59.135524749755902,14.525094032287599,"709",,,,,,,,,,,,,,,,,,,,,,,,,,,,,,,,,,,,,,,,,,,,,,,,,./0.png
"1","0",0.855599403381348,2.862333774566650,2.006734371185300,17.676580429077099,0.893814563751221,314.398590087891023,296.722106933593977,1.070235490798950,-73.830001831054702,34.419998168945298,330.964996337891023,297.136413574219034,-105.239997863770000,60.049999237060497,"10","8","1",-27.649995803833001,"3048",-59.132827758789098,3.754199743270870,"708",,,,,,,,,,,,,,,,,,,,,,,,,,,,,,,,,,,,,,,,,,,,,,,,,./0.png
"1","0",0.865138530731201,2.460700273513790,1.595561742782590,16.944042205810501,1.087218999862670,317.901062011718977,300.957244873046989,1.434168696403500,-72.119995117187500,33.290000915527301,343.687377929688012,304.046356201171989,-104.629997253417997,55.489997863769503,"10","8","1",-27.981975555419901,"3050",-60.581100463867202,5.482487201690670,"1070",,,,,,,,,,,,,,,,,,,,,,,,,,,,,,,,,,,,,,,,,,,,,,,,,./0.png
"0","1",3.183190107345580,4.388649463653560,1.205459356307980,13.586168289184601,0.786098062992096,309.723297119140966,296.137237548828011,1.741490125656130,-75.319999694824205,35.419998168945298,330.503479003906023,295.756408691406023,-105.970001220702997,63.590000152587898,"10","8","1",-27.306510925293001,"3052",-57.855369567871101,8.795910835266110,"444",,,,,,,,,,,,,,,,,,,,,,,,,,,,,,,,,,,,,,,,,,,,,,,,,./0.png
"0","0",3.309826374053960,4.553211212158200,1.243384718894960,13.663253784179700,0.786098062992096,309.783752441406023,296.120574951171989,1.741490125656130,-75.319999694824205,35.409999847412102,346.576354980468977,296.898559570311988,-105.959999084472997,63.569999694824197,"10","8","1",-27.307884216308601,"3052",-57.860752105712898,8.795910835266110,"445",,,,,,,,,,,,,,,,,,,,,,,,,,,,,,,,,,,,,,,,,,,,,,,,,./0.png
"0","1",3.252998828887940,4.459352493286130,1.206353545188900,13.757936477661101,0.786098062992096,309.874664306641023,296.116790771483977,1.741490125656130,-75.319999694824205,35.409999847412102,350.411468505859034,297.335296630859034,-106.000000000000000,63.569999694824197,"10","8","1",-27.301771163940401,"3053",-57.862659454345703,8.795910835266110,"445",,,,,,,,,,,,,,,,,,,,,,,,,,,,,,,,,,,,,,,,,,,,,,,,,./0.png
"0","0",3.340099096298220,4.576859951019290,1.236760854721070,13.861850738525400,0.830372571945190,309.992492675780966,296.130767822266023,1.259480834007260,-75.319999694824205,35.409999847412102,352.278198242188012,296.349731445311988,-105.989997863770000,63.559997558593800,"10","8","1",-27.303138732910199,"3053",-57.868011474609403,11.826397895813001,"446",,,,,,,,,,,,,,,,,,,,,,,,,,,,,,,,,,,,,,,,,,,,,,,,,./0.png
"0","0",0.240055441856384,1.992648601531980,1.752593159675600,17.247142791748001,1.226690173149110,319.401947021483977,302.154876708983977,1.371086955070500,-71.669998168945298,32.969997406005902,334.066131591796989,302.417175292968977,-104.649993896484006,54.110000610351598,"10","8","1",-28.043176651001001,"3056",-60.988506317138707,1.050373673439030,"1184",,,,,,,,,,,,,,,,,,,,,,,,,,,,,,,,,,,,,,,,,,,,,,,,,./0.png
"0","0",0.221943497657776,1.976223111152650,1.754279613494870,17.328723907470700,1.226690173149110,319.579071044921989,302.250213623046989,1.371086955070500,-71.669998168945298,32.959999084472699,346.844512939453011,302.841278076171989,-104.680000305175994,54.110000610351598,"10","8","1",-28.038097381591800,"3057",-60.989963531494098,1.050373673439030,"1184",,,,,,,,,,,,,,,,,,,,,,,,,,,,,,,,,,,,,,,,,,,,,,,,,./0.png
"0","0",0.834953188896179,2.224662542343140,1.389709353446960,16.144908905029300,0.994655072689056,313.646270751953011,297.501098632811988,1.351677179336550,-73.989997863769503,34.439998626708999,344.567749023438012,299.377075195311988,-105.629997253417997,60.270000457763707,"10","8","1",-27.568826675415000,"3059",-59.076000213622997,7.723272323608400,"691",,,,,,,,,,,,,,,,,,,,,,,,,,,,,,,,,,,,,,,,,,,,,,,,,./0.png
"0","0",0.811996579170227,2.261970758438110,1.449974179267880,16.225427627563501,1.002007246017460,313.578460693358977,297.352783203125000,1.243305921554570,-73.979995727539105,34.439998626708999,341.443725585938012,298.847717285156023,-105.629997253417997,60.250000000000000,"10","8","1",-27.569938659668001,"3059",-59.080482482910199,5.210316658020020,"692",,,,,,,,,,,,,,,,,,,,,,,,,,,,,,,,,,,,,,,,,,,,,,,,,./0.png
"0","0",0.671582818031311,2.004987239837650,1.333404421806340,15.831207275390600,0.986494123935699,313.338623046875000,297.507232666016023,1.303152799606320,-74.000000000000000,34.439998626708999,333.350311279296932,300.411895751953011,-105.669998168944986,60.270000457763707,"10","8","1",-27.563125610351602,"3060",-59.077720642089801,6.850111484527590,"691",,,,,,,,,,,,,,,,,,,,,,,,,,,,,,,,,,,,,,,,,,,,,,,,,./0.png
"1","0",0.949442625045776,2.905858039855960,1.956415414810180,17.252899169921900,1.094659447669980,318.663391113281023,301.410614013671989,1.437403678894040,-72.209999084472699,33.279998779296903,331.001220703125000,302.448516845703068,-104.979995727539006,55.579998016357401,"10","7","1",-27.924007415771499,"3060",-60.571041107177699,5.448512554168700,"1063",,,,,,,,,,,,,,,,,,,,,,,,,,,,,,,,,,,,,,,,,,,,,,,,,./0.png
"0","0",0.911350965499878,2.884263992309570,1.972913026809690,17.242328643798800,1.072032690048220,318.392242431641023,301.150024414061988,1.340354800224300,-72.209999084472699,33.279998779296903,342.461059570311988,301.854309082031023,-104.979995727539006,55.569999694824197,"10","8","1",-27.924858093261701,"3060",-60.574653625488303,4.259059906005861,"1064",,,,,,,,,,,,,,,,,,,,,,,,,,,,,,,,,,,,,,,,,,,,,,,,,./0.png
"0","0",0.519162893295288,1.669690489768980,1.150527596473690,17.602060317993200,1.354527115821840,321.616363525391023,304.014251708983977,2.003522157669070,-70.849998474121094,32.329998016357401,341.882141113281023,305.800506591796989,-104.269996643065994,51.329998016357401,"10","8","1",-28.113723754882798,"3088",-61.780036926269503,8.087088584899902,"1349",,,,,,,,,,,,,,,,,,,,,,,,,,,,,,,,,,,,,,,,,,,,,,,,,./0.png
"0","0",0.616901993751526,1.666332006454470,1.049430012702940,17.457849502563501,1.354527115821840,321.537628173828011,304.079681396483977,2.003522157669070,-70.849998474121094,32.329998016357401,352.422851562499943,305.703186035156023,-104.299995422362997,51.329998016357401,"10","8","1",-28.108875274658200,"3089",-61.781391143798800,8.087088584899902,"1349",,,,,,,,,,,,,,,,,,,,,,,,,,,,,,,,,,,,,,,,,,,,,,,,,./0.png
"0","0",2.433000326156620,3.309966087341310,0.876965820789337,20.189191818237301,0.869847536087036,312.912231445311988,292.723175048828011,1.002301335334780,-77.509994506835895,36.770000457763707,340.378875732421989,292.144470214843977,-107.199996948242003,67.930000305175795,"10","8","1",-26.631679534912099,"3099",-56.119285583496101,5.245749950408940,"146",,,,,,,,,,,,,,,,,,,,,,,,,,,,,,,,,,,,,,,,,,,,,,,,,./0.png
"0","0",2.113591909408570,3.070118427276610,0.956526458263397,12.476979255676300,0.843663752079010,308.842895507811988,296.365783691406023,0.952159404754639,-74.729995727539105,34.759998321533203,330.247711181641023,296.684082031250000,-106.079994201660000,61.689998626708999,"10","8","1",-27.297443389892599,"3099",-58.628952026367202,2.600396871566770,"583",,,,,,,,,,,,,,,,,,,,,,,,,,,,,,,,,,,,,,,,,,,,,,,,,./0.png
"0","0",2.380718231201170,3.595778465271000,1.215060353279110,17.969821929931602,0.815058588981628,309.487945556641023,291.518035888671989,1.026563525199890,-77.519996643066406,36.779998779296903,345.648193359375000,291.943206787108977,-106.720001220702997,67.939994812011705,"10","8","1",-26.632671356201200,"3116",-56.120693206787102,8.399466514587402,"145",,,,,,,,,,,,,,,,,,,,,,,,,,,,,,,,,,,,,,,,,,,,,,,,,./0.png
"0","0",0.346766471862793,1.871177434921260,1.524410963058470,15.846702575683601,1.014608263969420,314.625396728516023,298.778900146483977,3.292654514312740,-74.099998474121094,34.290000915527301,339.146911621093977,299.805389404296932,-105.369995117187997,60.049999237060497,"10","8","1",-27.415323257446300,"3118",-59.217910766601598,24.282249450683601,"707",,,,,,,,,,,,,,,,,,,,,,,,,,,,,,,,,,,,,,,,,,,,,,,,,./0.png
"0","0",0.330328583717346,1.883212924003600,1.552884340286250,15.920871734619100,1.020656108856200,314.769439697266023,298.848846435546989,2.778295516967770,-74.099998474121094,34.290000915527301,355.933135986328011,303.005981445311988,-105.369995117187997,60.039997100830099,"10","8","1",-27.416400909423800,"3118",-59.222324371337898,18.701095581054702,"708",,,,,,,,,,,,,,,,,,,,,,,,,,,,,,,,,,,,,,,,,,,,,,,,,./0.png
"0","0",0.000000000000000,0.000000000000000,0.000000000000000,0.000000000000000,1.014608263969420,0.000000000000000,0.000000000000000,3.292654514312740,-74.110000610351605,34.290000915527301,367.000000000000000,303.947784423828011,-105.399993896484006,60.059997558593800,"0","9","1",-27.409639358520501,"3119",-59.219596862792997,24.282249450683601,"707",,,,,,,,,,,,,,,,,,,,,,,,,,,,,,,,,,,,,,,,,,,,,,,,,./0.png
"0","0",0.000000000000000,0.000000000000000,0.000000000000000,0.000000000000000,1.020656108856200,0.000000000000000,0.000000000000000,2.778295516967770,-74.099998474121094,34.290000915527301,367.000000000000000,300.264160156250000,-105.399993896484006,60.039997100830099,"0","9","1",-27.410724639892599,"3119",-59.224029541015597,18.701095581054702,"708",,,,,,,,,,,,,,,,,,,,,,,,,,,,,,,,,,,,,,,,,,,,,,,,,./0.png
"0","0",2.887364387512210,4.547355651855470,1.659991383552550,16.657161712646499,1.017714858055110,313.395111083983977,296.737945556641023,1.341972351074220,-76.220001220703111,35.759998321533203,331.686065673828011,301.831420898438012,-106.309997558594006,65.049995422363295,"10","7","1",-26.928207397460898,"3121",-57.367954254150398,10.060422897338899,"340",,,,,,,,,,,,,,,,,,,,,,,,,,,,,,,,,,,,,,,,,,,,,,,,,./0.png
"0","0",1.478447079658510,2.953562736511230,1.475115656852720,18.650770187377901,0.778819322586060,311.621429443358977,292.970794677733977,1.401819109916690,-77.239997863769503,36.439998626708999,345.684875488281023,293.571533203125000,-106.970001220702997,67.139999389648395,"10","8","1",-26.636003494262699,"3130",-56.509284973144503,11.509405136108400,"198",,,,,,,,,,,,,,,,,,,,,,,,,,,,,,,,,,,,,,,,,,,,,,,,,./0.png
"0","0",0.000000000000000,0.000000000000000,0.000000000000000,0.000000000000000,0.836820542812347,0.000000000000000,0.000000000000000,2.364220380783080,-77.250000000000000,36.439998626708999,367.000000000000000,296.059417724608977,-107.009994506835994,67.150001525878906,"0","9","1",-26.627552032470700,"3131",-56.504741668701200,28.291221618652301,"197",,,,,,,,,,,,,,,,,,,,,,,,,,,,,,,,,,,,,,,,,,,,,,,,,./0.png
"0","0",1.164846777915950,2.580024003982540,1.415177226066590,18.624137878418001,0.836820542812347,311.621978759766023,292.998046875000000,2.364220380783080,-77.259994506835895,36.439998626708999,333.675415039061988,293.537902832031023,-107.009994506835994,67.169998168945298,"10","8","1",-26.625759124755898,"3131",-56.498165130615199,28.291221618652301,"196",,,,,,,,,,,,,,,,,,,,,,,,,,,,,,,,,,,,,,,,,,,,,,,,,./0.png
"0","0",1.278007984161380,2.705114603042600,1.427106618881230,18.510829925537099,0.778819322586060,311.531799316406023,293.021057128906023,1.401819109916690,-77.239997863769503,36.430000305175803,340.142639160156023,293.537902832031023,-107.000000000000000,67.139999389648395,"10","8","1",-26.629344940185501,"3131",-56.511318206787102,11.509405136108400,"198",,,,,,,,,,,,,,,,,,,,,,,,,,,,,,,,,,,,,,,,,,,,,,,,,./0.png
"0","0",0.426354050636292,1.969927310943600,1.543573260307310,20.599161148071300,1.338861703872680,324.201934814453011,303.602905273438012,1.484310626983640,-71.379997253417997,32.479999542236300,334.693176269531023,303.913940429688012,-103.879997253417997,52.430000305175803,"10","8","1",-27.909791946411101,"3139",-61.542755126953097,3.846780538558960,"1302",,,,,,,,,,,,,,,,,,,,,,,,,,,,,,,,,,,,,,,,,,,,,,,,,./0.png
"0","0",1.143990993499760,2.380291223526000,1.236300230026250,16.641561508178700,0.755725264549255,307.815246582031023,291.173675537108977,0.816290974617004,-77.919998168945298,36.969997406005902,332.674255371093977,291.757110595703068,-106.779998779297003,68.580001831054702,"10","8","1",-26.462469100952099,"3147",-55.866844177246101,2.543271780014040,"104",,,,,,,,,,,,,,,,,,,,,,,,,,,,,,,,,,,,,,,,,,,,,,,,,./0.png
"0","0",1.434826374053960,2.713537931442260,1.278711557388310,17.799369812011701,0.824994564056396,310.269378662108977,292.470062255859034,1.191546559333800,-77.239997863769503,36.439998626708999,350.697021484375000,293.586822509766023,-106.489997863770000,67.150001525878906,"10","8","1",-26.635057449340799,"3147",-56.509696960449197,13.578899383544901,"197",,,,,,,,,,,,,,,,,,,,,,,,,,,,,,,,,,,,,,,,,,,,,,,,,./0.png
"0","0",0.000000000000000,0.000000000000000,0.000000000000000,0.000000000000000,0.827767431735992,0.000000000000000,0.000000000000000,1.959850072860720,-77.259994506835895,36.439998626708999,367.000000000000000,295.936492919921989,-106.519996643065994,67.169998168945298,"0","9","1",-26.626649856567401,"3148",-56.505176544189503,41.937942504882798,"196",,,,,,,,,,,,,,,,,,,,,,,,,,,,,,,,,,,,,,,,,,,,,,,,,./0.png
"0","0",1.283439636230470,2.609976768493650,1.326537132263180,17.897014617919901,0.848052382469177,310.224273681641023,292.327270507811988,1.534452557563780,-77.259994506835895,36.450000762939503,337.019805908203011,293.161132812499943,-106.529998779297003,67.180000305175795,"10","8","1",-26.624891281127901,"3148",-56.498565673828097,25.494255065918001,"195",,,,,,,,,,,,,,,,,,,,,,,,,,,,,,,,,,,,,,,,,,,,,,,,,./0.png
"1","0",0.755161166191101,2.216818332672120,1.461657166481020,17.461498260498001,0.901208758354187,312.400909423828011,294.939300537108977,1.078322887420650,-75.349998474121094,35.029998779296903,341.343170166016023,296.152252197266023,-105.759994506835994,62.859996795654297,"10","8","1",-27.073102951049801,"3149",-58.254089355468800,4.630107402801510,"497",,,,,,,,,,,,,,,,,,,,,,,,,,,,,,,,,,,,,,,,,,,,,,,,,./0.png
"2","0",0.000000000000000,0.000000000000000,0.000000000000000,0.000000000000000,0.870900273323059,0.000000000000000,0.000000000000000,1.450343489646910,-76.659996032714801,35.930000305175803,367.000000000000000,295.747406005859034,-106.459999084472997,65.760002136230497,"0","9","1",-26.740411758422901,"3155",-57.121158599853501,19.074951171875000,"291",,,,,,,,,,,,,,,,,,,,,,,,,,,,,,,,,,,,,,,,,,,,,,,,,./0.png
"3","0",1.710490107536320,3.223839998245240,1.513349890708920,19.022243499755898,0.883884727954865,311.990570068358977,292.968414306641023,1.068618059158330,-76.650001525878906,35.930000305175803,339.934906005859034,294.624877929688012,-106.459999084472997,65.739997863769503,"10","8","1",-26.742025375366200,"3155",-57.127273559570298,6.066654205322270,"292",,,,,,,,,,,,,,,,,,,,,,,,,,,,,,,,,,,,,,,,,,,,,,,,,./0.png
"0","0",1.798408508300780,3.178592681884770,1.380184173583980,18.938564300537099,0.929595470428467,312.075531005859034,293.137023925780966,1.109055042266850,-76.659996032714801,35.930000305175803,332.694305419921989,293.788421630859034,-106.489997863770000,65.739997863769503,"10","8","1",-26.735527038574201,"3156",-57.129001617431598,5.893463611602780,"292",,,,,,,,,,,,,,,,,,,,,,,,,,,,,,,,,,,,,,,,,,,,,,,,,./0.png
"0","0",0.000000000000000,0.000000000000000,0.000000000000000,0.000000000000000,0.985138058662415,0.000000000000000,0.000000000000000,1.786779642105100,-74.949996948242202,34.659999847412102,367.000000000000000,299.283630371093977,-105.919998168944986,61.709999084472699,"0","9","1",-27.114170074462901,"3160",-58.695953369140597,19.213546752929702,"582",,,,,,,,,,,,,,,,,,,,,,,,,,,,,,,,,,,,,,,,,,,,,,,,,./0.png
"0","0",2.833517551422120,3.918520212173460,1.085002779960630,15.105568885803200,1.029798507690430,310.790649414061988,295.684875488281023,2.147477865219120,-74.959999084472699,34.669998168945298,356.963134765625000,298.900451660156023,-105.919998168944986,61.739997863769503,"10","8","1",-27.111743927001999,"3160",-58.686359405517599,13.420467376709000,"580",,,,,,,,,,,,,,,,,,,,,,,,,,,,,,,,,,,,,,,,,,,,,,,,,./0.png
"0","0",2.858384609222410,3.914447546005250,1.056062936782840,15.173883438110400,1.029798507690430,310.870178222656023,295.696136474608977,2.147477865219120,-74.949996948242202,34.669998168945298,357.021179199219034,298.668823242188012,-105.919998168944986,61.719997406005902,"10","8","1",-27.112958908081101,"3160",-58.691158294677699,13.420467376709000,"581",,,,,,,,,,,,,,,,,,,,,,,,,,,,,,,,,,,,,,,,,,,,,,,,,./0.png
"0","0",1.722012996673580,3.733974456787110,2.011961460113530,18.445753097534201,1.056486845016480,312.818237304688012,294.372497558593977,1.254628300666810,-76.989997863769503,36.130001068115199,353.893920898438012,296.660217285156023,-106.759994506835994,66.389999389648395,"10","8","1",-26.630817413330099,"3161",-56.867729187011697,6.868209362030030,"248",,,,,,,,,,,,,,,,,,,,,,,,,,,,,,,,,,,,,,,,,,,,,,,,,./0.png
"0","0",1.507210254669190,2.402923583984380,0.895713329315186,19.948282241821300,0.984633445739746,313.996826171875000,294.048583984375000,1.286978006362920,-76.669998168945298,35.939998626708999,336.387512207031023,295.816467285156023,-105.979995727539006,65.769996643066406,"10","8","1",-26.736013412475600,"3172",-57.124763488769503,4.976508140563960,"290",,,,,,,,,,,,,,,,,,,,,,,,,,,,,,,,,,,,,,,,,,,,,,,,,./0.png
"0","0",1.447282075881960,2.341787338256840,0.894505321979523,19.861907958984400,0.984633445739746,314.047515869140966,294.185699462891023,1.286978006362920,-76.659996032714801,35.930000305175803,331.308288574219034,293.516510009766023,-105.979995727539006,65.760002136230497,"10","8","1",-26.737581253051800,"3172",-57.130844116210902,4.976508140563960,"291",,,,,,,,,,,,,,,,,,,,,,,,,,,,,,,,,,,,,,,,,,,,,,,,,./0.png
"0","0",0.000000000000000,0.000000000000000,0.000000000000000,0.000000000000000,1.018655896186830,0.000000000000000,0.000000000000000,2.022931814193730,-74.949996948242202,34.669998168945298,367.000000000000000,298.118804931641023,-105.319999694824006,61.729999542236293,"0","9","1",-27.117620468139599,"3174",-58.693428039550803,8.039188385009769,"580",,,,,,,,,,,,,,,,,,,,,,,,,,,,,,,,,,,,,,,,,,,,,,,,,./0.png
"0","0",1.815830230712890,3.462766647338870,1.646936416625980,17.395593643188501,1.059452414512630,312.706054687500057,295.310394287108977,1.977642297744750,-74.959999084472699,34.680000305175803,343.633880615233977,297.938873291016023,-105.319999694824006,61.750000000000000,"10","8","1",-27.116434097290000,"3174",-58.688613891601598,11.046815872192401,"579",,,,,,,,,,,,,,,,,,,,,,,,,,,,,,,,,,,,,,,,,,,,,,,,,./0.png
"0","0",1.988924622535710,3.581789016723630,1.592864394187930,17.142744064331101,1.018655896186830,312.464935302733977,295.322174072266023,2.022931814193730,-74.949996948242202,34.669998168945298,340.417510986328011,297.050231933593977,-105.319999694824006,61.719997406005902,"10","8","1",-27.118814468383800,"3174",-58.698284149169901,8.039188385009769,"581",,,,,,,,,,,,,,,,,,,,,,,,,,,,,,,,,,,,,,,,,,,,,,,,,./0.png
"0","0",1.707782149314880,3.499669790267940,1.791887640953060,17.387134552001999,1.059452414512630,312.565399169921989,295.178222656250000,1.977642297744750,-74.959999084472699,34.669998168945298,340.351898193358977,298.171875000000000,-105.360000610352003,61.750000000000000,"10","8","1",-27.110561370849599,"3175",-58.690422058105497,11.046815872192401,"579",,,,,,,,,,,,,,,,,,,,,,,,,,,,,,,,,,,,,,,,,,,,,,,,,./0.png
"0","0",1.741465210914610,3.569200992584230,1.827735781669620,17.337430953979499,1.018655896186830,312.458160400391023,295.120666503906023,2.022931814193730,-74.959999084472699,34.669998168945298,337.720550537108977,297.462768554688012,-105.349998474120994,61.729999542236293,"10","8","1",-27.111743927001999,"3175",-58.695232391357401,8.039188385009769,"580",,,,,,,,,,,,,,,,,,,,,,,,,,,,,,,,,,,,,,,,,,,,,,,,,./0.png
"0","0",1.881710171699520,3.793977022171020,1.912266850471500,19.388639450073200,1.002070426940920,314.024658203125000,294.636016845703068,1.134934782981870,-76.989997863769503,36.139999389648402,346.568725585938012,295.939514160156023,-106.250000000000000,66.400001525878906,"10","8","1",-26.634513854980501,"3177",-56.868907928466797,4.617038249969480,"247",,,,,,,,,,,,,,,,,,,,,,,,,,,,,,,,,,,,,,,,,,,,,,,,,./0.png
"0","0",1.418155789375310,2.031465530395510,0.613309741020203,14.661381721496600,0.877553105354309,308.931427001953011,294.269989013671989,1.060530662536620,-75.889999389648395,35.299999237060497,349.211669921875000,294.479309082031023,-105.849998474120994,63.889999389648402,"10","8","1",-26.885566711425799,"3179",-57.894706726074197,5.175906658172610,"422",,,,,,,,,,,,,,,,,,,,,,,,,,,,,,,,,,,,,,,,,,,,,,,,,./0.png
"0","0",1.723336577415470,3.128363132476810,1.405026555061340,17.378747940063501,0.973793148994446,312.158935546875000,294.780273437500057,1.180224180221560,-75.369995117187500,34.880001068115199,335.246215820311988,295.840484619140966,-105.809997558594006,62.559997558593800,"10","8","1",-26.977504730224599,"3185",-58.412631988525398,5.275468349456790,"519",,,,,,,,,,,,,,,,,,,,,,,,,,,,,,,,,,,,,,,,,,,,,,,,,./0.png
"0","0",-0.023162126541138,2.099131822586060,2.122293949127200,11.985781669616699,1.429741978645320,321.724639892578011,309.739135742188012,1.993817210197450,-67.479995727539105,30.019998550415000,345.451660156250000,313.540496826171989,-102.909996032715014,38.439998626708999,"10","8","1",-28.407527923583999,"3185",-64.740669250488295,7.891087532043460,"1926",,,,,,,,,,,,,,,,,,,,,,,,,,,,,,,,,,,,,,,,,,,,,,,,,./0.png
"0","0",0.975996017456055,2.635446786880490,1.659450769424440,17.892246246337901,1.022813916206360,313.426940917968977,295.534973144531023,1.126847386360170,-75.169998168945298,34.700000762939503,332.719879150391023,298.272003173828011,-105.869995117187997,62.000000000000000,"10","8","1",-26.999114990234400,"3190",-58.625083923339801,2.548273801803590,"560",,,,,,,,,,,,,,,,,,,,,,,,,,,,,,,,,,,,,,,,,,,,,,,,,./0.png
"0","0",0.974003911018372,2.769863128662110,1.795859217643740,17.817228317260700,0.872296333312988,311.280395507811988,293.463256835938012,1.050825715065000,-77.110000610351605,36.110000610351598,337.710876464843977,295.527923583983977,-106.680000305175994,66.449996948242202,"10","8","1",-26.538133621215799,"3191",-56.878803253173800,6.219471454620360,"244",,,,,,,,,,,,,,,,,,,,,,,,,,,,,,,,,,,,,,,,,,,,,,,,,./0.png
"0","0",2.723053693771360,3.666071653366090,0.943017959594727,16.476631164550799,0.905955791473389,312.144897460938012,295.668121337891023,1.256245851516720,-76.689994812011719,35.790000915527301,332.240631103516023,296.505065917968977,-106.509994506835994,65.510002136230497,"10","8","1",-26.642391204833999,"3191",-57.270694732666001,5.642516136169430,"308",,,,,,,,,,,,,,,,,,,,,,,,,,,,,,,,,,,,,,,,,,,,,,,,,./0.png
"0","0",2.750164508819580,3.686426401138310,0.936261951923370,16.195577621460000,0.905955791473389,311.906524658203011,295.710723876953011,1.256245851516720,-76.680000305175795,35.779998779296903,334.699493408203011,296.874725341796989,-106.500000000000000,65.500000000000000,"10","8","1",-26.643960952758800,"3191",-57.276634216308601,5.642516136169430,"309",,,,,,,,,,,,,,,,,,,,,,,,,,,,,,,,,,,,,,,,,,,,,,,,,./0.png
"0","0",1.675684452056880,3.020695447921750,1.345010995864870,18.033021926879901,0.936174869537354,312.124237060546989,294.091094970703068,1.228748679161070,-77.189994812011719,36.159999847412102,335.311401367188012,294.649139404296932,-106.739997863770000,66.610000610351605,"10","8","1",-26.512889862060501,"3192",-56.811138153076200,10.347819328308100,"233",,,,,,,,,,,,,,,,,,,,,,,,,,,,,,,,,,,,,,,,,,,,,,,,,./0.png
"0","0",1.697600603103640,2.884730815887450,1.187130212783810,17.488466262817401,0.889616787433624,311.828399658203011,294.340118408203011,1.128464818000790,-77.199996948242202,36.139999389648402,332.106201171875000,295.984497070311988,-106.790000915527003,66.580001831054702,"10","8","1",-26.503217697143601,"3194",-56.828029632568402,8.426272392272949,"235",,,,,,,,,,,,,,,,,,,,,,,,,,,,,,,,,,,,,,,,,,,,,,,,,./0.png
"1","0",0.799193620681763,3.297405719757080,2.498212099075320,19.510969161987301,0.873027205467224,312.444671630859034,292.933593750000000,2.598755121231080,-75.040000915527301,34.579998016357401,336.875640869140966,296.382598876953011,-105.939994812012003,61.629997253417997,"10","8","1",-27.009765625000000,"3194",-58.767589569091797,10.279840469360400,"588",,,,,,,,,,,,,,,,,,,,,,,,,,,,,,,,,,,,,,,,,,,,,,,,,./0.png
"1","0",0.645083189010620,3.293445587158200,2.648362398147580,19.667285919189499,0.873027205467224,312.317779541016023,292.650390625000000,2.598755121231080,-75.040000915527301,34.579998016357401,340.790924072266023,289.697052001953011,-105.930000305175994,61.619998931884801,"10","8","1",-27.010976791381800,"3194",-58.772365570068402,10.279840469360400,"589",,,,,,,,,,,,,,,,,,,,,,,,,,,,,,,,,,,,,,,,,,,,,,,,,./0.png
"0","0",0.000000000000000,0.000000000000000,0.000000000000000,0.000000000000000,0.873027205467224,0.000000000000000,0.000000000000000,2.598755121231080,-75.049995422363295,34.579998016357401,367.000000000000000,297.752777099608977,-105.970001220702997,61.629997253417997,"0","9","1",-27.003896713256800,"3195",-58.769351959228501,10.279840469360400,"588",,,,,,,,,,,,,,,,,,,,,,,,,,,,,,,,,,,,,,,,,,,,,,,,,./0.png
"0","0",0.000000000000000,0.000000000000000,0.000000000000000,0.000000000000000,0.873027205467224,0.000000000000000,0.000000000000000,2.598755121231080,-75.049995422363295,34.579998016357401,367.000000000000000,297.335296630859034,-105.970001220702997,61.619998931884801,"0","9","1",-27.005105972290000,"3195",-58.774127960205099,10.279840469360400,"589",,,,,,,,,,,,,,,,,,,,,,,,,,,,,,,,,,,,,,,,,,,,,,,,,./0.png
"0","0",0.905856490135193,2.617194414138790,1.711337924003600,17.964212417602500,0.850258052349091,311.106445312499943,293.142272949219034,1.063765525817870,-77.119995117187500,36.119998931884801,332.591766357421989,295.726379394531023,-106.159996032715014,66.470001220703097,"10","8","1",-26.541336059570298,"3207",-56.874866485595703,7.456705570220950,"242",,,,,,,,,,,,,,,,,,,,,,,,,,,,,,,,,,,,,,,,,,,,,,,,,./0.png
"0","0",3.262181758880620,4.407740592956541,1.145558714866640,15.229109764099100,0.913160085678101,310.805755615233977,295.576629638671989,1.286978006362920,-76.689994812011719,35.799999237060497,341.098052978516023,296.460266113281023,-105.989997863770000,65.540000915527301,"10","8","1",-26.643331527710000,"3207",-57.268161773681598,6.035881996154790,"306",,,,,,,,,,,,,,,,,,,,,,,,,,,,,,,,,,,,,,,,,,,,,,,,,./0.png
"0","0",3.220906734466550,4.333496093750000,1.112589478492740,15.156118392944300,0.913160085678101,310.858062744140966,295.701812744140966,1.286978006362920,-76.689994812011719,35.790000915527301,332.075622558593977,297.859161376953011,-105.979995727539006,65.519996643066406,"10","8","1",-26.644863128662099,"3207",-57.274101257324197,6.035881996154790,"307",,,,,,,,,,,,,,,,,,,,,,,,,,,,,,,,,,,,,,,,,,,,,,,,,./0.png
"2","0",0.689686536788940,3.156245470047000,2.466558933258060,19.049129486083999,0.871851444244385,311.743621826171989,292.694458007811988,2.102188348770140,-75.040000915527301,34.590000152587898,333.434326171875000,294.464141845703068,-105.339996337890994,61.649997711181598,"10","8","1",-27.013893127441399,"3208",-58.766139984130902,9.790997505187990,"586",,,,,,,,,,,,,,,,,,,,,,,,,,,,,,,,,,,,,,,,,,,,,,,,,./0.png
"2","0",0.000000000000000,0.000000000000000,0.000000000000000,0.000000000000000,0.871851444244385,0.000000000000000,0.000000000000000,2.102188348770140,-75.049995422363295,34.579998016357401,367.000000000000000,296.475219726561988,-105.369995117187997,61.639999389648402,"0","9","1",-27.009206771850600,"3209",-58.772724151611293,9.790997505187990,"587",,,,,,,,,,,,,,,,,,,,,,,,,,,,,,,,,,,,,,,,,,,,,,,,,./0.png
"2","0",0.550560235977173,3.101845979690550,2.551285743713380,18.962825775146499,0.871851444244385,311.506683349608977,292.543823242188012,2.102188348770140,-75.049995422363295,34.590000152587898,332.754333496093977,296.975891113281023,-105.369995117187997,61.649997711181598,"10","8","1",-27.008024215698200,"3209",-58.767925262451200,9.790997505187990,"586",,,,,,,,,,,,,,,,,,,,,,,,,,,,,,,,,,,,,,,,,,,,,,,,,./0.png
"0","0",0.000000000000000,0.000000000000000,0.000000000000000,0.000000000000000,0.873498737812042,0.000000000000000,0.000000000000000,2.027784347534180,-75.059997558593807,34.590000152587898,367.000000000000000,297.542724609375000,-105.399993896484006,61.649997711181598,"0","9","1",-27.002161026001001,"3210",-58.769725799560497,13.778674125671399,"586",,,,,,,,,,,,,,,,,,,,,,,,,,,,,,,,,,,,,,,,,,,,,,,,,./0.png
"0","0",0.462980270385742,3.025635957717900,2.562655687332150,18.907230377197301,0.862227320671082,311.484863281250000,292.577606201171989,1.529600143432620,-75.059997558593807,34.590000152587898,333.593078613281023,298.245483398438012,-105.399993896484006,61.659999847412102,"10","8","1",-27.000976562500000,"3210",-58.764926910400398,15.964074134826699,"585",,,,,,,,,,,,,,,,,,,,,,,,,,,,,,,,,,,,,,,,,,,,,,,,,./0.png
"0","0",0.362124443054199,3.057853221893310,2.695728778839110,18.965837478637699,0.873498737812042,311.202117919921989,292.236236572266023,2.027784347534180,-75.049995422363295,34.579998016357401,354.486145019531023,296.502075195311988,-105.399993896484006,61.639999389648402,"10","8","1",-27.003339767456101,"3210",-58.774509429931598,13.778674125671399,"587",,,,,,,,,,,,,,,,,,,,,,,,,,,,,,,,,,,,,,,,,,,,,,,,,./0.png
"0","0",1.829904198646550,3.344872713088990,1.514968514442440,17.445232391357401,0.908810913562775,311.209411621093977,293.764160156250000,1.088027834892270,-77.209999084472699,36.149997711181598,337.646057128906023,296.248046875000000,-106.309997558594006,66.610000610351605,"10","8","1",-26.500219345092798,"3211",-56.826084136962898,6.338585853576660,"233",,,,,,,,,,,,,,,,,,,,,,,,,,,,,,,,,,,,,,,,,,,,,,,,,./0.png
"0","0",3.445730924606320,4.385262489318851,0.939531505107880,15.031826019287100,0.838319599628448,309.019256591796989,293.987396240233977,1.012006163597110,-76.529998779296889,35.599998474121101,340.073822021483977,294.909515380859034,-106.139999389647997,65.029998779296903,"10","8","1",-26.645685195922901,"3215",-57.489879608154297,5.388804912567140,"341",,,,,,,,,,,,,,,,,,,,,,,,,,,,,,,,,,,,,,,,,,,,,,,,,./0.png
"1","0",1.418294191360470,3.942901134490970,2.524606943130490,19.601589202880898,0.766283810138702,310.402038574219034,290.800384521483977,0.940837025642395,-77.699996948242202,36.259998321533203,331.839233398438012,290.402374267578011,-106.839996337890994,67.209999084472699,"10","8","1",-26.233337402343800,"3258",-56.639259338378899,6.500262260437010,"193",,,,,,,,,,,,,,,,,,,,,,,,,,,,,,,,,,,,,,,,,,,,,,,,,./0.png
"0","0",1.331902742385860,3.857676267623900,2.525773525238040,19.509593963623001,0.821889996528625,310.369812011718977,290.860198974608977,1.154344558715820,-77.689994812011719,36.259998321533203,331.009399414061988,293.672393798828011,-106.829994201660000,67.189994812011705,"10","8","1",-26.235094070434599,"3258",-56.645751953125000,12.348017692565900,"194",,,,,,,,,,,,,,,,,,,,,,,,,,,,,,,,,,,,,,,,,,,,,,,,,./0.png
"0","0",1.729770421981810,4.017787933349611,2.288017511367800,18.845964431762699,0.853088617324829,310.275756835938012,291.429595947266023,1.175371766090390,-77.699996948242202,36.270000457763707,344.056488037108977,292.351593017578011,-106.319999694824006,67.220001220703097,"10","8","1",-26.239952087402301,"3274",-56.640686035156200,6.000820636749270,"192",,,,,,,,,,,,,,,,,,,,,,,,,,,,,,,,,,,,,,,,,,,,,,,,,./0.png
"0","0",1.806737422943120,4.088985919952390,2.282248497009280,18.973035812377901,0.853088617324829,310.465972900391023,291.492736816406023,1.175371766090390,-77.699996948242202,36.270000457763707,335.079132080078011,292.317596435546989,-106.349998474120994,67.220001220703097,"10","8","1",-26.233301162719702,"3275",-56.642784118652301,6.000820636749270,"192",,,,,,,,,,,,,,,,,,,,,,,,,,,,,,,,,,,,,,,,,,,,,,,,,./0.png
"0","0",1.718030095100400,2.780955791473390,1.062925696372990,14.735981941223100,0.805601537227631,307.312622070311988,292.576843261718977,0.966716706752777,-76.709999084472699,35.469997406005902,335.361999511718977,293.446105957031023,-106.079994201660000,64.930000305175795,"10","8","1",-26.451988220214801,"3280",-57.613288879394503,4.952654361724850,"348",,,,,,,,,,,,,,,,,,,,,,,,,,,,,,,,,,,,,,,,,,,,,,,,,./0.png
"3","0",1.095139265060420,2.620626926422120,1.525487661361690,18.053670883178700,0.766238927841187,309.382659912108977,291.328765869140966,1.295065402984620,-76.269996643066406,35.119998931884801,351.038330078125000,292.159942626953011,-105.949996948242003,63.869998931884801,"10","8","1",-26.546899795532202,"3282",-58.034725189208999,14.958974838256800,"423",,,,,,,,,,,,,,,,,,,,,,,,,,,,,,,,,,,,,,,,,,,,,,,,,./0.png
"1","0",0.974894881248474,2.674764871597290,1.699869990348820,18.488161087036101,0.796710908412933,309.571746826171989,291.083465576171989,1.526365160942080,-76.290000915527301,35.119998931884801,343.263916015625000,292.521331787108977,-106.019996643065994,63.879997253417997,"10","8","1",-26.533203125000000,"3284",-58.033119201660199,6.879937648773190,"422",,,,,,,,,,,,,,,,,,,,,,,,,,,,,,,,,,,,,,,,,,,,,,,,,./0.png
"1","0",1.095766663551330,2.715166568756100,1.619399905204770,18.277610778808601,0.796710908412933,309.493408203125000,291.215606689453011,1.526365160942080,-76.279998779296889,35.110000610351598,336.585540771483977,292.249633789061988,-106.019996643065994,63.869998931884801,"10","8","1",-26.534584045410199,"3284",-58.038509368896499,6.879937648773190,"423",,,,,,,,,,,,,,,,,,,,,,,,,,,,,,,,,,,,,,,,,,,,,,,,,./0.png
"0","0",0.932689070701599,2.700950622558590,1.768261551856990,18.687456130981399,0.807181954383850,309.630432128906023,290.943023681641023,1.178606748580930,-76.299995422363295,35.119998931884801,331.024597167968977,292.875488281250000,-106.049995422362997,63.899997711181598,"10","8","1",-26.525642395019499,"3285",-58.029560089111293,10.529551506042500,"421",,,,,,,,,,,,,,,,,,,,,,,,,,,,,,,,,,,,,,,,,,,,,,,,,./0.png
"0","0",0.903679609298706,2.609356641769410,1.705677032470700,18.407201766967798,0.796710908412933,309.473175048828011,291.066040039061988,1.526365160942080,-76.299995422363295,35.119998931884801,330.749145507811988,292.138275146483977,-106.049995422362997,63.889999389648402,"10","8","1",-26.527036666870099,"3285",-58.034992218017599,6.879937648773190,"422",,,,,,,,,,,,,,,,,,,,,,,,,,,,,,,,,,,,,,,,,,,,,,,,,./0.png
"1","0",-0.630206823348999,2.479784965515140,3.109991788864140,17.777524948120099,0.849044978618622,313.530090332031023,295.752471923828011,1.160814404487610,-74.529998779296889,33.860000610351598,336.956665039061988,296.734741210938012,-105.360000610352003,59.529998779296903,"10","8","1",-26.918624877929702,"3285",-59.598114013671903,6.411754608154300,"747",,,,,,,,,,,,,,,,,,,,,,,,,,,,,,,,,,,,,,,,,,,,,,,,,./0.png
"0","0",1.667630434036250,2.319435358047490,0.651804864406586,14.611804962158200,0.863313615322113,310.370391845703068,295.758575439453011,0.929514646530151,-77.019996643066406,35.630001068115199,333.499664306641023,295.139129638671989,-106.419998168944986,65.510002136230497,"10","8","1",-26.340242385864300,"3288",-57.395492553710902,2.132749080657960,"308",,,,,,,,,,,,,,,,,,,,,,,,,,,,,,,,,,,,,,,,,,,,,,,,,./0.png
"0","0",0.884925365447998,2.331375122070310,1.446449756622310,17.670217514038100,1.051777243614200,315.715759277343977,298.045623779296932,2.236439228057860,-74.689994812011719,33.950000762939503,355.654266357421989,302.954895019531023,-105.509994506835994,59.899997711181598,"10","8","1",-26.871915817260700,"3288",-59.481609344482401,8.327357292175289,"719",,,,,,,,,,,,,,,,,,,,,,,,,,,,,,,,,,,,,,,,,,,,,,,,,./0.png
"0","0",1.600969552993770,2.163033723831180,0.562064170837402,14.799869537353500,0.858850955963135,310.739593505859034,295.939727783203011,1.099350214004520,-77.040000915527301,35.639999389648402,336.800354003906023,294.806640625000000,-106.459999084472997,65.529998779296903,"10","8","1",-26.330711364746101,"3289",-57.385589599609403,7.766482830047610,"306",,,,,,,,,,,,,,,,,,,,,,,,,,,,,,,,,,,,,,,,,,,,,,,,,./0.png
"0","0",0.795157194137573,2.341578483581540,1.546421289443970,17.889181137085000,1.051777243614200,315.892944335938012,298.003753662108977,2.236439228057860,-74.699996948242202,33.950000762939503,341.167633056641023,300.240966796875000,-105.540000915527003,59.909999847412102,"10","8","1",-26.865171432495099,"3289",-59.478893280029297,8.327357292175289,"718",,,,,,,,,,,,,,,,,,,,,,,,,,,,,,,,,,,,,,,,,,,,,,,,,./0.png
"0","0",0.937123537063599,2.361743688583370,1.424620151519780,17.757413864135700,1.051777243614200,315.831542968750000,298.074188232421989,2.236439228057860,-74.699996948242202,33.950000762939503,351.249847412108977,303.164825439453011,-105.540000915527003,59.899997711181598,"10","8","1",-26.866247177123999,"3289",-59.483264923095703,8.327357292175289,"719",,,,,,,,,,,,,,,,,,,,,,,,,,,,,,,,,,,,,,,,,,,,,,,,,./0.png
"0","0",1.289480566978450,3.287716627120970,1.998236060142520,18.047136306762699,0.788389444351196,311.206604003906023,293.159393310546989,1.042738318443300,-75.720001220703111,34.659999847412102,333.093780517578011,293.108978271483977,-105.959999084472997,62.439998626708999,"10","8","1",-26.636026382446300,"3290",-58.589027404785199,6.447171688079830,"527",,,,,,,,,,,,,,,,,,,,,,,,,,,,,,,,,,,,,,,,,,,,,,,,,./0.png
"0","0",1.376507163047790,2.592770576477050,1.216263413429260,17.856887817382798,0.854861676692963,309.571746826171989,291.714874267578011,1.474605798721310,-76.299995422363295,35.119998931884801,352.068145751953011,293.032226562499943,-105.489997863770000,63.899997711181598,"10","8","1",-26.530326843261701,"3300",-58.034854888916001,17.569175720214801,"421",,,,,,,,,,,,,,,,,,,,,,,,,,,,,,,,,,,,,,,,,,,,,,,,,./0.png
"0","0",1.439333438873290,2.664851188659670,1.225517749786380,17.777414321899400,0.848142921924591,309.502044677733977,291.724609375000000,1.151109576225280,-76.290000915527301,35.119998931884801,340.453399658203011,292.826293945311988,-105.489997863770000,63.889999389648402,"10","8","1",-26.531677246093800,"3300",-58.040264129638707,8.570052146911619,"422",,,,,,,,,,,,,,,,,,,,,,,,,,,,,,,,,,,,,,,,,,,,,,,,,./0.png
"0","0",0.033984661102295,2.316713333129880,2.282728672027590,17.034212112426800,1.010298967361450,313.990570068358977,296.956268310546989,1.971172451972960,-74.699996948242202,33.959999084472699,342.473815917968977,300.952148437500057,-104.899993896484006,59.930000305175803,"10","8","1",-26.871049880981399,"3302",-59.479454040527301,10.149742126464799,"717",,,,,,,,,,,,,,,,,,,,,,,,,,,,,,,,,,,,,,,,,,,,,,,,,./0.png
"0","0",0.148874759674072,2.291076183319090,2.142201423645020,16.795040130615199,1.016768813133240,313.846832275391023,297.051727294921989,1.783544659614560,-74.689994812011719,33.959999084472699,350.879638671875000,302.197448730468977,-104.899993896484006,59.909999847412102,"10","8","1",-26.872100830078100,"3302",-59.483844757080099,8.084858894348139,"718",,,,,,,,,,,,,,,,,,,,,,,,,,,,,,,,,,,,,,,,,,,,,,,,,./0.png
"0","0",0.031980991363525,2.302385568618770,2.270404577255250,17.043107986450199,1.010298967361450,313.949615478516023,296.906463623046989,1.971172451972960,-74.709999084472699,33.959999084472699,347.484832763671989,301.501678466796989,-104.930000305175994,59.930000305175803,"10","8","1",-26.865385055541999,"3303",-59.481132507324197,10.149742126464799,"717",,,,,,,,,,,,,,,,,,,,,,,,,,,,,,,,,,,,,,,,,,,,,,,,,./0.png
"0","0",0.136125087738037,2.278456926345830,2.142331838607790,16.818552017211900,1.016768813133240,313.813049316406023,296.994445800780966,1.783544659614560,-74.699996948242202,33.950000762939503,349.827728271483977,302.710479736328011,-104.930000305175994,59.909999847412102,"10","8","1",-26.866436004638700,"3303",-59.485519409179702,8.084858894348139,"718",,,,,,,,,,,,,,,,,,,,,,,,,,,,,,,,,,,,,,,,,,,,,,,,,./0.png
"0","0",1.416472673416140,2.037542104721070,0.621069490909576,15.035433769226101,0.869128704071045,310.697967529296932,295.662322998046989,0.989361464977264,-77.029998779296889,35.639999389648402,333.719757080078011,295.347259521483977,-105.909996032715014,65.519996643066406,"10","8","1",-26.341167449951200,"3304",-57.395439147949197,3.882696628570560,"307",,,,,,,,,,,,,,,,,,,,,,,,,,,,,,,,,,,,,,,,,,,,,,,,,./0.png
"0","0",0.000000000000000,0.000000000000000,0.000000000000000,0.000000000000000,1.175718307495120,0.000000000000000,0.000000000000000,2.815497398376460,-71.439994812011705,31.799999237060501,367.000000000000000,305.474914550780966,-103.729995727539006,50.559997558593800,"0","9","1",-27.481887817382798,"3305",-62.223541259765597,19.585927963256800,"1382",,,,,,,,,,,,,,,,,,,,,,,,,,,,,,,,,,,,,,,,,,,,,,,,,./0.png
"0","0",1.408776760101320,2.018281698226930,0.609504938125610,15.084003448486300,0.860887348651886,310.905029296875000,295.820892333983977,1.128464818000790,-77.049995422363295,35.639999389648402,340.662689208983977,295.081756591796989,-105.939994812012003,65.549995422363295,"10","8","1",-26.331710815429702,"3305",-57.385520935058601,8.661575317382812,"305",,,,,,,,,,,,,,,,,,,,,,,,,,,,,,,,,,,,,,,,,,,,,,,,,./0.png
"0","0",1.128453016281130,3.467842340469360,2.339389324188230,17.823320388793899,0.768702924251556,309.981536865233977,292.158355712891023,1.002301335334780,-75.729995727539105,34.669998168945298,333.688415527343977,293.821990966796989,-105.399993896484006,62.459999084472699,"10","8","1",-26.635972976684599,"3305",-58.590545654296903,5.921194076538090,"526",,,,,,,,,,,,,,,,,,,,,,,,,,,,,,,,,,,,,,,,,,,,,,,,,./0.png
"0","0",1.384665727615360,3.883209228515620,2.498543500900270,16.730892181396499,1.086557269096370,318.315734863281023,301.584594726561988,1.586211919784550,-71.470001220703097,31.819999694824201,333.448486328125000,303.990051269531023,-103.739997863770000,50.649997711181598,"10","7","1",-27.476743698120099,"3305",-62.199977874755902,11.994814872741699,"1378",,,,,,,,,,,,,,,,,,,,,,,,,,,,,,,,,,,,,,,,,,,,,,,,,./0.png
"0","0",1.745053291320800,3.963356256484990,2.218302965164180,16.111387252807599,1.139413952827450,318.130371093750000,302.018768310546989,1.673555970191960,-71.449996948242202,31.809999465942401,341.136810302733977,304.826965332031023,-103.729995727539006,50.579998016357401,"10","8","1",-27.480606079101602,"3305",-62.217666625976598,12.791225433349600,"1381",,,,,,,,,,,,,,,,,,,,,,,,,,,,,,,,,,,,,,,,,,,,,,,,,./0.png
"0","0",1.929878473281860,4.012678146362300,2.082799673080440,15.935446739196800,1.175718307495120,318.160736083983977,302.225006103516023,2.815497398376460,-71.430000305175795,31.799999237060501,338.119476318358977,303.614807128906023,-103.720001220702997,50.529998779296903,"10","8","1",-27.483167648315401,"3305",-62.229423522949197,19.585927963256800,"1383",,,,,,,,,,,,,,,,,,,,,,,,,,,,,,,,,,,,,,,,,,,,,,,,,./0.png
"0","0",0.000000000000000,0.000000000000000,0.000000000000000,0.000000000000000,1.243883728981020,0.000000000000000,0.000000000000000,26.524534225463899,-71.449996948242202,31.799999237060501,367.000000000000000,329.708770751953011,-103.759994506835994,50.559997558593800,"0","9","1",-27.477098464965799,"3306",-62.224853515625000,150.979187011719006,"1382",,,,,,,,,,,,,,,,,,,,,,,,,,,,,,,,,,,,,,,,,,,,,,,,,./0.png
"0","0",1.643091440200810,3.900787115097050,2.257695674896240,16.046161651611300,1.251099348068240,317.944641113281023,301.898345947266023,7.354149341583250,-71.449996948242202,31.799999237060501,349.578796386718977,314.138854980468977,-103.769996643065994,50.579998016357401,"10","8","1",-27.475814819335898,"3306",-62.218978881835902,73.075592041015597,"1381",,,,,,,,,,,,,,,,,,,,,,,,,,,,,,,,,,,,,,,,,,,,,,,,,./0.png
"0","0",0.000000000000000,0.000000000000000,0.000000000000000,0.000000000000000,1.243883728981020,0.000000000000000,0.000000000000000,26.524534225463899,-71.439994812011705,31.789999008178700,367.000000000000000,325.118865966796989,-103.759994506835994,50.529998779296903,"0","7","1",-27.478382110595700,"3306",-62.230739593505902,150.979187011719006,"1383",,,,,,,,,,,,,,,,,,,,,,,,,,,,,,,,,,,,,,,,,,,,,,,,,./0.png
"0","0",1.405462503433230,3.727963447570800,2.322500944137570,17.538049697876001,0.831090927124023,309.648498535156023,292.110443115233977,1.212573885917660,-75.750000000000000,34.659999847412102,342.194122314453011,294.933685302733977,-105.470001220702997,62.469997406005902,"10","8","1",-26.622785568237301,"3307",-58.589149475097699,9.689455032348629,"525",,,,,,,,,,,,,,,,,,,,,,,,,,,,,,,,,,,,,,,,,,,,,,,,,./0.png
"0","0",1.600563287734990,3.862501621246340,2.261938333511350,15.926016807556200,1.251099348068240,317.741485595703068,301.815368652343977,7.354149341583250,-71.459999084472699,31.799999237060501,350.764831542968977,306.513000488281023,-103.799995422362997,50.579998016357401,"10","8","1",-27.471021652221701,"3307",-62.220283508300803,73.075592041015597,"1381",,,,,,,,,,,,,,,,,,,,,,,,,,,,,,,,,,,,,,,,,,,,,,,,,./0.png
"0","0",1.691289186477660,3.878461122512820,2.187171936035160,15.796996116638200,1.243883728981020,317.724029541016023,301.926849365233977,26.524534225463899,-71.449996948242202,31.799999237060501,348.828826904296932,311.972473144531023,-103.799995422362997,50.559997558593800,"10","8","1",-27.472307205200199,"3307",-62.226165771484403,150.979187011719006,"1382",,,,,,,,,,,,,,,,,,,,,,,,,,,,,,,,,,,,,,,,,,,,,,,,,./0.png
"0","0",1.755901575088500,3.908637046813960,2.152735471725460,15.756342887878400,1.243883728981020,317.772735595703068,302.016204833983977,26.524534225463899,-71.449996948242202,31.789999008178700,344.274139404296932,301.983093261718977,-103.799995422362997,50.529998779296903,"10","8","1",-27.473594665527301,"3307",-62.232044219970703,150.979187011719006,"1383",,,,,,,,,,,,,,,,,,,,,,,,,,,,,,,,,,,,,,,,,,,,,,,,,./0.png
"0","0",1.452581405639650,3.813070058822630,2.360488653182980,15.882180213928200,1.318298220634460,317.536590576171989,301.654296875000000,3.684084892272950,-71.470001220703097,31.799999237060501,345.702056884766023,307.254760742188012,-103.839996337890994,50.579998016357401,"10","8","1",-27.466226577758800,"3308",-62.221580505371101,28.327024459838899,"1381",,,,,,,,,,,,,,,,,,,,,,,,,,,,,,,,,,,,,,,,,,,,,,,,,./0.png
"0","0",1.537428617477420,3.828181028366090,2.290752410888670,15.756155967712401,1.267568111419680,317.519836425780966,301.763488769531023,4.310050010681150,-71.459999084472699,31.789999008178700,350.663421630859034,310.837982177733977,-103.839996337890994,50.559997558593800,"10","8","1",-27.467515945434599,"3308",-62.227470397949197,36.340156555175803,"1382",,,,,,,,,,,,,,,,,,,,,,,,,,,,,,,,,,,,,,,,,,,,,,,,,./0.png
"0","0",0.650093555450439,2.811333179473880,2.161239624023440,16.587247848510700,1.055475950241090,312.606018066406023,296.018798828125000,1.235218524932860,-75.180000305175795,34.239997863769503,343.023620605468977,299.552062988281023,-105.299995422362997,61.039997100830099,"10","8","1",-26.738128662109400,"3309",-59.108005523681598,4.104835987091060,"632",,,,,,,,,,,,,,,,,,,,,,,,,,,,,,,,,,,,,,,,,,,,,,,,,./0.png
"0","0",1.553383350372310,3.173120737075810,1.619737386703490,17.200382232666001,1.215903878211980,317.770446777343977,300.570190429688012,1.864418625831600,-73.610000610351605,33.169998168945298,353.897735595703068,309.063323974608977,-104.680000305175994,56.899997711181598,"10","8","1",-27.062385559081999,"3309",-60.462448120117202,11.203108787536600,"955",,,,,,,,,,,,,,,,,,,,,,,,,,,,,,,,,,,,,,,,,,,,,,,,,./0.png
"0","0",1.637965202331540,3.192019701004030,1.554054498672490,17.049161911010700,1.218567967414860,317.676788330078011,300.627655029296932,1.694583177566530,-73.610000610351605,33.169998168945298,341.183471679688012,307.556915283203011,-104.680000305175994,56.889999389648402,"10","8","1",-27.063278198242202,"3309",-60.466251373291001,8.210171699523929,"956",,,,,,,,,,,,,,,,,,,,,,,,,,,,,,,,,,,,,,,,,,,,,,,,,./0.png
"0","0",1.345369338989260,3.782788753509520,2.437419414520260,15.903519630432100,1.318298220634460,317.436004638671989,301.532409667968977,3.684084892272950,-71.470001220703097,31.799999237060501,344.438171386718977,302.397216796875000,-103.879997253417997,50.579998016357401,"10","8","1",-27.461435317993200,"3309",-62.222885131835902,28.327024459838899,"1381",,,,,,,,,,,,,,,,,,,,,,,,,,,,,,,,,,,,,,,,,,,,,,,,,./0.png
"0","0",1.437917947769170,3.804202795028690,2.366284847259520,15.773592948913601,1.267568111419680,317.422393798828011,301.648651123046989,4.310050010681150,-71.470001220703097,31.789999008178700,344.693695068358977,305.000427246093977,-103.869995117187997,50.559997558593800,"10","8","1",-27.462724685668899,"3309",-62.228775024414098,36.340156555175803,"1382",,,,,,,,,,,,,,,,,,,,,,,,,,,,,,,,,,,,,,,,,,,,,,,,,./0.png
"0","0",1.475312948226930,3.197281122207640,1.721968173980710,17.246313095092798,1.213685989379880,317.653930664061988,300.407806396483977,1.595916867256160,-73.619995117187500,33.169998168945298,341.981262207031023,306.573791503906023,-104.720001220702997,56.909999847412102,"10","8","1",-27.057037353515600,"3310",-60.463970184326200,6.603048324584960,"955",,,,,,,,,,,,,,,,,,,,,,,,,,,,,,,,,,,,,,,,,,,,,,,,,./0.png
"0","0",1.525011658668520,3.202181100845340,1.677169442176820,17.130292892456101,1.224603772163390,317.577728271483977,300.447540283203011,1.515042781829830,-73.619995117187500,33.159999847412102,344.224700927733977,306.756072998046989,-104.720001220702997,56.889999389648402,"10","8","1",-27.057931900024400,"3310",-60.467788696289098,5.009407520294190,"956",,,,,,,,,,,,,,,,,,,,,,,,,,,,,,,,,,,,,,,,,,,,,,,,,./0.png
"1","0",1.608816146850590,3.009475708007810,1.400659561157230,19.844089508056602,0.883122444152832,313.354370117188012,293.510253906250000,1.214191317558290,-78.040000915527301,36.299999237060497,340.241119384766023,294.001892089843977,-106.709999084472997,67.540000915527301,"10","8","1",-26.023096084594702,"3318",-56.564029693603501,12.693235397338899,"171",,,,,,,,,,,,,,,,,,,,,,,,,,,,,,,,,,,,,,,,,,,,,,,,,./0.png
"0","0",1.228915572166440,2.988953590393070,1.760038018226620,17.583398818969702,0.874996006488800,310.512634277343977,292.929321289061988,2.077926158905030,-76.549995422363295,35.139999389648402,349.620391845703068,294.948822021483977,-106.149993896484006,64.159996032714801,"10","8","1",-26.381782531738299,"3320",-57.974727630615199,11.595128059387200,"403",,,,,,,,,,,,,,,,,,,,,,,,,,,,,,,,,,,,,,,,,,,,,,,,,./0.png
"0","0",1.020631551742550,2.946857690811160,1.926226139068600,18.016269683837901,0.887079596519470,310.756378173828011,292.740173339843977,1.243305921554570,-76.540000915527301,35.139999389648402,336.918151855468977,294.272766113281023,-106.149993896484006,64.139999389648395,"10","8","1",-26.383199691772500,"3320",-57.980197906494098,10.278257369995099,"404",,,,,,,,,,,,,,,,,,,,,,,,,,,,,,,,,,,,,,,,,,,,,,,,,./0.png
"0","0",1.317454695701600,2.713354349136350,1.395899653434750,16.996833801269499,0.862722218036652,310.423889160156023,293.427093505859034,1.277273058891300,-76.569999694824205,35.149997711181598,340.425598144531023,295.515899658203011,-106.189994812012003,64.189994812011705,"10","8","1",-26.372741699218800,"3321",-57.965663909912102,12.014311790466300,"401",,,,,,,,,,,,,,,,,,,,,,,,,,,,,,,,,,,,,,,,,,,,,,,,,./0.png
"0","0",1.393377780914310,2.874886751174930,1.481508970260620,17.302734375000000,0.874996006488800,310.570098876953011,293.267425537108977,2.077926158905030,-76.559997558593807,35.139999389648402,354.881958007811988,296.119323730468977,-106.189994812012003,64.169998168945298,"10","8","1",-26.374160766601602,"3321",-57.971141815185497,11.595128059387200,"402",,,,,,,,,,,,,,,,,,,,,,,,,,,,,,,,,,,,,,,,,,,,,,,,,./0.png
"0","0",1.324240803718570,2.929190635681150,1.604949831962590,17.619218826293899,0.874996006488800,310.726989746093977,293.107788085938012,2.077926158905030,-76.549995422363295,35.139999389648402,356.355041503906023,295.422576904296932,-106.180000305175994,64.159996032714801,"10","8","1",-26.375579833984400,"3321",-57.976612091064503,11.595128059387200,"403",,,,,,,,,,,,,,,,,,,,,,,,,,,,,,,,,,,,,,,,,,,,,,,,,./0.png
"0","0",1.291863083839420,2.066128730773930,0.774265646934509,14.993410110473601,0.970098674297333,311.685882568358977,296.692443847656023,1.083175301551820,-76.809997558593807,35.309997558593800,334.194366455078011,297.667022705078011,-106.339996337890994,64.709999084472699,"10","8","1",-26.306562423706101,"3323",-57.763305664062493,3.412697553634640,"364",,,,,,,,,,,,,,,,,,,,,,,,,,,,,,,,,,,,,,,,,,,,,,,,,./0.png
"1","0",1.295722126960750,3.125798463821410,1.830076336860660,18.983272552490199,0.931563436985016,311.681823730468977,292.698577880859034,1.210956335067750,-78.049995422363295,36.309997558593800,341.825134277343977,295.329162597656023,-106.229995727539006,67.569999694824205,"10","8","1",-26.022270202636701,"3335",-56.560401916503899,10.740680694580099,"169",,,,,,,,,,,,,,,,,,,,,,,,,,,,,,,,,,,,,,,,,,,,,,,,,./0.png
"0","0",0.000000000000000,0.000000000000000,0.000000000000000,0.000000000000000,0.877461254596710,0.000000000000000,0.000000000000000,2.105423450469970,-76.559997558593807,35.149997711181598,367.000000000000000,295.365325927733977,-105.629997253417997,64.180000305175795,"0","9","1",-26.379476547241200,"3336",-57.973812103271499,11.862735748291000,"401",,,,,,,,,,,,,,,,,,,,,,,,,,,,,,,,,,,,,,,,,,,,,,,,,./0.png
"0","0",0.000000000000000,0.000000000000000,0.000000000000000,0.000000000000000,0.889445304870605,0.000000000000000,0.000000000000000,1.393731713294980,-76.549995422363295,35.139999389648402,367.000000000000000,294.972991943358977,-105.629997253417997,64.169998168945298,"0","9","1",-26.380863189697301,"3336",-57.979309082031200,14.582554817199700,"402",,,,,,,,,,,,,,,,,,,,,,,,,,,,,,,,,,,,,,,,,,,,,,,,,./0.png
"0","0",1.321535229682920,2.872782945632930,1.551247715950010,16.138341903686499,0.866653442382812,309.340179443358977,293.201904296875000,1.219043731689450,-76.569999694824205,35.149997711181598,331.294403076171989,295.006256103516023,-105.669998168944986,64.209999084472699,"10","8","1",-26.370496749877901,"3337",-57.964714050292997,10.235534667968800,"399",,,,,,,,,,,,,,,,,,,,,,,,,,,,,,,,,,,,,,,,,,,,,,,,,./0.png
"0","0",1.503119468688960,3.094518184661870,1.591398715972900,16.223211288452099,0.877461254596710,309.347534179688012,293.124450683593977,2.105423450469970,-76.569999694824205,35.149997711181598,355.846435546875000,295.789459228516023,-105.659996032715014,64.189994812011705,"10","8","1",-26.371885299682599,"3337",-57.970211029052699,11.862735748291000,"400",,,,,,,,,,,,,,,,,,,,,,,,,,,,,,,,,,,,,,,,,,,,,,,,,./0.png
"0","0",1.575824618339540,3.248435735702510,1.672611117362980,16.489351272583001,0.877461254596710,309.528076171875000,293.038848876953011,2.105423450469970,-76.559997558593807,35.139999389648402,338.817321777343977,294.649139404296932,-105.659996032715014,64.180000305175795,"10","8","1",-26.373275756835898,"3337",-57.975719451904297,11.862735748291000,"401",,,,,,,,,,,,,,,,,,,,,,,,,,,,,,,,,,,,,,,,,,,,,,,,,./0.png
"0","0",1.724066734313960,3.143119573593140,1.419052839279170,12.693531990051300,1.342707514762880,321.680419921875000,308.986785888671989,1.479458212852480,-69.569999694824205,30.549999237060501,337.495605468750000,308.096405029296932,-102.949996948242003,43.809997558593800,"10","7","1",-27.711845397949201,"3337",-63.824375152587898,2.366336822509770,"1680",,,,,,,,,,,,,,,,,,,,,,,,,,,,,,,,,,,,,,,,,,,,,,,,,./0.png
"0","0",1.524882793426510,2.457507848739620,0.932625114917755,15.230929374694799,0.959051132202148,311.566650390625000,296.335784912108977,1.112290024757390,-76.809997558593807,35.319999694824197,338.879180908203011,298.286712646483977,-105.819999694824006,64.729995727539105,"10","8","1",-26.305519104003899,"3339",-57.761756896972699,4.635382652282710,"362",,,,,,,,,,,,,,,,,,,,,,,,,,,,,,,,,,,,,,,,,,,,,,,,,./0.png
"0","1",0.288004875183105,3.082937240600590,2.794932365417480,18.176160812377901,0.773023426532745,309.176422119140966,291.000305175780966,1.146257162094120,-76.400001525878906,34.939998626708999,339.979461669921989,295.690307617188012,-105.879997253417997,63.639999389648402,"10","8","1",-26.365123748779300,"3347",-58.205471038818402,10.353195190429700,"440",,,,,,,,,,,,,,,,,,,,,,,,,,,,,,,,,,,,,,,,,,,,,,,,,./0.png
"0","0",0.000000000000000,0.000000000000000,0.000000000000000,0.000000000000000,0.882607698440552,0.000000000000000,0.000000000000000,1.390496730804440,-76.949996948242202,35.319999694824197,367.000000000000000,296.561767578125000,-106.209999084472997,64.849998474121094,"0","9","1",-26.218338012695298,"3351",-57.739421844482401,15.504858016967800,"354",,,,,,,,,,,,,,,,,,,,,,,,,,,,,,,,,,,,,,,,,,,,,,,,,./0.png
"0","0",0.000000000000000,0.000000000000000,0.000000000000000,0.000000000000000,0.886889338493347,0.000000000000000,0.000000000000000,1.699435591697690,-76.959999084472699,35.309997558593800,367.000000000000000,296.600555419921989,-106.239997863770000,64.849998474121094,"0","9","1",-26.212039947509801,"3352",-57.741340637207003,24.805446624755898,"354",,,,,,,,,,,,,,,,,,,,,,,,,,,,,,,,,,,,,,,,,,,,,,,,,./0.png
"0","0",2.075282335281370,3.390646934509280,1.315364599227910,15.551967620849600,0.906108796596527,310.109832763671989,294.557922363281023,1.752812504768370,-76.959999084472699,35.319999694824197,354.292419433593977,296.116333007811988,-106.239997863770000,64.860000610351605,"10","8","1",-26.210552215576200,"3352",-57.735637664794901,25.907754898071300,"353",,,,,,,,,,,,,,,,,,,,,,,,,,,,,,,,,,,,,,,,,,,,,,,,,./0.png
"0","0",3.018496036529540,4.236130714416501,1.217634677886960,14.631577491760300,0.917922675609589,308.702056884766023,294.070495605468977,1.790014505386350,-76.959999084472699,35.319999694824197,356.897979736328011,296.582672119140966,-105.689994812012003,64.869995117187500,"10","8","1",-26.216852188110401,"3367",-57.736721038818402,13.342294692993200,"352",,,,,,,,,,,,,,,,,,,,,,,,,,,,,,,,,,,,,,,,,,,,,,,,,./0.png
"0","0",3.069458484649660,4.233404636383060,1.163946270942690,14.387944221496600,0.917922675609589,308.632110595703068,294.244171142578011,1.790014505386350,-76.949996948242202,35.319999694824197,352.797851562499943,295.915496826171989,-105.680000305175994,64.860000610351605,"10","8","1",-26.218299865722699,"3367",-57.742439270019503,13.342294692993200,"353",,,,,,,,,,,,,,,,,,,,,,,,,,,,,,,,,,,,,,,,,,,,,,,,,./0.png
"0","0",0.000000000000000,0.000000000000000,0.000000000000000,0.000000000000000,0.883662581443787,0.000000000000000,0.000000000000000,1.702670574188230,-76.970001220703111,35.319999694824197,367.000000000000000,296.131317138671989,-105.720001220702997,64.869995117187500,"0","9","1",-26.210556030273398,"3368",-57.738677978515597,12.530155181884799,"352",,,,,,,,,,,,,,,,,,,,,,,,,,,,,,,,,,,,,,,,,,,,,,,,,./0.png
"0","0",2.956539630889890,4.133938789367680,1.177399039268490,14.350121498107899,0.883662581443787,308.530426025391023,294.180328369140966,1.702670574188230,-76.959999084472699,35.319999694824197,347.143859863281023,295.714355468750000,-105.720001220702997,64.860000610351605,"10","8","1",-26.212007522583001,"3368",-57.744384765625000,12.530155181884799,"353",,,,,,,,,,,,,,,,,,,,,,,,,,,,,,,,,,,,,,,,,,,,,,,,,./0.png
"0","0",0.000000000000000,0.000000000000000,0.000000000000000,0.000000000000000,0.881619274616241,0.000000000000000,0.000000000000000,1.992199659347530,-77.159996032714801,35.439998626708999,367.000000000000000,297.997894287108977,-105.909996032715014,65.260002136230497,"0","9","1",-26.145353317260700,"3372",-57.590255737304702,11.702505111694300,"325",,,,,,,,,,,,,,,,,,,,,,,,,,,,,,,,,,,,,,,,,,,,,,,,,./0.png
"0","0",2.773595809936520,4.272455692291260,1.498859882354740,16.707651138305700,0.881619274616241,310.671295166016023,293.963592529296932,1.992199659347530,-77.169998168945298,35.439998626708999,336.835052490233977,295.597106933593977,-105.909996032715014,65.269996643066406,"10","8","1",-26.143850326538100,"3372",-57.584415435791001,11.702505111694300,"324",,,,,,,,,,,,,,,,,,,,,,,,,,,,,,,,,,,,,,,,,,,,,,,,,./0.png
"0","0",2.801548004150390,4.340653419494630,1.539105534553530,16.880504608154300,0.881619274616241,310.833221435546989,293.952697753906023,1.992199659347530,-77.180000305175795,35.439998626708999,353.780517578125000,297.311553955078011,-105.939994812012003,65.269996643066406,"10","8","1",-26.137495040893601,"3373",-57.586376190185497,11.702505111694300,"324",,,,,,,,,,,,,,,,,,,,,,,,,,,,,,,,,,,,,,,,,,,,,,,,,./0.png
"0","0",2.773897409439090,4.489713668823241,1.715816259384160,17.243537902831999,0.868901729583740,311.171417236328011,293.927856445311988,1.448726058006290,-77.159996032714801,35.430000305175803,352.479919433593977,300.072723388671989,-105.939994812012003,65.250000000000000,"10","8","1",-26.140499114990199,"3373",-57.598056793212898,18.286289215087901,"326",,,,,,,,,,,,,,,,,,,,,,,,,,,,,,,,,,,,,,,,,,,,,,,,,./0.png
"0","0",2.824879646301270,4.404735565185551,1.579855918884280,17.044500350952099,0.935048162937164,311.016174316406023,293.971649169921989,1.754429936409000,-77.180000305175795,35.430000305175803,330.172424316406023,297.195831298828011,-105.970001220702997,65.269996643066406,"10","8","1",-26.131143569946300,"3374",-57.588363647460902,8.634061813354490,"324",,,,,,,,,,,,,,,,,,,,,,,,,,,,,,,,,,,,,,,,,,,,,,,,,./0.png
"0","0",2.780939579010010,4.464858531951900,1.683918952941890,17.246896743774400,0.935048162937164,311.204254150391023,293.957336425780966,1.754429936409000,-77.180000305175795,35.430000305175803,341.974395751953011,297.962493896483977,-105.970001220702997,65.260002136230497,"10","8","1",-26.132644653320298,"3374",-57.594188690185497,8.634061813354490,"325",,,,,,,,,,,,,,,,,,,,,,,,,,,,,,,,,,,,,,,,,,,,,,,,,./0.png
"0","0",2.801316976547240,4.563058376312260,1.761741399765010,17.432477951049801,0.942284226417542,311.407012939453011,293.974517822266023,1.345207214355470,-77.169998168945298,35.419998168945298,342.395568847656023,297.554565429688012,-105.970001220702997,65.250000000000000,"10","8","1",-26.134153366088899,"3374",-57.600036621093800,6.353619575500490,"326",,,,,,,,,,,,,,,,,,,,,,,,,,,,,,,,,,,,,,,,,,,,,,,,,./0.png
"0","0",2.704289197921750,4.483290672302250,1.779001474380490,17.662609100341800,0.935048162937164,311.701019287108977,294.038482666016023,1.754429936409000,-77.189994812011719,35.430000305175803,342.230926513671989,297.536804199219034,-106.000000000000000,65.260002136230497,"10","8","1",-26.126293182373001,"3375",-57.596164703369098,8.634061813354490,"325",,,,,,,,,,,,,,,,,,,,,,,,,,,,,,,,,,,,,,,,,,,,,,,,,./0.png
"0","0",2.672876358032230,4.537109375000000,1.864232897758480,17.836149215698200,0.942284226417542,311.902130126953011,294.066040039061988,1.345207214355470,-77.180000305175795,35.419998168945298,330.814971923828011,296.245056152343977,-106.000000000000000,65.250000000000000,"10","8","1",-26.127801895141602,"3375",-57.602005004882798,6.353619575500490,"326",,,,,,,,,,,,,,,,,,,,,,,,,,,,,,,,,,,,,,,,,,,,,,,,,./0.png
"0","0",2.847754955291750,4.416807174682620,1.569052338600160,17.359483718872099,0.937316596508026,311.525207519531023,294.165771484375000,1.138169646263120,-77.199996948242202,35.430000305175803,339.638061523438012,295.521911621093977,-106.040000915527003,65.290000915527301,"10","8","1",-26.116922378540000,"3376",-57.586452484130902,6.364304542541500,"323",,,,,,,,,,,,,,,,,,,,,,,,,,,,,,,,,,,,,,,,,,,,,,,,,./0.png
"0","0",2.628545284271240,4.438887596130370,1.810342311859130,18.031944274902301,0.968674719333649,312.220825195311988,294.188903808593977,1.152727007865910,-77.189994812011719,35.419998168945298,339.189636230468977,295.202514648438012,-106.029998779297003,65.260002136230497,"10","8","1",-26.119943618774400,"3376",-57.598144531250000,5.818235874176030,"325",,,,,,,,,,,,,,,,,,,,,,,,,,,,,,,,,,,,,,,,,,,,,,,,,./0.png
"0","0",3.046027660369870,4.771833896636960,1.725806117057800,17.459424972534201,0.849287569522858,311.260131835938012,293.800659179688012,2.760503053665160,-77.110000610351605,35.329998016357401,356.132965087891023,294.524810791016023,-106.110000610352003,65.000000000000000,"10","8","1",-26.121614456176800,"3380",-57.710350036621101,19.719968795776399,"343",,,,,,,,,,,,,,,,,,,,,,,,,,,,,,,,,,,,,,,,,,,,,,,,,./0.png
"0","0",3.110549926757810,4.734442234039310,1.623892426490780,16.998250961303700,0.817242443561554,310.715789794921989,293.717529296875000,1.547392368316650,-77.099998474121094,35.319999694824197,351.251861572266023,294.315307617188012,-106.099998474120994,64.989997863769503,"10","8","1",-26.123106002807599,"3380",-57.716102600097699,11.274385452270501,"344",,,,,,,,,,,,,,,,,,,,,,,,,,,,,,,,,,,,,,,,,,,,,,,,,./0.png
"0","0",0.966115355491638,2.728962659835820,1.762847304344180,15.025362968444799,1.031415939331050,312.561553955078011,297.536041259766023,1.285360455513000,-74.919998168945298,33.739997863769503,346.654785156250000,300.703979492188012,-105.239997863770000,59.639999389648402,"10","8","1",-26.615112304687500,"3380",-59.675998687744098,5.259878635406490,"739",,,,,,,,,,,,,,,,,,,,,,,,,,,,,,,,,,,,,,,,,,,,,,,,,./0.png
"0","0",0.000000000000000,0.000000000000000,0.000000000000000,0.000000000000000,0.849287569522858,0.000000000000000,0.000000000000000,2.760503053665160,-77.119995117187500,35.329998016357401,367.000000000000000,296.693023681641023,-106.139999389647997,65.019996643066406,"0","9","1",-26.113792419433601,"3381",-57.706493377685497,19.719968795776399,"342",,,,,,,,,,,,,,,,,,,,,,,,,,,,,,,,,,,,,,,,,,,,,,,,,./0.png
"0","0",3.151485443115230,4.875587463378910,1.724101901054380,17.417182922363299,0.849287569522858,311.259643554688012,293.842376708983977,2.760503053665160,-77.119995117187500,35.319999694824197,339.670135498046989,296.430389404296932,-106.139999389647997,65.000000000000000,"10","8","1",-26.115289688110401,"3381",-57.712265014648402,19.719968795776399,"343",,,,,,,,,,,,,,,,,,,,,,,,,,,,,,,,,,,,,,,,,,,,,,,,,./0.png
"0","0",3.187137126922610,4.808066368103030,1.620929121971130,16.943351745605501,0.817242443561554,310.690307617188012,293.746887207031023,1.547392368316650,-77.110000610351605,35.319999694824197,345.217803955078011,295.075714111328011,-106.129997253417997,64.989997863769503,"10","8","1",-26.116785049438501,"3381",-57.718029022216797,11.274385452270501,"344",,,,,,,,,,,,,,,,,,,,,,,,,,,,,,,,,,,,,,,,,,,,,,,,,./0.png
"0","0",0.000000000000000,0.000000000000000,0.000000000000000,0.000000000000000,0.913825154304504,0.000000000000000,0.000000000000000,2.181444883346560,-77.139999389648395,35.329998016357401,367.000000000000000,294.403411865233977,-106.169998168944986,65.029998779296903,"0","9","1",-26.105966567993200,"3382",-57.702651977539098,39.329208374023402,"341",,,,,,,,,,,,,,,,,,,,,,,,,,,,,,,,,,,,,,,,,,,,,,,,,./0.png
"0","0",3.147830486297610,4.973732471466060,1.825901865959170,17.957241058349599,0.895663142204285,311.955871582031023,293.998413085938012,2.830054759979250,-77.129997253417997,35.319999694824197,351.308624267578011,296.499084472656023,-106.169998168944986,65.019996643066406,"10","8","1",-26.107465744018601,"3382",-57.708419799804702,14.969325065612800,"342",,,,,,,,,,,,,,,,,,,,,,,,,,,,,,,,,,,,,,,,,,,,,,,,,./0.png
"0","0",3.181923866271970,4.909003734588620,1.727079868316650,17.386672973632798,0.895663142204285,311.286529541016023,293.899688720703068,2.830054759979250,-77.119995117187500,35.319999694824197,333.433227539061988,295.969482421875000,-106.169998168944986,65.000000000000000,"10","8","1",-26.108964920043899,"3382",-57.714191436767599,14.969325065612800,"343",,,,,,,,,,,,,,,,,,,,,,,,,,,,,,,,,,,,,,,,,,,,,,,,,./0.png
"0","0",3.195399284362790,4.825245380401610,1.629845976829530,16.915203094482401,0.849348247051239,310.698455810546989,293.783111572266023,1.343589782714840,-77.119995117187500,35.309997558593800,339.868438720703068,295.084777832031023,-106.169998168944986,64.989997863769503,"10","8","1",-26.110462188720700,"3382",-57.719940185546903,15.263357162475600,"344",,,,,,,,,,,,,,,,,,,,,,,,,,,,,,,,,,,,,,,,,,,,,,,,,./0.png
"0","0",2.571968078613280,4.048573017120361,1.476604938507080,20.105390548706101,1.070235490798950,315.465270996093977,295.359924316406023,1.265950679779050,-77.220001220703111,35.389999389648402,345.201995849608977,294.833862304688012,-106.239997863770000,65.220001220703097,"10","8","1",-26.080013275146499,"3383",-57.629310607910199,6.157925605773930,"328",,,,,,,,,,,,,,,,,,,,,,,,,,,,,,,,,,,,,,,,,,,,,,,,,./0.png
"0","0",3.134300470352170,4.958653450012210,1.824352979660030,17.988555908203100,0.895663142204285,312.049041748046989,294.060302734375000,2.830054759979250,-77.139999389648395,35.319999694824197,353.399932861328011,294.736999511718977,-106.199996948242003,65.019996643066406,"10","8","1",-26.101142883300799,"3383",-57.710350036621101,14.969325065612800,"342",,,,,,,,,,,,,,,,,,,,,,,,,,,,,,,,,,,,,,,,,,,,,,,,,./0.png
"0","0",3.215496540069580,4.960523605346680,1.745027184486390,17.494132995605501,0.895663142204285,311.435699462891023,293.941406250000000,2.830054759979250,-77.129997253417997,35.319999694824197,356.347900390625000,296.047424316406023,-106.199996948242003,65.000000000000000,"10","8","1",-26.102643966674801,"3383",-57.716110229492202,14.969325065612800,"343",,,,,,,,,,,,,,,,,,,,,,,,,,,,,,,,,,,,,,,,,,,,,,,,,./0.png
"0","0",1.433463335037230,3.644158601760860,2.210695266723630,18.989496231079102,0.891099452972412,312.404693603516023,293.415069580078011,1.065383076667790,-76.650001525878906,34.939998626708999,340.434570312499943,294.646118164061988,-106.059997558594006,63.849998474121101,"10","8","1",-26.208131790161101,"3385",-58.175659179687507,4.919212818145750,"425",,,,,,,,,,,,,,,,,,,,,,,,,,,,,,,,,,,,,,,,,,,,,,,,,./0.png
"0","0",0.000000000000000,0.000000000000000,0.000000000000000,0.000000000000000,1.037238836288450,0.000000000000000,0.000000000000000,1.788397073745730,-77.110000610351605,35.329998016357401,367.000000000000000,294.988098144531023,-105.579994201660000,65.010002136230497,"0","9","1",-26.122674942016602,"3396",-57.714160919189503,11.625703811645501,"342",,,,,,,,,,,,,,,,,,,,,,,,,,,,,,,,,,,,,,,,,,,,,,,,,./0.png
"0","0",3.107113361358640,4.852449893951420,1.745336532592770,19.632963180541999,1.099709630012510,314.042938232421989,294.409912109375000,2.745945930480960,-77.119995117187500,35.329998016357401,336.379486083983977,294.035400390625000,-105.589996337890994,65.029998779296903,"10","8","1",-26.121215820312500,"3396",-57.708396911621101,17.025392532348601,"341",,,,,,,,,,,,,,,,,,,,,,,,,,,,,,,,,,,,,,,,,,,,,,,,,./0.png
"0","0",0.000000000000000,0.000000000000000,0.000000000000000,0.000000000000000,1.099709630012510,0.000000000000000,0.000000000000000,2.745945930480960,-77.129997253417997,35.340000152587898,367.000000000000000,295.368347167968977,-105.619995117187997,65.040000915527301,"0","9","1",-26.113430023193398,"3397",-57.704544067382798,17.025392532348601,"340",,,,,,,,,,,,,,,,,,,,,,,,,,,,,,,,,,,,,,,,,,,,,,,,,./0.png
"0","0",3.070955753326420,4.781294345855710,1.710338592529300,19.497901916503899,1.099709630012510,313.863769531250000,294.365875244140966,2.745945930480960,-77.119995117187500,35.329998016357401,352.363739013671989,296.122314453125000,-105.619995117187997,65.029998779296903,"10","8","1",-26.114892959594702,"3397",-57.710330963134801,17.025392532348601,"341",,,,,,,,,,,,,,,,,,,,,,,,,,,,,,,,,,,,,,,,,,,,,,,,,./0.png
"0","0",3.187160491943360,4.833948612213130,1.646788120269780,18.938016891479499,1.037238836288450,313.171539306641023,294.233489990233977,1.788397073745730,-77.119995117187500,35.329998016357401,350.263397216796989,295.669281005859034,-105.610000610352003,65.010002136230497,"10","8","1",-26.116357803344702,"3397",-57.716117858886697,11.625703811645501,"342",,,,,,,,,,,,,,,,,,,,,,,,,,,,,,,,,,,,,,,,,,,,,,,,,./0.png
"0","0",0.000000000000000,0.000000000000000,0.000000000000000,0.000000000000000,1.047590732574460,0.000000000000000,0.000000000000000,3.072676897048950,-77.139999389648395,35.329998016357401,367.000000000000000,297.237365722656023,-105.649993896484006,65.040000915527301,"0","9","1",-26.107109069824201,"3398",-57.706493377685497,20.943462371826200,"340",,,,,,,,,,,,,,,,,,,,,,,,,,,,,,,,,,,,,,,,,,,,,,,,,./0.png
"0","0",3.073051452636720,4.695215225219730,1.622163772583010,18.805519104003899,0.928146004676819,313.012634277343977,294.207122802733977,1.481075644493100,-77.119995117187500,35.319999694824197,343.279724121093977,295.963500976561988,-105.649993896484006,65.010002136230497,"10","8","1",-26.110036849975600,"3398",-57.718055725097699,8.557712554931642,"342",,,,,,,,,,,,,,,,,,,,,,,,,,,,,,,,,,,,,,,,,,,,,,,,,./0.png
"0","0",0.000000000000000,0.000000000000000,0.000000000000000,0.000000000000000,1.047590732574460,0.000000000000000,0.000000000000000,3.072676897048950,-77.139999389648395,35.319999694824197,367.000000000000000,295.654235839843977,-105.680000305175994,65.029998779296903,"0","9","1",-26.102254867553700,"3399",-57.714225769042997,20.943462371826200,"341",,,,,,,,,,,,,,,,,,,,,,,,,,,,,,,,,,,,,,,,,,,,,,,,,./0.png
"0","0",2.759593963623050,4.481482028961180,1.721887946128850,19.872417449951200,1.047590732574460,314.334655761718977,294.462249755859034,3.072676897048950,-77.139999389648395,35.329998016357401,348.686920166016023,293.849456787108977,-105.680000305175994,65.040000915527301,"10","8","1",-26.100790023803700,"3399",-57.708454132080099,20.943462371826200,"340",,,,,,,,,,,,,,,,,,,,,,,,,,,,,,,,,,,,,,,,,,,,,,,,,./0.png
"0","0",2.938857555389400,4.544368267059330,1.605510592460630,18.708534240722699,0.928146004676819,312.920196533203011,294.211639404296932,1.481075644493100,-77.129997253417997,35.319999694824197,332.549316406250000,294.506622314453011,-105.680000305175994,65.010002136230497,"10","8","1",-26.103721618652301,"3399",-57.720008850097699,8.557712554931642,"342",,,,,,,,,,,,,,,,,,,,,,,,,,,,,,,,,,,,,,,,,,,,,,,,,./0.png
"0","0",1.698855400085450,3.490009546279910,1.791154146194460,20.466884613037099,0.954787850379944,314.808074951171989,294.341247558593977,1.185076594352720,-76.659996032714801,34.939998626708999,354.385650634766023,295.891510009766023,-105.540000915527003,63.869998931884801,"10","8","1",-26.205104827880898,"3401",-58.175247192382798,6.514203548431400,"423",,,,,,,,,,,,,,,,,,,,,,,,,,,,,,,,,,,,,,,,,,,,,,,,,./0.png
"2","0",1.907972574234010,4.203637123107910,2.295664548873900,18.521961212158200,0.820154845714569,311.794189453125000,293.272216796875000,1.023328542709350,-76.750000000000000,34.979999542236300,339.745208740233977,291.156585693358977,-105.680000305175994,64.010002136230497,"10","8","1",-26.166799545288100,"3405",-58.128631591796903,5.810623168945310,"413",,,,,,,,,,,,,,,,,,,,,,,,,,,,,,,,,,,,,,,,,,,,,,,,,./0.png
"0","0",1.610887885093690,2.442569494247440,0.831681609153748,15.001996994018601,0.928952038288116,310.876251220703068,295.874359130859034,1.210956335067750,-77.229995727539105,35.200000762939503,339.286071777343977,296.152252197266023,-105.799995422362997,64.860000610351605,"10","8","1",-25.981647491455099,"3437",-57.831287384033203,8.628871917724609,"353",,,,,,,,,,,,,,,,,,,,,,,,,,,,,,,,,,,,,,,,,,,,,,,,,./0.png
"0","0",1.675630331039430,2.502088546752930,0.826458215713501,14.888111114501999,0.920723855495453,310.797576904296932,295.909545898438012,1.062148094177250,-77.220001220703111,35.200000762939503,336.847930908203011,295.924499511718977,-105.799995422362997,64.849998474121094,"10","8","1",-25.983098983764599,"3437",-57.836975097656200,4.317405223846440,"354",,,,,,,,,,,,,,,,,,,,,,,,,,,,,,,,,,,,,,,,,,,,,,,,,./0.png
"0","0",1.418923616409300,2.800353050231930,1.381429433822630,15.899583816528301,0.878049433231354,310.253265380859034,294.353546142578011,1.206103920936580,-77.080001831054702,35.069999694824197,341.054840087891023,296.797302246093977,-105.819999694824006,64.479995727539105,"10","8","1",-26.001686096191399,"3440",-57.989315032958999,4.861373901367190,"380",,,,,,,,,,,,,,,,,,,,,,,,,,,,,,,,,,,,,,,,,,,,,,,,,./0.png
"0","0",1.303874611854550,2.768210649490360,1.464336037635800,16.017923355102500,0.878049433231354,310.356781005859034,294.338714599608977,1.206103920936580,-77.080001831054702,35.059997558593800,330.645416259766023,296.014465332031023,-105.819999694824006,64.459999084472699,"10","8","1",-26.003105163574201,"3440",-57.994876861572301,4.861373901367190,"381",,,,,,,,,,,,,,,,,,,,,,,,,,,,,,,,,,,,,,,,,,,,,,,,,./0.png
"0","0",0.769288539886475,2.926071643829350,2.156783103942870,16.658754348754901,0.986328661441803,312.388305664061988,295.729461669921989,1.107437610626220,-75.680000305175795,34.000000000000000,330.083740234375000,297.169097900391023,-105.349998474120994,60.989997863769503,"10","8","1",-26.308078765869102,"3443",-59.290275573730497,2.755312442779540,"636",,,,,,,,,,,,,,,,,,,,,,,,,,,,,,,,,,,,,,,,,,,,,,,,,./0.png
"0","0",1.279482126235960,2.400382041931150,1.120899915695190,17.954013824462901,0.899150133132935,311.716735839843977,293.762847900391023,3.270009756088260,-78.409996032714801,36.049999237060497,350.295257568358977,295.317108154296932,-106.529998779297003,67.389999389648395,"10","8","1",-25.647033691406200,"3446",-56.792098999023402,29.899053573608398,"181",,,,,,,,,,,,,,,,,,,,,,,,,,,,,,,,,,,,,,,,,,,,,,,,,./0.png
"0","0",1.134820818901060,2.361503839492800,1.226683020591740,18.039112091064499,0.895326972007751,311.725921630859034,293.686889648438012,2.288198709487920,-78.400001525878906,36.040000915527301,355.794555664061988,295.699340820311988,-106.529998779297003,67.369995117187500,"10","8","1",-25.648826599121101,"3446",-56.798809051513707,26.278705596923800,"182",,,,,,,,,,,,,,,,,,,,,,,,,,,,,,,,,,,,,,,,,,,,,,,,,./0.png
"0","0",0.000000000000000,0.000000000000000,0.000000000000000,0.000000000000000,0.899150133132935,0.000000000000000,0.000000000000000,3.270009756088260,-78.419998168945298,36.040000915527301,367.000000000000000,298.856506347656023,-106.559997558594006,67.389999389648395,"0","9","1",-25.640354156494102,"3447",-56.794189453125000,29.899053573608398,"181",,,,,,,,,,,,,,,,,,,,,,,,,,,,,,,,,,,,,,,,,,,,,,,,,./0.png
"0","0",0.000000000000000,0.000000000000000,0.000000000000000,0.000000000000000,0.895326972007751,0.000000000000000,0.000000000000000,2.288198709487920,-78.409996032714801,36.040000915527301,367.000000000000000,295.903503417968977,-106.559997558594006,67.369995117187500,"0","9","1",-25.642169952392599,"3447",-56.800968170166001,26.278705596923800,"182",,,,,,,,,,,,,,,,,,,,,,,,,,,,,,,,,,,,,,,,,,,,,,,,,./0.png
"0","0",1.447623968124390,2.478641033172610,1.031017065048220,18.005731582641602,0.890695154666901,311.838562011718977,293.833007812499943,1.123612403869630,-78.430000305175795,36.049999237060497,337.320129394531023,295.816467285156023,-106.559997558594006,67.419998168945298,"10","8","1",-25.636777877807599,"3447",-56.780845642089801,8.835412025451660,"179",,,,,,,,,,,,,,,,,,,,,,,,,,,,,,,,,,,,,,,,,,,,,,,,,./0.png
"0","0",1.308024406433110,2.396859169006350,1.088834762573240,17.992595672607401,0.899150133132935,311.779998779296932,293.787475585938012,3.270009756088260,-78.419998168945298,36.049999237060497,330.836120605468977,295.479766845703068,-106.559997558594006,67.409996032714801,"10","8","1",-25.638568878173800,"3447",-56.787528991699197,29.899053573608398,"180",,,,,,,,,,,,,,,,,,,,,,,,,,,,,,,,,,,,,,,,,,,,,,,,,./0.png
"0","0",1.413734674453740,3.102826833724980,1.689092159271240,17.090744018554702,1.134857773780820,317.929382324219034,300.838562011718977,1.448726058006290,-74.049995422363295,32.840000152587898,339.357269287108977,305.630859375000000,-104.849998474120994,56.559997558593800,"10","8","1",-26.631246566772500,"3447",-60.732212066650398,5.304069042205810,"983",,,,,,,,,,,,,,,,,,,,,,,,,,,,,,,,,,,,,,,,,,,,,,,,,./0.png
"0","0",1.754237413406370,2.926520586013790,1.172283172607420,16.669776916503899,1.160352349281310,318.316772460938012,301.647003173828011,1.343589782714840,-74.059997558593807,32.849998474121101,335.824493408203011,303.981597900391023,-104.189994812012003,56.590000152587898,"10","8","1",-26.629375457763700,"3460",-60.730346679687507,1.550685524940490,"980",,,,,,,,,,,,,,,,,,,,,,,,,,,,,,,,,,,,,,,,,,,,,,,,,./0.png
"0","0",1.704010367393490,2.910765647888180,1.206755280494690,16.680780410766602,1.160352349281310,318.339294433593977,301.658569335938012,1.343589782714840,-74.059997558593807,32.849998474121101,331.280487060546989,303.105285644531023,-104.189994812012003,56.579998016357401,"10","7","1",-26.630229949951200,"3460",-60.734081268310497,1.550685524940490,"981",,,,,,,,,,,,,,,,,,,,,,,,,,,,,,,,,,,,,,,,,,,,,,,,,./0.png
"0","0",0.000000000000000,0.000000000000000,0.000000000000000,0.000000000000000,0.936460316181183,0.000000000000000,0.000000000000000,2.037489175796510,-78.409996032714801,36.049999237060497,367.000000000000000,297.373840332031023,-106.049995422362997,67.400001525878906,"0","9","1",-25.647605895996101,"3463",-56.795570373535199,41.655426025390597,"180",,,,,,,,,,,,,,,,,,,,,,,,,,,,,,,,,,,,,,,,,,,,,,,,,./0.png
"0","0",1.361719250679020,2.404706478118900,1.042987227439880,12.966815948486300,1.314629197120670,318.248260498046989,305.281372070311988,2.024549245834350,-68.309997558593807,29.309999465942401,350.811340332031023,312.892089843750000,-102.119995117187997,37.020000457763707,"10","8","1",-27.578102111816399,"3463",-65.297538757324205,9.444600105285639,"1992",,,,,,,,,,,,,,,,,,,,,,,,,,,,,,,,,,,,,,,,,,,,,,,,,./0.png
"0","0",0.752730846405029,1.889214038848880,1.136483192443850,17.607395172119102,0.915692567825317,310.971252441406023,293.364135742188012,2.064986228942870,-78.430000305175795,36.059997558593800,342.992614746093977,295.903503417968977,-106.079994201660000,67.430000305175795,"10","8","1",-25.637435913085898,"3464",-56.784309387207003,21.798479080200199,"178",,,,,,,,,,,,,,,,,,,,,,,,,,,,,,,,,,,,,,,,,,,,,,,,,./0.png
"0","0",0.645963430404663,1.829443454742430,1.183480024337770,17.706472396850600,0.915692567825317,311.044036865233977,293.337860107421989,2.064986228942870,-78.430000305175795,36.049999237060497,350.578918457031023,295.353271484375000,-106.079994201660000,67.409996032714801,"10","8","1",-25.639184951782202,"3464",-56.790996551513707,21.798479080200199,"179",,,,,,,,,,,,,,,,,,,,,,,,,,,,,,,,,,,,,,,,,,,,,,,,,./0.png
"0","0",0.565560936927795,1.836290717124940,1.270729780197140,17.816669464111300,0.918486535549164,311.082305908203011,293.265930175780966,2.035871744155880,-78.419998168945298,36.049999237060497,354.849212646483977,298.148284912108977,-106.079994201660000,67.400001525878906,"10","8","1",-25.640941619873001,"3464",-56.797718048095703,42.274234771728501,"180",,,,,,,,,,,,,,,,,,,,,,,,,,,,,,,,,,,,,,,,,,,,,,,,,./0.png
"0","0",0.890354156494141,2.493061065673830,1.602706909179690,17.759798049926800,0.761903107166290,309.343994140625000,291.584289550780966,0.877755284309387,-78.750000000000000,36.290000915527301,336.367462158203011,291.558319091796989,-106.269996643065994,68.089996337890597,"10","8","1",-25.546728134155298,"3466",-56.494888305664098,4.664542675018310,"135",,,,,,,,,,,,,,,,,,,,,,,,,,,,,,,,,,,,,,,,,,,,,,,,,./0.png
"0","0",0.000000000000000,0.000000000000000,0.000000000000000,0.000000000000000,1.179916143417360,0.000000000000000,0.000000000000000,6.048841953277590,-74.159996032714801,32.860000610351598,367.000000000000000,303.595031738281023,-104.470001220702997,56.709999084472699,"0","9","1",-26.578189849853501,"3468",-60.704944610595703,83.056465148925795,"970",,,,,,,,,,,,,,,,,,,,,,,,,,,,,,,,,,,,,,,,,,,,,,,,,./0.png
"0","0",1.564996600151060,2.868264198303220,1.303267598152160,10.422592163085900,1.099912762641910,315.228607177733977,304.806152343750000,1.324180006980900,-68.489997863769503,29.369998931884801,343.536590576171989,304.164581298828011,-102.500000000000000,37.579998016357401,"10","8","1",-27.529937744140600,"3470",-65.201644897460895,3.042286396026610,"1966",,,,,,,,,,,,,,,,,,,,,,,,,,,,,,,,,,,,,,,,,,,,,,,,,./0.png
"0","0",0.000000000000000,0.000000000000000,0.000000000000000,0.000000000000000,1.135541439056400,0.000000000000000,0.000000000000000,1.869271159172060,-75.879997253417997,34.029998779296903,367.000000000000000,298.533752441406023,-105.290000915527003,61.219997406005902,"0","9","1",-26.199815750122099,"3473",-59.242801666259801,16.982038497924801,"618",,,,,,,,,,,,,,,,,,,,,,,,,,,,,,,,,,,,,,,,,,,,,,,,,./0.png
"0","0",1.591103553771970,4.145289897918701,2.554186344146730,18.878692626953100,0.921256899833679,314.432525634766023,295.553863525391023,1.626649022102360,-76.680000305175795,34.599998474121101,332.657531738281023,302.656433105468977,-105.669998168944986,63.189998626708999,"10","8","1",-26.009679794311499,"3475",-58.529293060302699,9.454852104187010,"472",,,,,,,,,,,,,,,,,,,,,,,,,,,,,,,,,,,,,,,,,,,,,,,,,./0.png
"0","0",1.593026876449580,4.078377723693851,2.485350847244260,18.998655319213899,0.921256899833679,314.669525146483977,295.670928955078011,1.626649022102360,-76.680000305175795,34.599998474121101,332.840881347656023,303.281005859375000,-105.659996032715014,63.180000305175803,"10","7","1",-26.010982513427699,"3475",-58.534469604492202,9.454852104187010,"473",,,,,,,,,,,,,,,,,,,,,,,,,,,,,,,,,,,,,,,,,,,,,,,,,./0.png
"0","0",1.196776509284970,3.016338348388670,1.819561839103700,17.221343994140600,0.995022594928741,313.080993652343977,295.859558105468977,1.384026765823360,-77.269996643066406,35.009998321533203,331.165557861328011,299.271942138671989,-106.040000915527003,64.519996643066406,"10","8","1",-25.848735809326200,"3480",-58.028125762939503,11.581346511840801,"377",,,,,,,,,,,,,,,,,,,,,,,,,,,,,,,,,,,,,,,,,,,,,,,,,./0.png
"0","0",0.495192408561707,2.426967382431030,1.931774973869320,16.895944595336900,0.952821135520935,312.432769775391023,295.536926269531023,1.341972351074220,-77.279998779296889,35.009998321533203,348.539398193358977,299.522918701171989,-105.519996643065994,64.540000915527301,"10","8","1",-25.846523284912099,"3496",-58.025974273681598,11.611974716186500,"375",,,,,,,,,,,,,,,,,,,,,,,,,,,,,,,,,,,,,,,,,,,,,,,,,./0.png
"0","0",1.758130908012390,2.893274307250980,1.135143399238590,14.038120269775400,0.792837500572205,308.352325439453011,294.314147949219034,1.054060697555540,-77.900001525878906,35.419998168945298,334.877777099608977,296.200164794921989,-105.989997863770000,65.839996337890597,"10","8","1",-25.662357330322301,"3504",-57.518608093261697,8.662043571472170,"285",,,,,,,,,,,,,,,,,,,,,,,,,,,,,,,,,,,,,,,,,,,,,,,,,./0.png
"0","0",0.819101274013519,1.682314515113830,0.863213241100311,14.452837944030801,0.960744440555573,312.076782226561988,297.623931884766023,1.057295680046080,-77.540000915527301,35.049999237060497,330.583984375000000,299.610321044921989,-106.149993896484006,64.830001831054702,"10","8","1",-25.698438644409201,"3515",-57.949306488037102,2.947520494461060,"355",,,,,,,,,,,,,,,,,,,,,,,,,,,,,,,,,,,,,,,,,,,,,,,,,./0.png
"0","0",0.000000000000000,0.000000000000000,0.000000000000000,0.000000000000000,1.002963066101070,0.000000000000000,0.000000000000000,1.988964676856990,-77.559997558593807,35.049999237060497,367.000000000000000,303.317840576171989,-105.659996032715014,64.849998474121094,"0","9","1",-25.691497802734400,"3532",-57.949867248535199,30.170043945312500,"353",,,,,,,,,,,,,,,,,,,,,,,,,,,,,,,,,,,,,,,,,,,,,,,,,./0.png
"0","0",0.606247186660767,1.749162554740910,1.142915368080140,15.852938652038601,1.000169157981870,313.902343750000000,298.049194335938012,1.353294730186460,-77.549995422363295,35.049999237060497,336.884552001953011,302.354431152343977,-105.659996032715014,64.839996337890597,"10","8","1",-25.692947387695298,"3532",-57.955562591552699,10.780232429504400,"354",,,,,,,,,,,,,,,,,,,,,,,,,,,,,,,,,,,,,,,,,,,,,,,,,./0.png
"0","0",1.244731664657590,2.807509660720830,1.562777996063230,15.904005050659199,1.088027834892270,315.754577636718977,299.850555419921989,1.430933713912960,-75.150001525878906,33.270000457763700,340.739318847656023,302.920806884766023,-104.699996948242003,58.759998321533203,"10","8","1",-26.227525711059599,"3532",-60.139255523681598,6.692175388336180,"807",,,,,,,,,,,,,,,,,,,,,,,,,,,,,,,,,,,,,,,,,,,,,,,,,./0.png
"1","0",0.000000000000000,0.000000000000000,0.000000000000000,0.000000000000000,0.918538928031921,0.000000000000000,0.000000000000000,2.543760776519780,-74.619995117187500,32.869998931884801,367.000000000000000,303.981597900391023,-104.619995117187997,57.229999542236293,"0","9","1",-26.318706512451200,"3536",-60.626651763916001,14.331873893737800,"928",,,,,,,,,,,,,,,,,,,,,,,,,,,,,,,,,,,,,,,,,,,,,,,,,./0.png
"1","0",0.000000000000000,0.000000000000000,0.000000000000000,0.000000000000000,0.918538928031921,0.000000000000000,0.000000000000000,2.543760776519780,-74.629997253417997,32.869998931884801,356.598419189453011,295.900512695311988,-104.649993896484006,57.229999542236293,"0","7","1",-26.313327789306602,"3537",-60.628173828125000,14.331873893737800,"928",,,,,,,,,,,,,,,,,,,,,,,,,,,,,,,,,,,,,,,,,,,,,,,,,./0.png
"0","0",0.610056638717651,1.510683655738830,0.900627017021179,16.174961090087901,0.866432845592499,310.566131591796989,294.391082763671989,0.979656577110291,-78.629997253417997,35.719997406005902,339.825592041016023,295.837493896483977,-106.149993896484006,66.970001220703097,"10","8","1",-25.333564758300799,"3569",-57.121463775634801,4.129446983337400,"208",,,,,,,,,,,,,,,,,,,,,,,,,,,,,,,,,,,,,,,,,,,,,,,,,./0.png
"0","0",2.046974182128910,4.033979415893550,1.987005352973940,16.256097793579102,0.917181372642517,307.225616455078011,290.969696044921989,2.134537935256960,-79.159996032714801,36.139999389648402,341.807861328125000,297.536804199219034,-106.399993896484006,68.129997253417997,"10","8","1",-25.191564559936499,"3570",-56.612018585205099,12.287512779235801,"132",,,,,,,,,,,,,,,,,,,,,,,,,,,,,,,,,,,,,,,,,,,,,,,,,./0.png
"0","0",1.961218595504760,3.881499528884890,1.920280933380130,16.186292648315401,0.917181372642517,307.294738769531023,291.108581542968977,2.134537935256960,-79.159996032714801,36.139999389648402,344.372802734375000,297.474609375000000,-106.399993896484006,68.119995117187500,"10","8","1",-25.193416595458999,"3570",-56.618961334228501,12.287512779235801,"133",,,,,,,,,,,,,,,,,,,,,,,,,,,,,,,,,,,,,,,,,,,,,,,,,./0.png
"0","0",0.000000000000000,0.000000000000000,0.000000000000000,0.000000000000000,0.917181372642517,0.000000000000000,0.000000000000000,2.134537935256960,-79.169998168945298,36.139999389648402,367.000000000000000,298.213104248046989,-106.430000305175994,68.129997253417997,"0","9","1",-25.184768676757798,"3571",-56.614170074462898,12.287512779235801,"132",,,,,,,,,,,,,,,,,,,,,,,,,,,,,,,,,,,,,,,,,,,,,,,,,./0.png
"0","0",1.930386781692500,3.885046243667600,1.954659461975100,16.008613586425799,0.917181372642517,307.033233642578011,291.024749755859034,2.134537935256960,-79.159996032714801,36.130001068115199,331.808410644531023,293.583770751953011,-106.430000305175994,68.119995117187500,"10","8","1",-25.186614990234400,"3571",-56.621074676513707,12.287512779235801,"133",,,,,,,,,,,,,,,,,,,,,,,,,,,,,,,,,,,,,,,,,,,,,,,,,./0.png
"0","0",0.000000000000000,0.000000000000000,0.000000000000000,0.000000000000000,0.748978853225708,0.000000000000000,0.000000000000000,2.037489175796510,-79.169998168945298,36.149997711181598,367.000000000000000,301.053039550780966,-105.949996948242003,68.150001525878906,"0","9","1",-25.186628341674801,"3588",-56.613616943359403,52.167213439941399,"131",,,,,,,,,,,,,,,,,,,,,,,,,,,,,,,,,,,,,,,,,,,,,,,,,./0.png
"0","0",1.597298860549930,4.438868045806881,2.841569185256960,14.893301963806200,0.780457437038422,304.565155029296932,289.671752929688012,1.379174351692200,-79.169998168945298,36.139999389648402,351.997894287108977,296.074401855468977,-105.949996948242003,68.129997253417997,"10","8","1",-25.188440322876001,"3588",-56.620578765869098,24.172840118408200,"132",,,,,,,,,,,,,,,,,,,,,,,,,,,,,,,,,,,,,,,,,,,,,,,,,./0.png
"0","0",-0.803176879882812,2.399320363998410,3.202497243881230,16.292970657348601,0.960853338241577,312.181671142578011,295.888610839843977,1.332267403602600,-75.209999084472699,33.020000457763700,340.478515625000000,301.415496826171989,-104.589996337890994,58.229999542236293,"10","8","1",-26.061203002929702,"3597",-60.385265350341797,6.994851589202880,"849",,,,,,,,,,,,,,,,,,,,,,,,,,,,,,,,,,,,,,,,,,,,,,,,,./0.png
"0","0",1.339860439300540,2.756693840026860,1.416833400726320,16.134967803955099,1.206797122955320,317.771362304688012,301.636596679688012,1.709140539169310,-73.799995422363295,32.009998321533203,347.549560546875000,304.288330078125000,-104.250000000000000,54.029998779296903,"10","8","1",-26.316884994506800,"3603",-61.640396118164098,3.638751983642580,"1190",,,,,,,,,,,,,,,,,,,,,,,,,,,,,,,,,,,,,,,,,,,,,,,,,./0.png
"0","0",1.393872976303100,2.868499755859380,1.474626779556270,16.060594558715799,1.206797122955320,317.666778564453011,301.606445312499943,1.709140539169310,-73.799995422363295,32.000000000000000,345.725433349608977,303.882934570311988,-104.250000000000000,54.020000457763707,"10","8","1",-26.317636489868200,"3603",-61.643714904785199,3.638751983642580,"1191",,,,,,,,,,,,,,,,,,,,,,,,,,,,,,,,,,,,,,,,,,,,,,,,,./0.png
"0","0",2.009889364242550,4.281078338623051,2.271188974380490,17.263320922851602,0.865070819854736,308.919036865233977,291.655914306641023,1.202868938446040,-79.279998779296889,36.079998016357401,333.444122314453011,294.618835449219034,-106.419998168944986,68.099998474121094,"10","8","1",-25.083354949951200,"3604",-56.668628692627003,6.800363063812260,"134",,,,,,,,,,,,,,,,,,,,,,,,,,,,,,,,,,,,,,,,,,,,,,,,,./0.png
"0","0",2.029486894607540,4.404257774353030,2.374770879745480,17.688915252685501,0.862857401371002,309.278961181641023,291.590179443358977,1.735020160675050,-79.299995422363295,36.090000152587898,353.438354492188012,297.275970458983977,-106.449996948242003,68.139999389648395,"10","8","1",-25.072725296020501,"3605",-56.656421661377003,17.606527328491200,"132",,,,,,,,,,,,,,,,,,,,,,,,,,,,,,,,,,,,,,,,,,,,,,,,,./0.png
"0","0",2.018030405044560,4.332614421844480,2.314584016799930,17.554557800293001,0.862857401371002,309.204132080078011,291.649719238281023,1.735020160675050,-79.290000915527301,36.079998016357401,344.015747070311988,296.972930908203011,-106.449996948242003,68.119995117187500,"10","8","1",-25.074617385864300,"3605",-56.663497924804702,17.606527328491200,"133",,,,,,,,,,,,,,,,,,,,,,,,,,,,,,,,,,,,,,,,,,,,,,,,,./0.png
"0","0",2.034993886947630,4.246739387512210,2.211745500564580,17.419843673706101,0.865070819854736,309.180389404296932,291.760650634766023,1.202868938446040,-79.279998779296889,36.079998016357401,339.601348876953011,295.606140136718977,-106.439994812012003,68.099998474121094,"10","8","1",-25.076501846313501,"3605",-56.670532226562493,6.800363063812260,"134",,,,,,,,,,,,,,,,,,,,,,,,,,,,,,,,,,,,,,,,,,,,,,,,,./0.png
"0","0",0.459587812423706,2.203729629516600,1.744141817092900,17.075189590454102,0.914957284927368,311.407470703125000,294.332092285156023,1.306387782096860,-77.580001831054702,34.709999084472699,348.368041992188012,295.726379394531023,-105.750000000000000,64.180000305175795,"10","8","1",-25.504255294799801,"3605",-58.310539245605497,11.344249725341800,"401",,,,,,,,,,,,,,,,,,,,,,,,,,,,,,,,,,,,,,,,,,,,,,,,,./0.png
"0","0",2.012136697769170,4.102441310882570,2.090304613113400,17.726251602172901,0.892397642135620,309.615539550780966,291.889465332031023,1.571654558181760,-79.299995422363295,36.079998016357401,341.604949951171989,298.045104980468977,-106.479995727539006,68.119995117187500,"10","8","1",-25.067771911621101,"3606",-56.665443420410199,13.712297439575201,"133",,,,,,,,,,,,,,,,,,,,,,,,,,,,,,,,,,,,,,,,,,,,,,,,,./0.png
"0","0",1.986806154251100,3.747717857360840,1.760911703109740,17.872531890869102,0.892397642135620,310.067779541016023,292.195434570311988,1.571654558181760,-79.309997558593807,36.079998016357401,332.615173339843977,298.348510742188012,-106.509994506835994,68.119995117187500,"10","8","1",-25.060956954956101,"3607",-56.667514801025398,13.712297439575201,"133",,,,,,,,,,,,,,,,,,,,,,,,,,,,,,,,,,,,,,,,,,,,,,,,,./0.png
"0","0",1.982549071311950,3.659286260604860,1.676737189292910,17.671491622924801,0.887460231781006,309.913177490233977,292.241912841796989,1.240071058273320,-79.299995422363295,36.069999694824197,330.020111083983977,298.483795166016023,-106.500000000000000,68.110000610351605,"10","8","1",-25.062824249267599,"3607",-56.674476623535199,14.197128295898400,"134",,,,,,,,,,,,,,,,,,,,,,,,,,,,,,,,,,,,,,,,,,,,,,,,,./0.png
"0","0",0.439571380615234,2.495387792587280,2.055816411972050,17.902780532836900,0.838666141033173,312.269348144531023,294.366729736328011,1.282125473022460,-77.589996337890597,34.719997406005902,343.942291259766023,295.909515380859034,-105.229995727539006,64.199996948242202,"10","8","1",-25.501071929931602,"3621",-58.308368682861293,12.880727767944300,"399",,,,,,,,,,,,,,,,,,,,,,,,,,,,,,,,,,,,,,,,,,,,,,,,,./0.png
"0","0",0.000000000000000,0.000000000000000,0.000000000000000,0.000000000000000,0.907779753208160,0.000000000000000,0.000000000000000,1.794867038726810,-79.299995422363295,36.090000152587898,367.000000000000000,297.814849853516023,-105.970001220702997,68.150001525878906,"0","9","1",-25.074140548706101,"3622",-56.657360076904297,17.957508087158200,"131",,,,,,,,,,,,,,,,,,,,,,,,,,,,,,,,,,,,,,,,,,,,,,,,,./0.png
"0","0",2.025712490081790,3.179209470748900,1.153496861457820,18.496860504150401,0.916777014732361,311.294158935546989,292.797241210938012,1.660616040229800,-79.290000915527301,36.090000152587898,333.033203125000000,295.798461914061988,-105.970001220702997,68.129997253417997,"10","8","1",-25.075994491577099,"3622",-56.664466857910199,10.010686874389600,"132",,,,,,,,,,,,,,,,,,,,,,,,,,,,,,,,,,,,,,,,,,,,,,,,,./0.png
"0","0",2.118700027465820,3.190977334976200,1.072277426719670,18.378894805908200,0.916777014732361,311.267883300780966,292.888916015625000,1.660616040229800,-79.290000915527301,36.079998016357401,340.191467285156023,294.809661865233977,-105.970001220702997,68.119995117187500,"10","8","1",-25.077831268310501,"3622",-56.671504974365199,10.010686874389600,"133",,,,,,,,,,,,,,,,,,,,,,,,,,,,,,,,,,,,,,,,,,,,,,,,,./0.png
"0","0",1.894502282142640,3.123769760131840,1.229267477989200,18.474519729614300,0.907779753208160,311.107147216796989,292.632415771483977,1.794867038726810,-79.309997558593807,36.090000152587898,341.882141113281023,296.472229003906023,-106.000000000000000,68.150001525878906,"10","8","1",-25.067314147949201,"3623",-56.659412384033203,17.957508087158200,"131",,,,,,,,,,,,,,,,,,,,,,,,,,,,,,,,,,,,,,,,,,,,,,,,,./0.png
"0","0",1.931761980056760,3.086673498153690,1.154911518096920,18.426054000854499,0.916777014732361,311.139312744140966,292.713104248046989,1.660616040229800,-79.299995422363295,36.079998016357401,341.635375976561988,297.447937011718977,-106.000000000000000,68.129997253417997,"10","8","1",-25.069139480590799,"3623",-56.666389465332003,10.010686874389600,"132",,,,,,,,,,,,,,,,,,,,,,,,,,,,,,,,,,,,,,,,,,,,,,,,,./0.png
"0","0",1.792421817779540,3.104179382324220,1.311757564544680,18.278755187988299,0.902325510978699,310.751037597656023,292.472045898438012,1.343589782714840,-79.319999694824205,36.090000152587898,330.602905273438012,296.531921386718977,-106.029998779297003,68.150001525878906,"10","8","1",-25.060504913330099,"3624",-56.661510467529297,17.865224838256800,"131",,,,,,,,,,,,,,,,,,,,,,,,,,,,,,,,,,,,,,,,,,,,,,,,,./0.png
"0","0",1.762381196022030,2.986602067947390,1.224220871925350,18.200317382812500,0.906099677085876,310.735229492188012,292.534698486328011,1.400201678276060,-79.309997558593807,36.079998016357401,332.259796142578011,298.809600830078011,-106.029998779297003,68.129997253417997,"10","8","1",-25.062332153320298,"3624",-56.668491363525398,19.949075698852500,"132",,,,,,,,,,,,,,,,,,,,,,,,,,,,,,,,,,,,,,,,,,,,,,,,,./0.png
"0","0",0.000000000000000,0.000000000000000,0.000000000000000,0.000000000000000,1.087825655937190,0.000000000000000,0.000000000000000,1.471370816230770,-75.259994506835895,32.930000305175803,367.000000000000000,300.986755371093977,-104.470001220702997,58.039997100830099,"0","9","1",-25.985315322876001,"3627",-60.479038238525398,7.127494335174560,"864",,,,,,,,,,,,,,,,,,,,,,,,,,,,,,,,,,,,,,,,,,,,,,,,,./0.png
"2","0",0.000000000000000,0.000000000000000,0.000000000000000,0.000000000000000,1.008183121681210,0.000000000000000,0.000000000000000,3.284566879272460,-77.709999084472699,34.680000305175803,367.000000000000000,295.669281005859034,-105.699996948242003,64.229995727539105,"0","9","1",-25.405147552490199,"3636",-58.325313568115199,33.133659362792997,"397",,,,,,,,,,,,,,,,,,,,,,,,,,,,,,,,,,,,,,,,,,,,,,,,,./0.png
"0","0",-0.136186003684998,1.880446553230290,2.016632556915280,18.160781860351602,0.997081339359283,313.621215820311988,295.460357666016023,5.128495216369630,-77.699996948242202,34.680000305175803,352.578765869140966,302.571014404296932,-105.689994812012003,64.220001220703097,"10","8","1",-25.406536102294901,"3636",-58.330783843994098,40.000373840332003,"398",,,,,,,,,,,,,,,,,,,,,,,,,,,,,,,,,,,,,,,,,,,,,,,,,./0.png
"0","0",-0.142333626747131,1.960516095161440,2.102849721908570,18.231599807739300,0.997081339359283,313.469665527343977,295.237854003906023,5.128495216369630,-77.699996948242202,34.669998168945298,353.734161376953011,296.636352539061988,-105.689994812012003,64.209999084472699,"10","8","1",-25.407918930053700,"3636",-58.336242675781200,40.000373840332003,"399",,,,,,,,,,,,,,,,,,,,,,,,,,,,,,,,,,,,,,,,,,,,,,,,,./0.png
"3","0",-0.046894907951355,1.844681501388550,1.891576409339900,18.039299011230501,1.008183121681210,313.712219238281023,295.672790527343977,3.284566879272460,-77.720001220703111,34.680000305175803,337.395294189453011,296.367645263671989,-105.729995727539006,64.229995727539105,"10","8","1",-25.398927688598601,"3637",-58.327144622802699,33.133659362792997,"397",,,,,,,,,,,,,,,,,,,,,,,,,,,,,,,,,,,,,,,,,,,,,,,,,./0.png
"2","0",-0.126692533493042,1.867727398872380,1.994419932365420,18.165742874145501,0.997081339359283,313.662109375000000,295.496215820311988,5.128495216369630,-77.709999084472699,34.669998168945298,351.085876464843977,293.228607177733977,-105.729995727539006,64.220001220703097,"10","8","1",-25.400320053100600,"3637",-58.332622528076200,40.000373840332003,"398",,,,,,,,,,,,,,,,,,,,,,,,,,,,,,,,,,,,,,,,,,,,,,,,,./0.png
"2","0",0.000000000000000,0.000000000000000,0.000000000000000,0.000000000000000,0.986199975013733,0.000000000000000,0.000000000000000,1.929117918014530,-77.729995727539105,34.680000305175803,367.000000000000000,300.949279785156023,-105.759994506835994,64.250000000000000,"0","9","1",-25.391311645507798,"3638",-58.323497772216797,9.149693489074711,"396",,,,,,,,,,,,,,,,,,,,,,,,,,,,,,,,,,,,,,,,,,,,,,,,,./0.png
"2","0",-0.080229759216309,1.807708859443660,1.887938618659970,17.965225219726602,0.986199975013733,313.636657714843977,295.671264648438012,1.929117918014530,-77.729995727539105,34.669998168945298,330.489257812499943,296.695983886718977,-105.759994506835994,64.229995727539105,"10","8","1",-25.392707824706999,"3638",-58.328983306884801,9.149693489074711,"397",,,,,,,,,,,,,,,,,,,,,,,,,,,,,,,,,,,,,,,,,,,,,,,,,./0.png
"0","0",0.072609305381775,1.783171296119690,1.710561990737920,17.754608154296900,0.986199975013733,313.669219970703068,295.914520263671989,1.929117918014530,-77.739997863769503,34.680000305175803,337.224212646483977,298.389709472656023,-105.790000915527003,64.250000000000000,"10","8","1",-25.385089874267599,"3639",-58.325336456298800,9.149693489074711,"396",,,,,,,,,,,,,,,,,,,,,,,,,,,,,,,,,,,,,,,,,,,,,,,,,./0.png
"0","0",0.479526162147522,1.648758530616760,1.169232368469240,15.502564430236800,0.862620294094086,310.792144775391023,295.289642333983977,1.138169646263120,-78.849998474121094,35.529998779296903,331.144622802733977,296.403503417968977,-106.319999694824006,66.799995422363295,"10","8","1",-25.096118927001999,"3642",-57.292251586914098,4.947881221771240,"220",,,,,,,,,,,,,,,,,,,,,,,,,,,,,,,,,,,,,,,,,,,,,,,,,./0.png
"0","0",0.443316102027893,1.629450678825380,1.186134576797490,15.539845466613800,0.862620294094086,310.794464111328011,295.254547119140966,1.138169646263120,-78.860000610351605,35.529998779296903,350.893310546875000,297.017547607421989,-106.349998474120994,66.799995422363295,"10","8","1",-25.089513778686499,"3643",-57.294208526611293,4.947881221771240,"220",,,,,,,,,,,,,,,,,,,,,,,,,,,,,,,,,,,,,,,,,,,,,,,,,./0.png
"1","0",-0.103017568588257,2.002876520156860,2.105894088745120,17.733680725097699,1.008097290992740,313.295440673828011,295.561706542968977,5.636384487152100,-77.709999084472699,34.680000305175803,353.952728271483977,302.226013183593977,-105.169998168944986,64.239997863769503,"10","8","1",-25.404516220092798,"3652",-58.330490112304702,44.911026000976598,"396",,,,,,,,,,,,,,,,,,,,,,,,,,,,,,,,,,,,,,,,,,,,,,,,,./0.png
"2","0",-0.169749975204468,2.008676528930660,2.178426504135130,17.883707046508800,1.008097290992740,313.287292480468977,295.403533935546989,5.636384487152100,-77.709999084472699,34.680000305175803,348.715057373046989,298.633575439453011,-105.169998168944986,64.229995727539105,"10","8","1",-25.405868530273398,"3652",-58.335956573486293,44.911026000976598,"397",,,,,,,,,,,,,,,,,,,,,,,,,,,,,,,,,,,,,,,,,,,,,,,,,./0.png
"1","0",0.000000000000000,0.000000000000000,0.000000000000000,0.000000000000000,1.017667293548580,0.000000000000000,0.000000000000000,3.016065120697020,-77.720001220703111,34.689998626708999,357.063323974608977,291.094177246093977,-105.169998168944986,64.260002136230497,"0","7","1",-25.403162002563501,"3652",-58.325000762939503,19.434955596923800,"395",,,,,,,,,,,,,,,,,,,,,,,,,,,,,,,,,,,,,,,,,,,,,,,,,./0.png
"2","0",0.000000000000000,0.000000000000000,0.000000000000000,0.000000000000000,1.017667293548580,0.000000000000000,0.000000000000000,3.016065120697020,-77.729995727539105,34.689998626708999,367.000000000000000,294.591552734375000,-105.209999084472997,64.269996643066406,"0","9","1",-25.395582199096701,"3653",-58.321353912353501,19.434955596923800,"394",,,,,,,,,,,,,,,,,,,,,,,,,,,,,,,,,,,,,,,,,,,,,,,,,./0.png
"1","0",0.083088636398315,2.095418691635130,2.012330055236820,17.705743789672901,1.017667293548580,313.351776123046989,295.646087646483977,3.016065120697020,-77.729995727539105,34.680000305175803,338.775085449219034,297.249237060546989,-105.199996948242003,64.260002136230497,"10","8","1",-25.396945953369102,"3653",-58.326858520507798,19.434955596923800,"395",,,,,,,,,,,,,,,,,,,,,,,,,,,,,,,,,,,,,,,,,,,,,,,,,./0.png
"2","0",-0.051352739334106,2.020720720291140,2.072073459625240,17.852420806884801,1.008097290992740,313.332092285156023,295.479675292968977,5.636384487152100,-77.720001220703111,34.680000305175803,339.488281250000000,289.358642578125000,-105.199996948242003,64.239997863769503,"10","8","1",-25.398303985595700,"3653",-58.332355499267599,44.911026000976598,"396",,,,,,,,,,,,,,,,,,,,,,,,,,,,,,,,,,,,,,,,,,,,,,,,,./0.png
"0","0",0.000000000000000,0.000000000000000,0.000000000000000,0.000000000000000,0.986316680908203,0.000000000000000,0.000000000000000,1.650911211967470,-77.739997863769503,34.689998626708999,367.000000000000000,299.210601806641023,-105.239997863770000,64.269996643066406,"0","9","1",-25.389364242553700,"3654",-58.323219299316399,9.695039749145510,"394",,,,,,,,,,,,,,,,,,,,,,,,,,,,,,,,,,,,,,,,,,,,,,,,,./0.png
"0","0",1.862746477127080,2.827914237976070,0.965167820453644,18.199232101440401,0.938815176486969,311.793609619140966,293.594421386718977,1.167284369468690,-79.089996337890597,35.779998779296903,332.035980224608977,294.637023925780966,-105.799995422362997,67.419998168945298,"10","8","1",-25.059514999389599,"3654",-57.019268035888707,4.333340644836430,"178",,,,,,,,,,,,,,,,,,,,,,,,,,,,,,,,,,,,,,,,,,,,,,,,,./0.png
"0","0",-0.106588363647461,2.064252138137820,2.170840501785280,17.939149856567401,0.986316680908203,313.359588623046989,295.420562744140966,1.650911211967470,-77.729995727539105,34.680000305175803,335.952606201171989,298.483795166016023,-105.229995727539006,64.260002136230497,"10","8","1",-25.390724182128899,"3654",-58.328708648681598,9.695039749145510,"395",,,,,,,,,,,,,,,,,,,,,,,,,,,,,,,,,,,,,,,,,,,,,,,,,./0.png
"0","0",1.985050797462460,2.947393178939820,0.962342381477356,17.846096038818398,0.938815176486969,311.399536132811988,293.553466796875000,1.167284369468690,-79.099998474121094,35.770000457763700,331.483856201171989,294.543029785156023,-105.829994201660000,67.419998168945298,"10","8","1",-25.052818298339801,"3655",-57.021312713622997,4.333340644836430,"178",,,,,,,,,,,,,,,,,,,,,,,,,,,,,,,,,,,,,,,,,,,,,,,,,./0.png
"0","0",0.241741895675659,1.690269470214840,1.448527574539180,15.123754501342800,0.854908347129822,309.776214599608977,294.652557373046989,1.151109576225280,-78.860000610351605,35.540000915527301,335.970886230468977,296.463256835938012,-105.839996337890994,66.819999694824205,"10","8","1",-25.093681335449201,"3659",-57.290565490722699,5.332359313964840,"218",,,,,,,,,,,,,,,,,,,,,,,,,,,,,,,,,,,,,,,,,,,,,,,,,./0.png
"0","0",0.185294151306152,1.724718928337100,1.539424777030940,15.198947906494100,0.854908347129822,309.754943847656023,294.555999755859034,1.151109576225280,-78.849998474121094,35.529998779296903,337.663482666016023,295.984497070311988,-105.829994201660000,66.799995422363295,"10","8","1",-25.095394134521499,"3659",-57.297199249267599,5.332359313964840,"219",,,,,,,,,,,,,,,,,,,,,,,,,,,,,,,,,,,,,,,,,,,,,,,,,./0.png
"1","0",-0.039562463760376,3.290116548538210,3.329679012298580,18.975709915161101,0.958629310131073,318.150756835938012,299.174865722656023,1.170519351959230,-75.110000610351605,32.639999389648402,336.523651123046989,303.433868408203011,-104.519996643065994,57.139999389648402,"10","8","1",-25.917037963867202,"3665",-60.802589416503899,3.719139575958250,"935",,,,,,,,,,,,,,,,,,,,,,,,,,,,,,,,,,,,,,,,,,,,,,,,,./0.png
"0","0",-0.109947204589844,3.266736268997190,3.376683473587040,19.046245574951200,1.086410284042360,318.252685546875000,299.206268310546989,1.414758920669560,-75.110000610351605,32.630001068115199,341.711730957031023,300.005920410156023,-104.549995422362997,57.149997711181598,"10","8","1",-25.911666870117202,"3666",-60.804092407226598,5.763245582580570,"935",,,,,,,,,,,,,,,,,,,,,,,,,,,,,,,,,,,,,,,,,,,,,,,,,./0.png
"0","0",-0.107242822647095,3.233652830123900,3.340895652771000,18.923948287963899,1.097161769866940,318.168701171875000,299.244567871093977,1.472988247871400,-75.110000610351605,32.630001068115199,337.356262207031023,302.889556884766023,-104.549995422362997,57.129997253417997,"10","8","1",-25.912551879882798,"3666",-60.807895660400398,6.586042881011960,"936",,,,,,,,,,,,,,,,,,,,,,,,,,,,,,,,,,,,,,,,,,,,,,,,,./0.png
"0","0",0.410070657730103,2.097767591476440,1.687696933746340,15.607227325439499,0.817215323448181,308.966796875000000,293.359710693358977,0.939219534397125,-78.869995117187500,35.399997711181598,330.304992675780966,295.190429687500057,-106.269996643065994,66.559997558593807,"10","8","1",-25.018171310424801,"3675",-57.436481475830099,4.293296813964840,"236",,,,,,,,,,,,,,,,,,,,,,,,,,,,,,,,,,,,,,,,,,,,,,,,,./0.png
"0","0",2.647017955780030,4.910030364990230,2.263012409210210,10.136712074279799,1.070437669754030,312.058441162108977,301.921661376953011,1.337119817733760,-69.529998779296903,29.039999008178700,341.999359130859034,303.863189697266023,-103.009994506835994,37.959999084472699,"10","8","1",-26.848884582519499,"3675",-65.344459533691406,3.667665243148800,"1948",,,,,,,,,,,,,,,,,,,,,,,,,,,,,,,,,,,,,,,,,,,,,,,,,./0.png
"0","0",2.050182580947880,4.443963527679440,2.393780946731570,11.507759094238301,1.304489016532900,316.663665771483977,305.156158447266023,1.730167746543880,-69.889999389648395,29.079999923706101,334.360351562499943,306.441070556641023,-102.099998474120994,38.689998626708999,"10","7","1",-26.698184967041001,"3719",-65.253761291503906,6.011400222778320,"1914",,,,,,,,,,,,,,,,,,,,,,,,,,,,,,,,,,,,,,,,,,,,,,,,,./0.png
"0","0",-0.353026628494263,1.307544708251950,1.660571336746220,13.438291549682599,1.083984136581420,314.112976074219034,300.674896240233977,1.189929127693180,-75.519996643066406,32.649997711181598,336.295135498046989,303.665649414061988,-104.519996643065994,57.590000152587898,"10","8","1",-25.684024810791001,"3729",-60.740161895752003,1.911328792572020,"900",,,,,,,,,,,,,,,,,,,,,,,,,,,,,,,,,,,,,,,,,,,,,,,,,./0.png
"1","0",0.000000000000000,0.000000000000000,0.000000000000000,0.000000000000000,0.909950911998749,0.000000000000000,0.000000000000000,1.178606748580930,-77.979995727539105,34.239997863769503,367.000000000000000,299.927490234375000,-105.229995727539006,63.539997100830099,"0","9","1",-25.010967254638700,"3790",-58.770050048828097,7.404263973236080,"446",,,,,,,,,,,,,,,,,,,,,,,,,,,,,,,,,,,,,,,,,,,,,,,,,./0.png
"0","0",1.771218776702880,2.650296449661250,0.879077732563019,17.300411224365199,0.828569173812866,309.863250732421989,292.562683105468977,0.900399982929230,-79.509994506835895,35.430000305175803,333.560516357421989,293.788421630859034,-105.979995727539006,67.099998474121094,"10","8","1",-24.613649368286101,"3795",-57.340633392333999,2.654029369354250,"199",,,,,,,,,,,,,,,,,,,,,,,,,,,,,,,,,,,,,,,,,,,,,,,,,./0.png
"0","0",1.753269791603090,2.651408672332760,0.898138880729675,17.227005004882798,0.839779555797577,309.749847412108977,292.522735595703068,1.333884954452510,-79.519996643066406,35.430000305175803,353.634948730468977,295.045532226561988,-106.009994506835994,67.099998474121094,"10","8","1",-24.607004165649400,"3796",-57.342639923095703,18.256376266479499,"199",,,,,,,,,,,,,,,,,,,,,,,,,,,,,,,,,,,,,,,,,,,,,,,,,./0.png
"0","0",1.589046716690060,2.255098819732670,0.666052162647247,15.850785255432100,0.853866338729858,308.505310058593977,292.654632568358977,1.303152799606320,-79.529998779296889,35.439998626708999,344.426879882811988,293.387939453125000,-105.529998779297003,67.129997253417997,"10","8","1",-24.604181289672901,"3813",-57.338542938232401,16.643793106079102,"197",,,,,,,,,,,,,,,,,,,,,,,,,,,,,,,,,,,,,,,,,,,,,,,,,./0.png
"0","0",1.572459220886230,2.204068422317500,0.631609261035919,15.848809242248500,0.858345448970795,308.551879882811988,292.703186035156023,1.201251506805420,-79.519996643066406,35.430000305175803,339.126464843750000,294.193695068358977,-105.529998779297003,67.119995117187500,"10","8","1",-24.605840682983398,"3813",-57.345050811767599,12.669810295105000,"198",,,,,,,,,,,,,,,,,,,,,,,,,,,,,,,,,,,,,,,,,,,,,,,,,./0.png
"0","0",0.364643812179565,2.744340419769290,2.379696607589720,15.231919288635300,0.913946390151978,312.538726806641023,297.306610107421989,1.164049386978150,-77.529998779296889,33.739997863769503,330.617065429688012,301.266021728516023,-104.939994812012003,62.079998016357401,"10","7","1",-25.048908233642599,"3821",-59.345233917236293,6.175326824188230,"553",,,,,,,,,,,,,,,,,,,,,,,,,,,,,,,,,,,,,,,,,,,,,,,,,./0.png
"0","0",1.268120050430300,2.504248142242430,1.236128091812130,11.194754600524901,1.156972885131840,317.103607177733977,305.908691406250000,1.663851022720340,-71.779998779296903,29.729999542236300,341.358062744140966,305.346679687500057,-102.879997253417997,44.090000152587898,"10","8","1",-26.142192840576200,"3823",-64.284492492675795,8.889525413513180,"1667",,,,,,,,,,,,,,,,,,,,,,,,,,,,,,,,,,,,,,,,,,,,,,,,,./0.png
"0","0",0.000000000000000,0.000000000000000,0.000000000000000,0.000000000000000,0.807637512683868,0.000000000000000,0.000000000000000,1.312857627868650,-79.009994506835895,34.889999389648402,367.000000000000000,295.861511230468977,-105.669998168944986,65.680000305175795,"0","9","1",-24.674489974975600,"3826",-57.973312377929702,16.551519393920898,"295",,,,,,,,,,,,,,,,,,,,,,,,,,,,,,,,,,,,,,,,,,,,,,,,,./0.png
"0","0",0.000000000000000,0.000000000000000,0.000000000000000,0.000000000000000,1.145815968513490,0.000000000000000,0.000000000000000,2.152330398559570,-74.510002136230497,31.489999771118200,367.000000000000000,307.433380126953011,-103.979995727539006,53.340000152587898,"0","9","1",-25.650646209716800,"3827",-62.079078674316399,14.026051521301300,"1247",,,,,,,,,,,,,,,,,,,,,,,,,,,,,,,,,,,,,,,,,,,,,,,,,./0.png
"0","0",-0.805445075035095,1.884301543235780,2.689746618270870,15.011573791503899,1.115745425224300,315.470794677733977,300.459197998046989,1.728550314903260,-74.510002136230497,31.489999771118200,341.753326416016023,304.257415771483977,-103.979995727539006,53.329998016357401,"10","8","1",-25.651367187500000,"3827",-62.082302093505902,8.527932167053223,"1248",,,,,,,,,,,,,,,,,,,,,,,,,,,,,,,,,,,,,,,,,,,,,,,,,./0.png
"0","0",1.822095155715940,3.626422405242920,1.804327249526980,11.964447021484400,1.241445899009700,317.288024902343977,305.323608398438012,1.898385763168330,-70.459999084472699,28.909999847412099,337.371887207031023,312.336242675780966,-102.610000610352003,38.899997711181598,"10","7","1",-26.333810806274400,"3827",-65.325531005859403,4.675533771514890,"1904",,,,,,,,,,,,,,,,,,,,,,,,,,,,,,,,,,,,,,,,,,,,,,,,,./0.png
"0","0",1.712650656700130,3.464248180389400,1.751597523689270,11.804695129394499,1.241445899009700,316.934967041016023,305.130310058593977,1.898385763168330,-70.449996948242202,28.909999847412099,344.799255371093977,313.087432861328011,-102.610000610352003,38.879997253417997,"10","8","1",-26.334621429443398,"3827",-65.329635620117202,4.675533771514890,"1905",,,,,,,,,,,,,,,,,,,,,,,,,,,,,,,,,,,,,,,,,,,,,,,,,./0.png
"0","0",0.291076779365540,2.042025566101070,1.750948786735530,16.012525558471701,0.938612997531891,310.440673828125000,294.428100585938012,1.209338903427120,-79.040000915527301,34.790000915527301,352.027069091796989,297.533843994140966,-105.519996643065994,65.529998779296903,"10","8","1",-24.610738754272500,"3855",-58.069114685058601,8.742596626281740,"306",,,,,,,,,,,,,,,,,,,,,,,,,,,,,,,,,,,,,,,,,,,,,,,,,./0.png
"1","0",1.685922145843510,3.680883169174190,1.994961023330690,18.704421997070298,0.680665135383606,310.065612792968977,291.361267089843977,1.091262698173520,-80.819999694824205,36.270000457763707,346.137084960938012,290.279876708983977,-106.360000610352003,69.529998779296903,"10","8","1",-24.127941131591800,"3859",-56.328109741210902,9.412855148315430,"44",,,,,,,,,,,,,,,,,,,,,,,,,,,,,,,,,,,,,,,,,,,,,,,,,./0.png
"0","0",1.536984682083130,3.578536748886110,2.041552066802980,18.585964202880898,0.680665135383606,309.787872314453011,291.202026367188012,1.091262698173520,-80.809997558593807,36.259998321533203,330.827880859375000,291.586303710938012,-106.349998474120994,69.510002136230497,"10","8","1",-24.129987716674801,"3859",-56.335735321044901,9.412855148315430,"45",,,,,,,,,,,,,,,,,,,,,,,,,,,,,,,,,,,,,,,,,,,,,,,,,./0.png
"0","0",0.543095350265503,2.378256797790530,1.835161447525020,17.265098571777301,0.933760523796082,311.928894042968977,294.663818359375000,1.671938419342040,-78.819999694824205,34.529998779296903,355.659729003906023,297.539764404296932,-105.680000305175994,64.830001831054702,"10","8","1",-24.625078201293899,"3864",-58.367874145507798,11.267562866210900,"355",,,,,,,,,,,,,,,,,,,,,,,,,,,,,,,,,,,,,,,,,,,,,,,,,./0.png
"0","0",0.594954848289490,2.367516279220580,1.772561430931090,17.178709030151399,0.933760523796082,311.892425537108977,294.713684082031023,1.671938419342040,-78.830001831054702,34.529998779296903,345.751159667968977,298.492614746093977,-105.709999084472997,64.830001831054702,"10","8","1",-24.618766784668001,"3865",-58.369697570800803,11.267562866210900,"355",,,,,,,,,,,,,,,,,,,,,,,,,,,,,,,,,,,,,,,,,,,,,,,,,./0.png
"0","0",-0.228282690048218,1.986437082290650,2.214719772338870,17.189626693725600,0.865330159664154,311.135345458983977,293.945831298828011,1.527982592582700,-78.830001831054702,34.540000915527301,339.394226074219034,296.397521972656023,-105.159996032715014,64.849998474121094,"10","8","1",-24.623569488525401,"3880",-58.365497589111293,10.138042449951200,"353",,,,,,,,,,,,,,,,,,,,,,,,,,,,,,,,,,,,,,,,,,,,,,,,,./0.png
"0","0",-0.099998474121094,2.109401226043700,2.209399700164790,17.366775512695298,0.878880441188812,311.343048095703068,293.976348876953011,1.362999558448790,-78.830001831054702,34.529998779296903,341.717803955078011,298.174804687500057,-105.159996032715014,64.839996337890597,"10","8","1",-24.624969482421900,"3880",-58.371150970458999,14.779209136962900,"354",,,,,,,,,,,,,,,,,,,,,,,,,,,,,,,,,,,,,,,,,,,,,,,,,./0.png
"0","0",-0.372724056243896,1.957479953765870,2.330204010009770,17.240703582763700,0.865330159664154,311.023986816406023,293.783416748046989,1.527982592582700,-78.839996337890597,34.540000915527301,341.676177978516023,296.931274414061988,-105.189994812012003,64.849998474121094,"10","8","1",-24.617261886596701,"3881",-58.367355346679702,10.138042449951200,"353",,,,,,,,,,,,,,,,,,,,,,,,,,,,,,,,,,,,,,,,,,,,,,,,,./0.png
"6","0",0.000000000000000,0.000000000000000,0.000000000000000,0.000000000000000,0.830270648002625,0.000000000000000,0.000000000000000,1.380791902542110,-76.919998168945298,32.979999542236300,367.000000000000000,294.290985107421989,-104.540000915527003,59.770000457763707,"0","9","1",-25.038772583007798,"3885",-60.215732574462898,11.505299568176300,"728",,,,,,,,,,,,,,,,,,,,,,,,,,,,,,,,,,,,,,,,,,,,,,,,,./0.png
"0","0",-1.105935931205750,1.622708439826970,2.728644371032710,16.199264526367202,0.988332152366638,315.747863769531023,299.548767089843977,2.479061365127560,-74.669998168945298,31.279998779296900,353.543792724608977,305.408020019531023,-104.019996643065994,52.899997711181598,"10","8","1",-25.454530715942401,"3895",-62.273983001708999,20.245223999023398,"1282",,,,,,,,,,,,,,,,,,,,,,,,,,,,,,,,,,,,,,,,,,,,,,,,,./0.png
"0","0",-1.110066533088680,1.623622536659240,2.733689069747920,16.153476715087901,0.988332152366638,315.756195068358977,299.602874755859034,2.479061365127560,-74.669998168945298,31.279998779296900,349.217376708983977,307.441619873046989,-104.019996643065994,52.879997253417997,"10","8","1",-25.455944061279300,"3895",-62.280323028564503,20.245223999023398,"1283",,,,,,,,,,,,,,,,,,,,,,,,,,,,,,,,,,,,,,,,,,,,,,,,,./0.png
"1","0",-1.105216503143310,1.593218564987180,2.698435068130490,16.024431228637699,0.986494064331055,315.683746337891023,299.659545898438012,1.604004263877870,-74.659996032714801,31.269998550415000,334.665832519531023,308.595703125000000,-104.009994506835994,52.849998474121101,"10","7","1",-25.457355499267599,"3895",-62.286651611328097,16.727516174316399,"1284",,,,,,,,,,,,,,,,,,,,,,,,,,,,,,,,,,,,,,,,,,,,,,,,,./0.png
"0","0",-1.240512490272520,1.459267020225520,2.699779510498050,16.389150619506800,1.015960097312930,315.807098388671989,299.417907714843977,2.254231691360470,-74.669998168945298,31.289999008178700,355.377105712891023,308.884063720703068,-103.250000000000000,52.919998168945298,"10","8","1",-25.456825256347699,"3906",-62.275699615478501,16.861970901489300,"1281",,,,,,,,,,,,,,,,,,,,,,,,,,,,,,,,,,,,,,,,,,,,,,,,,./0.png
"0","0",-1.318976759910580,1.417177319526670,2.736154079437260,16.398048400878899,1.012976646423340,315.772247314453011,299.374206542968977,1.707522988319400,-74.669998168945298,31.279998779296900,336.591552734375000,308.590240478516023,-103.239997863770000,52.899997711181598,"10","7","1",-25.458194732666001,"3906",-62.282051086425803,18.864923477172901,"1282",,,,,,,,,,,,,,,,,,,,,,,,,,,,,,,,,,,,,,,,,,,,,,,,,./0.png
"1","0",-1.361443519592290,1.373491764068600,2.734935283660890,16.154462814331101,1.015960097312930,315.531951904296932,299.377563476561988,2.254231691360470,-74.680000305175795,31.279998779296900,334.833801269531023,298.695220947266023,-103.279998779297003,52.919998168945298,"10","8","1",-25.451839447021499,"3907",-62.277015686035199,16.861970901489300,"1281",,,,,,,,,,,,,,,,,,,,,,,,,,,,,,,,,,,,,,,,,,,,,,,,,./0.png
"0","0",0.413272738456726,2.316295862197880,1.903023123741150,17.635812759399400,0.751915276050568,310.186492919921989,292.550842285156023,0.893930077552795,-80.739997863769503,36.020000457763700,332.331848144531023,295.063659667968977,-105.899993896484006,69.040000915527301,"10","8","1",-24.061386108398398,"3913",-56.611621856689503,6.227270603179930,"74",,,,,,,,,,,,,,,,,,,,,,,,,,,,,,,,,,,,,,,,,,,,,,,,,./0.png
"0","0",0.758262276649475,2.158348321914670,1.400086045265200,15.634502410888700,0.826602458953857,309.688964843750000,294.054718017578011,1.013623714447020,-80.180000305175795,35.450000762939503,335.094726562499943,295.597106933593977,-105.869995117187997,67.619995117187500,"10","8","1",-24.173082351684599,"3921",-57.266864776611293,7.228336334228520,"165",,,,,,,,,,,,,,,,,,,,,,,,,,,,,,,,,,,,,,,,,,,,,,,,,./0.png
"0","0",0.069058656692505,2.461879968643190,2.392821311950680,14.910100936889600,1.013392806053160,314.605102539061988,299.695495605468977,1.196398973464970,-76.680000305175795,32.479999542236300,335.023956298828011,304.633636474608977,-104.369995117187997,58.289997100830099,"10","8","1",-24.933488845825199,"3952",-60.774333953857401,3.458151578903200,"844",,,,,,,,,,,,,,,,,,,,,,,,,,,,,,,,,,,,,,,,,,,,,,,,,./0.png
"0","0",-0.146571874618530,2.238551855087280,2.385123729705810,14.854352951049799,0.864353299140930,310.769042968750000,295.914794921875000,1.078322887420650,-78.269996643066406,33.630001068115199,332.372283935546989,298.566040039061988,-105.269996643065994,62.449996948242202,"10","8","1",-24.539218902587901,"3962",-59.384765625000000,5.423647880554200,"526",,,,,,,,,,,,,,,,,,,,,,,,,,,,,,,,,,,,,,,,,,,,,,,,,./0.png
"0","0",-0.413924217224121,2.046464204788210,2.460388422012330,17.936937332153299,0.862078070640564,312.442077636718977,294.505157470703068,1.002301335334780,-78.900001525878906,34.180000305175803,332.599578857421989,295.648223876953011,-104.849998474120994,64.150001525878906,"10","8","1",-24.411201477050799,"3973",-58.747352600097699,4.054865360260010,"402",,,,,,,,,,,,,,,,,,,,,,,,,,,,,,,,,,,,,,,,,,,,,,,,,./0.png
"0","0",-0.883647084236145,1.979074358940120,2.862721443176270,16.118038177490199,0.933356165885925,311.151367187500057,295.033355712891023,1.084792852401730,-78.269996643066406,33.630001068115199,331.326812744140966,298.874084472656023,-104.709999084472997,62.469997406005902,"10","8","1",-24.539163589477500,"3977",-59.384548187255902,3.846407413482670,"524",,,,,,,,,,,,,,,,,,,,,,,,,,,,,,,,,,,,,,,,,,,,,,,,,./0.png
"0","0",0.249963760375977,1.899232387542720,1.649268627166750,14.833633422851600,0.955240130424500,312.126251220703068,297.292663574219034,1.094497680664060,-78.639999389648395,33.880001068115199,331.315246582031023,295.579071044921989,-105.019996643065994,63.299999237060497,"10","8","1",-24.428359985351602,"3983",-59.087432861328097,3.772893905639650,"463",,,,,,,,,,,,,,,,,,,,,,,,,,,,,,,,,,,,,,,,,,,,,,,,,./0.png
"0","0",0.260614037513733,1.882683038711550,1.622069001197810,14.791850090026900,0.980641007423401,312.146484375000000,297.354644775391023,1.201251506805420,-78.639999389648395,33.869998931884801,336.744781494140966,300.822357177733977,-105.019996643065994,63.289997100830099,"10","8","1",-24.429615020751999,"3983",-59.092571258544901,5.964295864105220,"464",,,,,,,,,,,,,,,,,,,,,,,,,,,,,,,,,,,,,,,,,,,,,,,,,./0.png
"0","0",0.848644018173218,2.085313558578490,1.236669540405270,13.676659584045399,0.748005151748657,307.207427978516023,293.530731201171989,1.015241146087650,-80.439994812011719,35.360000610351598,340.607360839843977,293.296051025391023,-105.829994201660000,67.639999389648395,"10","8","1",-23.965772628784201,"3986",-57.334949493408203,10.356460571289100,"163",,,,,,,,,,,,,,,,,,,,,,,,,,,,,,,,,,,,,,,,,,,,,,,,,./0.png
"0","0",0.399663567543030,1.977076530456540,1.577412962913510,16.430650711059599,0.955798745155334,312.074157714843977,295.643646240233977,1.065383076667790,-79.049995422363295,34.119998931884801,332.729888916016023,296.355682373046989,-104.939994812012003,64.139999389648395,"10","8","1",-24.287120819091800,"4009",-58.795299530029297,3.168872833251950,"403",,,,,,,,,,,,,,,,,,,,,,,,,,,,,,,,,,,,,,,,,,,,,,,,,./0.png
"0","0",-0.190136194229126,2.326416730880740,2.516552925109860,16.341680526733398,0.719848692417145,307.662902832031023,291.321319580078011,1.029798507690430,-80.139999389648395,35.020000457763700,333.093780517578011,292.054718017578011,-105.470001220702997,66.769996643066406,"10","8","1",-24.002719879150401,"4012",-57.736614227294901,11.131181716918899,"221",,,,,,,,,,,,,,,,,,,,,,,,,,,,,,,,,,,,,,,,,,,,,,,,,./0.png
"0","0",0.716032743453979,2.206093311309810,1.490060567855830,15.381875038146999,0.945348858833313,313.513610839843977,298.131896972656023,1.613709092140200,-78.869995117187500,33.919998168945298,336.727905273438012,300.654846191406023,-105.009994506835994,63.579998016357401,"10","8","1",-24.308341979980501,"4014",-59.016986846923800,9.249897003173830,"443",,,,,,,,,,,,,,,,,,,,,,,,,,,,,,,,,,,,,,,,,,,,,,,,,./0.png
"1","0",0.816459536552429,2.264303684234620,1.447844147682190,15.170536041259799,0.927812159061432,313.286743164061988,298.116333007811988,1.527982592582700,-78.860000610351605,33.919998168945298,341.811309814453011,301.498809814453011,-105.000000000000000,63.569999694824197,"10","8","1",-24.309623718261701,"4014",-59.022220611572301,8.288291931152340,"444",,,,,,,,,,,,,,,,,,,,,,,,,,,,,,,,,,,,,,,,,,,,,,,,,./0.png
"0","0",0.645772576332092,2.138101577758790,1.492329001426700,15.393575668335000,0.945348858833313,313.620819091796989,298.227386474608977,1.613709092140200,-78.879997253417997,33.919998168945298,341.409667968750000,300.101745605468977,-105.040000915527003,63.579998016357401,"10","8","1",-24.302200317382798,"4015",-59.018714904785199,9.249897003173830,"443",,,,,,,,,,,,,,,,,,,,,,,,,,,,,,,,,,,,,,,,,,,,,,,,,./0.png
"0","0",0.764102339744568,2.205959320068360,1.441856980323790,15.156593322753899,0.927812159061432,313.388427734375000,298.231994628906023,1.527982592582700,-78.869995117187500,33.919998168945298,337.367004394531023,300.052398681641023,-105.040000915527003,63.569999694824197,"10","8","1",-24.303483963012699,"4015",-59.023948669433601,8.288291931152340,"444",,,,,,,,,,,,,,,,,,,,,,,,,,,,,,,,,,,,,,,,,,,,,,,,,./0.png
"0","0",1.179339528083800,2.672946214675900,1.493606686592100,14.865704536438001,1.269801855087280,318.890899658203011,304.025451660156023,3.645265340805050,-74.339996337890597,30.519998550415000,343.290527343750000,304.891326904296932,-103.329994201660000,50.110000610351598,"10","8","1",-25.243331909179702,"4015",-63.117073059082003,55.516784667968800,"1401",,,,,,,,,,,,,,,,,,,,,,,,,,,,,,,,,,,,,,,,,,,,,,,,,./0.png
"0","0",0.000000000000000,0.000000000000000,0.000000000000000,0.000000000000000,0.945944964885712,0.000000000000000,0.000000000000000,1.815894246101380,-78.869995117187500,33.899997711181598,367.000000000000000,299.898437500000000,-105.059997558594006,63.539997100830099,"0","9","1",-24.299924850463899,"4016",-59.036174774169901,23.976156234741200,"446",,,,,,,,,,,,,,,,,,,,,,,,,,,,,,,,,,,,,,,,,,,,,,,,,./0.png
"0","0",0.528460979461670,1.979730606079100,1.451269626617430,15.501332283020000,0.956841528415680,313.847015380859034,298.345947265625000,1.555479764938350,-78.889999389648395,33.919998168945298,338.392822265625000,297.814849853516023,-105.069999694824006,63.599998474121101,"10","8","1",-24.294773101806602,"4016",-59.015213012695298,8.284966468811040,"442",,,,,,,,,,,,,,,,,,,,,,,,,,,,,,,,,,,,,,,,,,,,,,,,,./0.png
"0","0",0.549428701400757,2.051209688186650,1.501780986785890,15.362729072570801,0.956841528415680,313.648529052733977,298.286102294921989,1.555479764938350,-78.879997253417997,33.919998168945298,344.329956054688012,299.005859375000000,-105.069999694824006,63.579998016357401,"10","8","1",-24.296060562133800,"4016",-59.020450592041001,8.284966468811040,"443",,,,,,,,,,,,,,,,,,,,,,,,,,,,,,,,,,,,,,,,,,,,,,,,,./0.png
"0","0",0.620963096618652,2.071506261825560,1.450543165206910,15.067165374755900,0.953436315059662,313.367156982421989,298.300201416016023,2.535673379898070,-78.879997253417997,33.909999847412102,334.118560791016023,299.947814941406023,-105.069999694824006,63.569999694824197,"10","8","1",-24.297349929809599,"4016",-59.025695800781200,10.925265312194799,"444",,,,,,,,,,,,,,,,,,,,,,,,,,,,,,,,,,,,,,,,,,,,,,,,,./0.png
"0","0",0.659846067428589,2.117414951324460,1.457568883895870,14.888080596923800,0.953436315059662,313.151733398438012,298.263885498046989,2.535673379898070,-78.869995117187500,33.909999847412102,344.054870605468977,300.649078369140966,-105.059997558594006,63.559997558593800,"10","8","1",-24.298635482788100,"4016",-59.030933380127003,10.925265312194799,"445",,,,,,,,,,,,,,,,,,,,,,,,,,,,,,,,,,,,,,,,,,,,,,,,,./0.png
"0","0",1.152139902114870,2.580373525619510,1.428233623504640,14.801732063293500,1.278274297714230,318.778961181641023,303.977386474608977,12.606109619140600,-74.339996337890597,30.510000228881800,349.363769531250000,322.477752685546989,-103.360000610352003,50.110000610351598,"10","7","1",-25.238569259643601,"4016",-63.118289947509801,132.371002197265994,"1401",,,,,,,,,,,,,,,,,,,,,,,,,,,,,,,,,,,,,,,,,,,,,,,,,./0.png
"0","0",0.000000000000000,0.000000000000000,0.000000000000000,0.000000000000000,0.953436315059662,0.000000000000000,0.000000000000000,2.535673379898070,-78.879997253417997,33.909999847412102,367.000000000000000,299.636566162108977,-105.099998474120994,63.559997558593800,"0","9","1",-24.292503356933601,"4017",-59.032676696777301,10.925265312194799,"445",,,,,,,,,,,,,,,,,,,,,,,,,,,,,,,,,,,,,,,,,,,,,,,,,./0.png
"0","0",0.542216539382935,1.981846332550050,1.439629793167110,15.018880844116200,0.953436315059662,313.366058349608977,298.347351074219034,2.535673379898070,-78.889999389648395,33.909999847412102,336.761657714843977,297.894592285156023,-105.099998474120994,63.569999694824197,"10","8","1",-24.291212081909201,"4017",-59.027439117431598,10.925265312194799,"444",,,,,,,,,,,,,,,,,,,,,,,,,,,,,,,,,,,,,,,,,,,,,,,,,./0.png
"0","0",1.179236173629760,2.548416376113890,1.369180202484130,14.728645324706999,1.278274297714230,318.698364257811988,303.969940185546989,12.606109619140600,-74.349998474121094,30.510000228881800,352.639526367188012,318.680084228516023,-103.399993896484006,50.110000610351598,"10","8","1",-25.233806610107401,"4017",-63.119506835937507,132.371002197265994,"1401",,,,,,,,,,,,,,,,,,,,,,,,,,,,,,,,,,,,,,,,,,,,,,,,,./0.png
"0","0",0.831311225891113,3.829720497131350,2.998409271240230,17.228807449340799,1.103393912315370,316.262268066406023,299.033325195311988,1.553862333297730,-77.040000915527301,32.419998168945298,352.022430419921989,302.883880615233977,-104.500000000000000,58.469997406005902,"10","8","1",-24.691247940063501,"4021",-60.797458648681598,8.613331794738770,"830",,,,,,,,,,,,,,,,,,,,,,,,,,,,,,,,,,,,,,,,,,,,,,,,,./0.png
"0","0",0.000000000000000,0.000000000000000,0.000000000000000,0.000000000000000,1.141943693161010,0.000000000000000,0.000000000000000,2.986950397491460,-77.049995422363295,32.419998168945298,367.000000000000000,306.825073242188012,-104.540000915527003,58.469997406005902,"0","9","1",-24.685726165771499,"4022",-60.798950195312493,8.819516181945803,"830",,,,,,,,,,,,,,,,,,,,,,,,,,,,,,,,,,,,,,,,,,,,,,,,,./0.png
"0","0",0.751881122589111,3.759030580520630,3.007149457931520,17.399633407592798,1.054060578346250,316.572448730468977,299.172668457031023,2.331870794296260,-77.049995422363295,32.419998168945298,342.567993164061988,304.142089843750000,-104.540000915527003,58.479999542236293,"10","8","1",-24.684783935546900,"4022",-60.794925689697301,24.474227905273398,"829",,,,,,,,,,,,,,,,,,,,,,,,,,,,,,,,,,,,,,,,,,,,,,,,,./0.png
"0","0",0.952002525329590,3.855049133300780,2.903046607971190,17.253763198852500,1.141943693161010,316.629486083983977,299.375549316406023,2.986950397491460,-77.040000915527301,32.409999847412102,339.145965576171989,303.147827148438012,-104.529998779297003,58.449996948242202,"10","8","1",-24.686668395996101,"4022",-60.802978515625000,8.819516181945803,"831",,,,,,,,,,,,,,,,,,,,,,,,,,,,,,,,,,,,,,,,,,,,,,,,,./0.png
"0","0",1.063211679458620,3.862817049026490,2.799605369567870,17.059696197509801,1.179091930389400,316.639343261718977,299.579467773438012,1.545774936676030,-77.040000915527301,32.409999847412102,332.467620849608977,303.586547851561988,-104.529998779297003,58.439998626708999,"10","7","1",-24.687608718872099,"4022",-60.806987762451200,6.999426364898680,"832",,,,,,,,,,,,,,,,,,,,,,,,,,,,,,,,,,,,,,,,,,,,,,,,,./0.png
"0","0",0.000000000000000,0.000000000000000,0.000000000000000,0.000000000000000,1.141943693161010,0.000000000000000,0.000000000000000,2.986950397491460,-77.049995422363295,32.409999847412102,367.000000000000000,306.205718994140966,-104.569999694824006,58.469997406005902,"0","9","1",-24.680204391479499,"4023",-60.800437927246101,8.819516181945803,"830",,,,,,,,,,,,,,,,,,,,,,,,,,,,,,,,,,,,,,,,,,,,,,,,,./0.png
"0","0",0.739326238632202,3.737580537796020,2.998254299163820,17.491561889648398,1.141943693161010,316.921875000000000,299.430175781250000,2.986950397491460,-77.049995422363295,32.409999847412102,345.916687011718977,303.170501708983977,-104.569999694824006,58.449996948242202,"10","8","1",-24.681148529052699,"4023",-60.804454803466797,8.819516181945803,"831",,,,,,,,,,,,,,,,,,,,,,,,,,,,,,,,,,,,,,,,,,,,,,,,,./0.png
"0","0",-0.091227293014526,3.477454423904420,3.568681716918950,13.121112823486300,1.299917817115780,321.226837158203011,308.105743408203011,1.456813454627990,-69.189994812011705,27.289999008178700,339.016540527343977,312.942260742188012,-102.079994201660000,29.479999542236300,"10","7","1",-26.014585494995099,"4023",-67.160110473632798,2.492997646331790,"2237",,,,,,,,,,,,,,,,,,,,,,,,,,,,,,,,,,,,,,,,,,,,,,,,,./0.png
"0","0",-0.511653423309326,2.275120973587040,2.786774396896360,15.363204956054700,0.932345271110535,311.221832275391023,295.858551025391023,1.112290024757390,-77.849998474121094,33.009998321533203,333.103668212891023,297.204711914061988,-104.919998168944986,60.649997711181598,"10","8","1",-24.498758316040000,"4025",-60.088287353515597,4.002364158630370,"661",,,,,,,,,,,,,,,,,,,,,,,,,,,,,,,,,,,,,,,,,,,,,,,,,./0.png
"0","0",0.000000000000000,0.000000000000000,0.000000000000000,0.000000000000000,1.192355275154110,0.000000000000000,0.000000000000000,2.603607416152950,-77.059997558593807,32.419998168945298,367.000000000000000,307.359222412108977,-103.919998168944986,58.489997863769503,"0","9","1",-24.683004379272500,"4036",-60.801078796386697,9.010025024414061,"828",,,,,,,,,,,,,,,,,,,,,,,,,,,,,,,,,,,,,,,,,,,,,,,,,./0.png
"0","0",0.492387056350708,3.756851196289060,3.264464139938350,18.048316955566399,1.130217194557190,317.661560058593977,299.613189697266023,2.236439228057860,-77.059997558593807,32.419998168945298,355.885589599608977,304.863342285156023,-103.919998168944986,58.500000000000000,"10","8","1",-24.682088851928700,"4036",-60.797058105468800,21.223728179931602,"827",,,,,,,,,,,,,,,,,,,,,,,,,,,,,,,,,,,,,,,,,,,,,,,,,./0.png
"0","0",0.560768127441406,3.713689565658570,3.152921438217160,17.883491516113299,1.192355275154110,317.549652099608977,299.666137695311988,2.603607416152950,-77.049995422363295,32.419998168945298,345.611480712891023,303.139312744140966,-103.909996032715014,58.469997406005902,"10","8","1",-24.683919906616200,"4036",-60.805118560791001,9.010025024414061,"829",,,,,,,,,,,,,,,,,,,,,,,,,,,,,,,,,,,,,,,,,,,,,,,,,./0.png
"0","0",0.746977090835571,3.668916940689090,2.921939849853520,17.542766571044901,1.190811276435850,317.471771240233977,299.928894042968977,1.469753265380860,-77.049995422363295,32.409999847412102,332.948242187500057,303.380096435546989,-103.909996032715014,58.459999084472699,"10","7","1",-24.684833526611300,"4036",-60.809131622314503,5.333603382110600,"830",,,,,,,,,,,,,,,,,,,,,,,,,,,,,,,,,,,,,,,,,,,,,,,,,./0.png
"0","0",0.616270780563354,3.733602046966550,3.117331266403200,17.951622009277301,1.192355275154110,317.533172607421989,299.581604003906023,2.603607416152950,-77.059997558593807,32.419998168945298,336.001312255859034,303.275360107421989,-103.949996948242003,58.489997863769503,"10","8","1",-24.677484512329102,"4037",-60.802589416503899,9.010025024414061,"828",,,,,,,,,,,,,,,,,,,,,,,,,,,,,,,,,,,,,,,,,,,,,,,,,./0.png
"0","0",-1.740963459014890,1.692437171936040,3.433400630950930,17.081123352050799,0.943725466728210,313.385040283203011,296.304046630859034,1.253010869026180,-78.129997253417997,33.069999694824197,344.160614013671989,300.177154541016023,-104.979995727539006,61.049999237060497,"10","8","1",-24.359415054321300,"4058",-59.987995147705099,7.076706886291500,"630",,,,,,,,,,,,,,,,,,,,,,,,,,,,,,,,,,,,,,,,,,,,,,,,,./0.png
"0","0",-0.834793806076050,2.190449237823490,3.025243043899540,16.407426834106399,0.918684482574463,312.917968750000000,296.510620117188012,1.322562575340270,-78.129997253417997,33.079998016357401,330.155670166016023,299.409149169921989,-104.379997253417997,61.059997558593800,"10","8","1",-24.362524032592798,"4072",-59.991130828857401,9.258696556091310,"629",,,,,,,,,,,,,,,,,,,,,,,,,,,,,,,,,,,,,,,,,,,,,,,,,./0.png
"2","0",-0.016106605529785,2.175665378570560,2.191771984100340,18.215763092041001,0.878490447998047,311.687316894531023,293.471527099608977,1.044355750083920,-79.879997253417997,34.340000152587898,339.591247558593977,295.087799072266023,-105.110000610352003,65.239997863769503,"10","8","1",-23.863479614257798,"4108",-58.481159210205099,5.243310928344730,"325",,,,,,,,,,,,,,,,,,,,,,,,,,,,,,,,,,,,,,,,,,,,,,,,,./0.png
"0","0",0.035522460937500,2.122150182724000,2.086627721786500,18.064785003662099,0.872314631938934,311.708435058593977,293.643676757811988,1.089645266532900,-79.879997253417997,34.329998016357401,330.171203613281023,296.277954101561988,-105.129997253417997,65.209999084472699,"10","8","1",-23.859956741333001,"4109",-58.494457244872997,6.854094982147220,"327",,,,,,,,,,,,,,,,,,,,,,,,,,,,,,,,,,,,,,,,,,,,,,,,,./0.png
"0","0",1.234970569610600,2.430048227310180,1.195077657699580,15.248488426208500,0.754385530948639,307.986724853516023,292.738220214843977,0.855110526084900,-82.040000915527301,35.909999847412102,334.738372802733977,294.236267089843977,-106.009994506835994,69.689994812011705,"10","8","1",-23.124076843261701,"4179",-56.640628814697301,4.703162670135500,"33",,,,,,,,,,,,,,,,,,,,,,,,,,,,,,,,,,,,,,,,,,,,,,,,,./0.png
"0","0",0.195899486541748,1.501929283142090,1.306029796600340,15.242937088012701,1.032909154891970,313.827972412108977,298.585205078125000,1.280508041381840,-77.930000305175795,32.299999237060497,330.383575439453011,304.113952636718977,-104.610000610352003,58.959999084472699,"10","7","1",-24.117856979370099,"4187",-60.828823089599602,4.899275779724120,"791",,,,,,,,,,,,,,,,,,,,,,,,,,,,,,,,,,,,,,,,,,,,,,,,,./0.png
"0","0",1.364461541175840,2.483170986175540,1.118709444999690,15.017027854919400,0.753671348094940,307.439056396483977,292.422058105468977,0.939219534397125,-82.040000915527301,35.909999847412102,335.393981933593977,291.995880126953011,-105.569999694824006,69.699996948242202,"10","8","1",-23.122505187988299,"4197",-56.641548156738303,8.663821220397949,"32",,,,,,,,,,,,,,,,,,,,,,,,,,,,,,,,,,,,,,,,,,,,,,,,,./0.png
"0","0",1.647570013999940,3.634156703948970,1.986586689949040,14.629899978637701,1.230513095855710,317.490814208983977,302.860809326171989,1.497250437736510,-74.799995422363295,29.699998855590799,332.898468017578011,306.894012451171989,-102.449996948242003,47.849998474121101,"10","7","1",-24.596670150756800,"4259",-63.910190582275398,5.565658569335940,"1499",,,,,,,,,,,,,,,,,,,,,,,,,,,,,,,,,,,,,,,,,,,,,,,,,./0.png
"0","0",1.571817755699160,3.436948060989380,1.865130305290220,14.270347595214799,1.103555679321290,317.057891845703068,302.787445068358977,1.206103920936580,-74.790000915527301,29.699998855590799,330.081359863281023,304.470916748046989,-102.449996948242003,47.829998016357401,"10","7","1",-24.597742080688501,"4259",-63.915443420410199,2.135003805160520,"1500",,,,,,,,,,,,,,,,,,,,,,,,,,,,,,,,,,,,,,,,,,,,,,,,,./0.png
"0","0",3.519985437393190,5.379917621612550,1.859932184219360,13.539863586425801,1.210032105445860,315.821533203125000,302.281494140625000,1.833686590194700,-73.040000915527301,28.489999771118200,339.872985839843977,305.744903564453011,-102.000000000000000,40.889999389648402,"10","8","1",-24.869327545166001,"4264",-65.391250610351605,9.577983856201170,"1812",,,,,,,,,,,,,,,,,,,,,,,,,,,,,,,,,,,,,,,,,,,,,,,,,./0.png
"0","0",0.000000000000000,0.000000000000000,0.000000000000000,0.000000000000000,0.951957225799561,0.000000000000000,0.000000000000000,2.073073625564580,-80.830001831054702,34.409999847412102,367.000000000000000,300.298919677733977,-105.069999694824006,66.049995422363295,"0","9","1",-23.284049987793001,"4268",-58.338443756103501,18.954799652099599,"269",,,,,,,,,,,,,,,,,,,,,,,,,,,,,,,,,,,,,,,,,,,,,,,,,./0.png
"0","0",1.259938597679140,2.409669637680050,1.149731040000920,15.049947738647500,0.951957225799561,311.081329345703068,296.031341552733977,2.073073625564580,-80.839996337890597,34.399997711181598,353.420440673828011,299.269042968750000,-105.099998474120994,66.049995422363295,"10","8","1",-23.277544021606399,"4269",-58.340259552002003,18.954799652099599,"269",,,,,,,,,,,,,,,,,,,,,,,,,,,,,,,,,,,,,,,,,,,,,,,,,./0.png
"0","0",1.507879853248600,3.022409439086910,1.514529585838320,11.744108200073200,0.925066590309143,311.666107177733977,299.922088623046989,1.204486370086670,-76.659996032714801,30.750000000000000,333.814758300780966,301.404022216796989,-103.689994812012003,53.379997253417997,"10","8","1",-24.112691879272500,"4310",-62.596038818359403,1.949562788009640,"1244",,,,,,,,,,,,,,,,,,,,,,,,,,,,,,,,,,,,,,,,,,,,,,,,,./0.png
"0","0",1.624313831329350,3.122235298156740,1.497921466827390,11.517573356628400,0.925066590309143,311.452148437500057,299.934783935546989,1.204486370086670,-76.650001525878906,30.750000000000000,336.038818359375000,300.307617187500057,-103.689994812012003,53.360000610351598,"10","8","1",-24.113399505615199,"4310",-62.599250793457003,1.949562788009640,"1245",,,,,,,,,,,,,,,,,,,,,,,,,,,,,,,,,,,,,,,,,,,,,,,,,./0.png
"0","0",0.208945870399475,1.692658662796020,1.483712792396550,14.157177925109901,0.668659090995789,305.540649414061988,291.383575439453011,0.989361464977264,-82.299995422363295,35.250000000000000,339.121795654296932,292.227996826171989,-105.549995422362997,68.659996032714801,"10","8","1",-22.669813156127901,"4369",-57.338508605957003,13.621569633483899,"97",,,,,,,,,,,,,,,,,,,,,,,,,,,,,,,,,,,,,,,,,,,,,,,,,./0.png
"0","0",2.460397720336910,6.468528747558590,4.008131027221680,15.134963989257800,1.033896088600160,314.373992919921989,299.238861083983977,1.468135833740230,-78.309997558593807,31.689998626708999,348.764801025391023,301.673797607421989,-104.220001220702997,57.669998168945298,"10","8","1",-23.617422103881800,"4377",-61.439620971679702,7.885364532470700,"892",,,,,,,,,,,,,,,,,,,,,,,,,,,,,,,,,,,,,,,,,,,,,,,,,./0.png
"0","0",3.233894348144530,7.401558399200440,4.167664051055910,15.078122138977101,1.044895052909850,315.505798339843977,300.427551269531023,1.455196022987370,-78.319999694824205,31.699998855590799,347.428955078125000,301.994537353516023,-103.559997558594006,57.699996948242202,"10","8","1",-23.617811203002901,"4390",-61.439888000488303,7.462872505187990,"890",,,,,,,,,,,,,,,,,,,,,,,,,,,,,,,,,,,,,,,,,,,,,,,,,./0.png
"0","0",0.000000000000000,0.000000000000000,0.000000000000000,0.000000000000000,1.059207201004030,0.000000000000000,0.000000000000000,2.027784347534180,-79.519996643066406,32.459999084472699,367.000000000000000,305.694854736328011,-104.180000305175994,60.689998626708999,"0","9","1",-23.252790451049801,"4430",-60.522613525390597,10.812044143676800,"657",,,,,,,,,,,,,,,,,,,,,,,,,,,,,,,,,,,,,,,,,,,,,,,,,./0.png
"0","0",1.478390693664550,4.818452835083010,3.340062141418460,19.037960052490199,1.059207201004030,318.191864013671989,299.153991699219034,2.027784347534180,-79.519996643066406,32.459999084472699,342.109313964843977,303.851928710938012,-104.180000305175994,60.709999084472699,"10","8","1",-23.251754760742202,"4430",-60.518173217773402,10.812044143676800,"656",,,,,,,,,,,,,,,,,,,,,,,,,,,,,,,,,,,,,,,,,,,,,,,,,./0.png
"0","0",-0.360506057739258,2.327520608901980,2.688026666641240,15.146099090576200,1.048197388648990,315.596405029296932,300.450256347656023,1.340354800224300,-78.449996948242202,31.479999542236300,349.828430175780966,304.066070556641023,-104.110000610352003,57.229999542236293,"10","8","1",-23.446422576904300,"4441",-61.644535064697301,5.152728080749510,"928",,,,,,,,,,,,,,,,,,,,,,,,,,,,,,,,,,,,,,,,,,,,,,,,,./0.png
"0","0",1.075942993164060,3.295529365539550,2.219586372375490,15.647274017334000,1.035344123840330,317.476409912108977,301.829132080078011,1.198016524314880,-78.459999084472699,31.489999771118200,343.877716064453011,303.448028564453011,-103.449996948242003,57.250000000000000,"10","8","1",-23.446046829223601,"4454",-61.645736694335902,2.873635053634640,"926",,,,,,,,,,,,,,,,,,,,,,,,,,,,,,,,,,,,,,,,,,,,,,,,,./0.png
"0","0",1.713578224182130,3.223878860473630,1.510300636291500,16.159149169921900,1.225109457969670,319.222351074219034,303.062988281250000,1.424463868141170,-78.540000915527301,31.510000228881800,338.680145263671989,302.977600097656023,-103.639999389647997,57.389999389648402,"10","8","1",-23.409769058227500,"4459",-61.611133575439503,3.555861949920650,"915",,,,,,,,,,,,,,,,,,,,,,,,,,,,,,,,,,,,,,,,,,,,,,,,,./0.png
"0","0",1.689207434654240,3.213700771331790,1.524493336677550,16.160062789916999,1.229004263877870,319.219482421875000,303.059143066406023,1.623414039611820,-78.529998779296889,31.510000228881800,335.497985839843977,303.371612548828011,-103.629997253417997,57.369998931884801,"10","8","1",-23.410614013671900,"4459",-61.614917755127003,3.511840105056760,"916",,,,,,,,,,,,,,,,,,,,,,,,,,,,,,,,,,,,,,,,,,,,,,,,,./0.png
"0","0",1.657930970191960,3.245598554611210,1.587667584419250,16.130952835083001,1.229004263877870,319.104339599608977,302.973144531250000,1.623414039611820,-78.529998779296889,31.510000228881800,336.487670898438012,304.529846191406023,-103.629997253417997,57.360000610351598,"10","8","1",-23.411460876464801,"4459",-61.618701934814503,3.511840105056760,"917",,,,,,,,,,,,,,,,,,,,,,,,,,,,,,,,,,,,,,,,,,,,,,,,,./0.png
"0","0",1.122733831405640,3.334687232971190,2.211953401565550,17.244804382324201,1.126645088195800,316.900268554688012,299.655548095703068,1.330649971961980,-79.909996032714801,32.649997711181598,334.078979492188012,303.640228271483977,-104.229995727539006,61.469997406005902,"10","8","1",-23.095588684081999,"4461",-60.289684295654297,4.813727378845210,"598",,,,,,,,,,,,,,,,,,,,,,,,,,,,,,,,,,,,,,,,,,,,,,,,,./0.png
"0","0",1.021976947784420,3.421629905700680,2.399652957916260,14.736085891723601,1.099754452705380,316.495117187500057,301.759094238281023,1.709140539169310,-78.559997558593807,31.399999618530298,351.016571044921989,308.440368652343977,-104.139999389647997,57.079998016357401,"10","8","1",-23.344663619995099,"4475",-61.727336883544901,5.322465419769290,"940",,,,,,,,,,,,,,,,,,,,,,,,,,,,,,,,,,,,,,,,,,,,,,,,,./0.png
"0","0",1.056484460830690,3.321943521499630,2.265459060668950,14.538558959960900,1.099754452705380,316.255432128906023,301.716888427733977,1.709140539169310,-78.559997558593807,31.389999389648398,342.460205078125000,307.874847412108977,-104.129997253417997,57.069999694824197,"10","8","1",-23.345516204833999,"4475",-61.731063842773402,5.322465419769290,"941",,,,,,,,,,,,,,,,,,,,,,,,,,,,,,,,,,,,,,,,,,,,,,,,,./0.png
"0","0",0.000000000000000,0.000000000000000,0.000000000000000,0.000000000000000,1.111013054847720,0.000000000000000,0.000000000000000,2.076308727264400,-78.569999694824205,31.399999618530298,367.000000000000000,310.819213867188012,-103.470001220702997,57.099998474121101,"0","9","1",-23.344606399536101,"4488",-61.728954315185497,8.444496154785160,"938",,,,,,,,,,,,,,,,,,,,,,,,,,,,,,,,,,,,,,,,,,,,,,,,,./0.png
"0","0",0.536591291427612,3.518983840942380,2.982392549514770,16.619585037231399,1.111013054847720,318.004791259766023,301.385192871093977,2.076308727264400,-78.569999694824205,31.399999618530298,336.019561767578011,307.598083496093977,-103.500000000000000,57.099998474121101,"10","8","1",-23.339225769043001,"4489",-61.730346679687507,8.444496154785160,"938",,,,,,,,,,,,,,,,,,,,,,,,,,,,,,,,,,,,,,,,,,,,,,,,,./0.png
"1","0",-1.053062915802000,2.361730337142940,3.414793252944950,14.515948295593301,0.946902573108673,314.845977783203011,300.330261230468977,1.817511677742000,-78.519996643066406,31.209999084472699,343.886718750000000,302.676330566406023,-104.009994506835994,56.529998779296903,"10","8","1",-23.286230087280298,"4506",-61.923206329345703,4.896507740020750,"984",,,,,,,,,,,,,,,,,,,,,,,,,,,,,,,,,,,,,,,,,,,,,,,,,./0.png
"0","0",0.000000000000000,0.000000000000000,0.000000000000000,0.000000000000000,0.946902573108673,0.000000000000000,0.000000000000000,1.817511677742000,-78.529998779296889,31.209999084472699,367.000000000000000,305.711547851561988,-104.040000915527003,56.529998779296903,"0","9","1",-23.280902862548800,"4507",-61.924556732177699,4.896507740020750,"984",,,,,,,,,,,,,,,,,,,,,,,,,,,,,,,,,,,,,,,,,,,,,,,,,./0.png
"0","0",-1.056242942810060,2.317810297012330,3.374053239822390,14.307876586914100,0.946902573108673,314.089263916016023,299.781463623046989,1.817511677742000,-78.529998779296889,31.209999084472699,332.569427490233977,304.938903808593977,-104.040000915527003,56.520000457763707,"10","8","1",-23.281726837158200,"4507",-61.928176879882798,4.896507740020750,"985",,,,,,,,,,,,,,,,,,,,,,,,,,,,,,,,,,,,,,,,,,,,,,,,,./0.png
"0","0",0.000000000000000,0.000000000000000,0.000000000000000,0.000000000000000,1.041882157325740,0.000000000000000,0.000000000000000,1.448726058006290,-78.529998779296889,31.219999313354499,367.000000000000000,304.854949951171989,-103.349998474120994,56.549999237060497,"0","9","1",-23.284090042114300,"4519",-61.924701690673800,6.875266551971440,"982",,,,,,,,,,,,,,,,,,,,,,,,,,,,,,,,,,,,,,,,,,,,,,,,,./0.png
"0","0",0.000000000000000,0.000000000000000,0.000000000000000,0.000000000000000,1.084146022796630,0.000000000000000,0.000000000000000,1.691348195075990,-78.540000915527301,31.219999313354499,367.000000000000000,305.564056396483977,-103.379997253417997,56.549999237060497,"0","9","1",-23.278762817382798,"4520",-61.926074981689503,10.261126518249499,"982",,,,,,,,,,,,,,,,,,,,,,,,,,,,,,,,,,,,,,,,,,,,,,,,,./0.png
"0","0",3.648310661315920,6.167607784271240,2.519297122955320,16.075912475585898,1.088351368904110,320.744812011718977,304.669036865233977,2.715213775634770,-76.699996948242202,29.170000076293899,348.335296630859034,309.079620361328011,-103.059997558594006,48.039997100830099,"10","8","1",-23.363636016845700,"4633",-64.255622863769503,34.249088287353501,"1491",,,,,,,,,,,,,,,,,,,,,,,,,,,,,,,,,,,,,,,,,,,,,,,,,./0.png
"0","0",3.473752975463870,5.605601787567140,2.131848812103270,18.278856277465799,1.123612403869630,323.731567382811988,305.452545166016023,2.401422262191770,-76.709999084472699,29.179998397827099,345.180664062499943,309.413024902343977,-102.159996032715014,48.079998016357401,"10","8","1",-23.365524291992202,"4642",-64.252647399902301,26.960933685302699,"1489",,,,,,,,,,,,,,,,,,,,,,,,,,,,,,,,,,,,,,,,,,,,,,,,,./0.png
"0","0",0.229558348655701,1.356673955917360,1.127115607261660,13.512701988220201,1.439988613128660,328.206542968750000,314.693878173828011,2.276876211166380,-71.639999389648395,25.559999465942401,344.115081787108977,316.038330078125000,-100.459999084472997,24.189998626708999,"10","7","1",-24.041603088378899,"4680",-68.569099426269503,5.861898899078370,"2407",,,,,,,,,,,,,,,,,,,,,,,,,,,,,,,,,,,,,,,,,,,,,,,,,./0.png
"0","0",0.332988023757935,1.448472499847410,1.115484476089480,13.581876754760700,1.439988613128660,328.172088623046989,314.590087890625000,2.276876211166380,-71.650001525878906,25.559999465942401,355.320373535156023,316.747558593750000,-100.529998779297003,24.189998626708999,"10","8","1",-24.038015365600600,"4681",-68.569808959960895,5.861898899078370,"2407",,,,,,,,,,,,,,,,,,,,,,,,,,,,,,,,,,,,,,,,,,,,,,,,,./0.png
"0","0",0.429625391960144,1.553725957870480,1.124100565910340,13.603651046752899,1.427419185638430,328.036041259766023,314.432312011718977,2.373925209045410,-71.639999389648395,25.559999465942401,352.499572753906023,316.229522705078011,-100.529998779297003,24.159999847412099,"10","8","1",-24.038778305053700,"4681",-68.574195861816406,6.621030330657960,"2408",,,,,,,,,,,,,,,,,,,,,,,,,,,,,,,,,,,,,,,,,,,,,,,,,./0.png
"0","0",0.562912464141846,1.690752148628230,1.127839684486390,13.615303039550801,1.427419185638430,327.877441406250000,314.262084960938012,2.373925209045410,-71.629997253417997,25.549999237060501,356.031677246093977,316.533874511718977,-100.529998779297003,24.129999160766602,"10","8","1",-24.039543151855501,"4681",-68.578598022460895,6.621030330657960,"2409",,,,,,,,,,,,,,,,,,,,,,,,,,,,,,,,,,,,,,,,,,,,,,,,,./0.png
"0","0",0.712778806686401,1.827140212059020,1.114361405372620,13.622225761413601,1.419151902198790,327.708679199219034,314.086334228516023,1.828834056854250,-71.629997253417997,25.549999237060501,346.333190917968977,315.164520263671989,-100.529998779297003,24.100000381469702,"10","8","1",-24.040307998657202,"4681",-68.583000183105497,5.724158287048340,"2410",,,,,,,,,,,,,,,,,,,,,,,,,,,,,,,,,,,,,,,,,,,,,,,,,./0.png
"0","0",0.357926249504089,1.452503085136410,1.094576835632320,13.553852081298800,1.435017943382260,328.045989990233977,314.491912841796989,1.992199659347530,-71.650001525878906,25.559999465942401,345.854614257811988,316.906982421875000,-100.599998474120994,24.189998626708999,"10","7","1",-24.034425735473601,"4682",-68.570510864257798,7.805451869964600,"2407",,,,,,,,,,,,,,,,,,,,,,,,,,,,,,,,,,,,,,,,,,,,,,,,,./0.png
"0","0",0.470546722412109,1.570518255233760,1.099971532821660,13.571934700012200,1.423069477081300,327.898712158203011,314.326599121093977,2.322165727615360,-71.650001525878906,25.559999465942401,354.947357177733977,316.551879882811988,-100.599998474120994,24.159999847412099,"10","8","1",-24.035190582275401,"4682",-68.574897766113295,6.289387702941890,"2408",,,,,,,,,,,,,,,,,,,,,,,,,,,,,,,,,,,,,,,,,,,,,,,,,./0.png
"0","0",0.579580903053284,1.677426218986510,1.097845315933230,13.554438591003400,1.423069477081300,327.709045410156023,314.154388427733977,2.322165727615360,-71.639999389648395,25.549999237060501,341.799194335938012,316.423034667968977,-100.599998474120994,24.129999160766602,"10","7","1",-24.035953521728501,"4682",-68.579292297363295,6.289387702941890,"2409",,,,,,,,,,,,,,,,,,,,,,,,,,,,,,,,,,,,,,,,,,,,,,,,,./0.png
"0","0",0.690858483314514,1.778944015502930,1.088085532188420,13.527645111084000,1.418733596801760,327.507507324219034,313.979675292968977,1.767369866371150,-71.629997253417997,25.549999237060501,342.746337890625000,314.779113769531023,-100.599998474120994,24.100000381469702,"10","7","1",-24.036722183227500,"4682",-68.583702087402301,4.871213436126710,"2410",,,,,,,,,,,,,,,,,,,,,,,,,,,,,,,,,,,,,,,,,,,,,,,,,./0.png
"0","0",0.520707130432129,1.624118804931640,1.103411674499510,13.490839958190900,1.421464681625370,327.611968994140966,314.120941162108977,2.187914848327640,-71.659996032714801,25.549999237060501,352.853729248046989,314.677368164061988,-100.739997863770000,24.159999847412099,"10","8","1",-24.028013229370099,"4684",-68.576309204101605,5.361497402191160,"2408",,,,,,,,,,,,,,,,,,,,,,,,,,,,,,,,,,,,,,,,,,,,,,,,,./0.png
"0","0",0.648538470268250,1.751075983047490,1.102537512779240,13.496205329895000,1.421464681625370,327.468627929688012,313.972229003906023,2.187914848327640,-71.650001525878906,25.549999237060501,350.167602539061988,314.922454833983977,-100.739997863770000,24.129999160766602,"10","8","1",-24.028778076171900,"4684",-68.580711364746094,5.361497402191160,"2409",,,,,,,,,,,,,,,,,,,,,,,,,,,,,,,,,,,,,,,,,,,,,,,,,./0.png
"0","0",0.963564276695251,2.102372407913210,1.138808131217960,13.386273384094199,1.455349922180180,326.657409667968977,313.271087646483977,2.202472209930420,-71.650001525878906,25.529998779296900,342.968322753906023,314.797363281250000,-100.869995117187997,24.029998779296900,"10","7","1",-24.023935317993200,"4686",-68.595481872558594,5.212670803070070,"2412",,,,,,,,,,,,,,,,,,,,,,,,,,,,,,,,,,,,,,,,,,,,,,,,,./0.png
"0","0",1.024228096008300,3.081741571426390,2.057513475418090,16.469127655029300,0.927203953266144,317.736999511718977,301.268005371093977,1.162431955337520,-79.739997863769503,31.340000152587901,337.564605712891023,303.147827148438012,-103.639999389647997,57.919998168945298,"10","8","1",-22.644630432128899,"4687",-61.697193145752003,4.342389106750490,"872",,,,,,,,,,,,,,,,,,,,,,,,,,,,,,,,,,,,,,,,,,,,,,,,,./0.png
"0","0",0.856637954711914,2.028211593627930,1.171573638916020,13.350127220153800,1.429828286170960,326.630584716796989,313.280548095703068,1.739872694015500,-71.659996032714801,25.539999008178700,343.674224853516023,314.225250244140966,-100.949996948242003,24.059999465942401,"10","7","1",-24.019567489623999,"4687",-68.591705322265597,4.332000732421881,"2411",,,,,,,,,,,,,,,,,,,,,,,,,,,,,,,,,,,,,,,,,,,,,,,,,./0.png
"0","0",0.918368697166443,2.077886581420900,1.159517884254460,13.330651283264199,1.455349922180180,326.472290039061988,313.141754150391023,2.202472209930420,-71.650001525878906,25.529998779296900,355.597290039061988,315.502197265625000,-100.949996948242003,24.029998779296900,"10","8","1",-24.020353317260700,"4687",-68.596199035644503,5.212670803070070,"2412",,,,,,,,,,,,,,,,,,,,,,,,,,,,,,,,,,,,,,,,,,,,,,,,,./0.png
"0","0",0.922109127044678,3.130143642425540,2.208034515380860,16.596458435058601,1.104741811752320,317.656677246093977,301.060424804688012,1.257863283157350,-79.750000000000000,31.340000152587901,330.362152099608977,303.244201660156023,-103.669998168944986,57.919998168945298,"10","7","1",-22.639156341552699,"4688",-61.698574066162102,2.826674461364750,"872",,,,,,,,,,,,,,,,,,,,,,,,,,,,,,,,,,,,,,,,,,,,,,,,,./0.png
"0","0",0.515616536140442,1.712901115417480,1.197284579277040,13.296300888061500,1.427273750305180,327.047607421875000,313.751129150391023,2.509793519973750,-71.689994812011705,25.549999237060501,350.967590332031023,315.187896728516023,-101.019996643065994,24.189998626708999,"10","8","1",-24.012886047363299,"4688",-68.574714660644503,7.582406044006350,"2407",,,,,,,,,,,,,,,,,,,,,,,,,,,,,,,,,,,,,,,,,,,,,,,,,./0.png
"0","0",0.715095877647400,1.892400383949280,1.177304506301880,13.305959701538100,1.428358316421510,326.779754638671989,313.473663330078011,2.349663019180300,-71.680000305175795,25.539999008178700,350.907623291016023,314.408355712891023,-101.019996643065994,24.129999160766602,"10","8","1",-24.014425277710000,"4688",-68.583526611328097,6.444741249084470,"2409",,,,,,,,,,,,,,,,,,,,,,,,,,,,,,,,,,,,,,,,,,,,,,,,,./0.png
"0","0",0.832866907119751,2.001046657562260,1.168179750442500,13.301297187805201,1.443560481071470,326.459289550780966,313.157989501953011,1.801336884498600,-71.669998168945298,25.529998779296900,339.560028076171989,313.902954101561988,-101.019996643065994,24.059999465942401,"10","7","1",-24.015981674194300,"4688",-68.592414855957003,4.998921394348140,"2411",,,,,,,,,,,,,,,,,,,,,,,,,,,,,,,,,,,,,,,,,,,,,,,,,./0.png
"0","0",0.000000000000000,0.000000000000000,0.000000000000000,0.000000000000000,1.461203694343570,0.000000000000000,0.000000000000000,2.145860433578490,-71.659996032714801,25.529998779296900,357.261779785156023,315.102081298828011,-101.019996643065994,24.029998779296900,"0","7","1",-24.016769409179702,"4688",-68.596916198730497,9.553697586059570,"2412",,,,,,,,,,,,,,,,,,,,,,,,,,,,,,,,,,,,,,,,,,,,,,,,,./0.png
"0","0",0.709227442741394,1.875638127326970,1.166410684585570,13.252933502197299,1.428358316421510,326.612091064453011,313.359191894531023,2.349663019180300,-71.680000305175795,25.539999008178700,357.607391357421989,315.795104980468977,-101.089996337890994,24.129999160766602,"10","8","1",-24.010839462280298,"4689",-68.584220886230497,6.444741249084470,"2409",,,,,,,,,,,,,,,,,,,,,,,,,,,,,,,,,,,,,,,,,,,,,,,,,./0.png
"0","0",0.000000000000000,0.000000000000000,0.000000000000000,0.000000000000000,1.427273750305180,0.000000000000000,0.000000000000000,2.509793519973750,-71.699996948242202,25.549999237060501,358.184234619140966,314.779113769531023,-101.099998474120994,24.189998626708999,"0","7","1",-24.009296417236300,"4689",-68.575416564941406,7.582406044006350,"2407",,,,,,,,,,,,,,,,,,,,,,,,,,,,,,,,,,,,,,,,,,,,,,,,,./0.png
"0","0",2.448297500610350,4.088448524475101,1.640151143074040,14.786808967590300,1.232612729072570,316.267974853516023,301.481353759766023,1.777074694633480,-77.049995422363295,29.139999389648398,336.477661132811988,309.003601074219034,-102.769996643065994,48.329998016357401,"10","7","1",-23.178104400634801,"4690",-64.246643066406193,5.808764457702640,"1478",,,,,,,,,,,,,,,,,,,,,,,,,,,,,,,,,,,,,,,,,,,,,,,,,./0.png
"0","0",0.387968301773071,1.584934353828430,1.196966052055360,13.140755653381300,1.435433864593510,326.974182128906023,313.833465576171989,1.900003314018250,-71.709999084472699,25.549999237060501,348.545928955078011,314.416198730468977,-101.169998168944986,24.250000000000000,"10","8","1",-24.004163742065401,"4690",-68.567314147949205,6.516625881195070,"2405",,,,,,,,,,,,,,,,,,,,,,,,,,,,,,,,,,,,,,,,,,,,,,,,,./0.png
"0","0",0.559592843055725,1.737347006797790,1.177754163742070,13.200997352600099,1.424834728240970,326.744354248046989,313.543426513671989,2.406274795532230,-71.699996948242202,25.539999008178700,354.385650634766023,314.909423828125000,-101.169998168944986,24.189998626708999,"10","8","1",-24.005706787109400,"4690",-68.576126098632798,6.874402999877930,"2407",,,,,,,,,,,,,,,,,,,,,,,,,,,,,,,,,,,,,,,,,,,,,,,,,./0.png
"0","0",0.605304241180420,1.771704196929930,1.166399955749510,13.178609848022500,1.425262093544010,326.583587646483977,313.405090332031023,2.265553951263430,-71.699996948242202,25.539999008178700,340.777587890625000,313.826843261718977,-101.159996032715014,24.159999847412099,"10","7","1",-24.006477355956999,"4690",-68.580520629882798,5.878037452697750,"2408",,,,,,,,,,,,,,,,,,,,,,,,,,,,,,,,,,,,,,,,,,,,,,,,,./0.png
"0","0",0.000000000000000,0.000000000000000,0.000000000000000,0.000000000000000,1.425262093544010,0.000000000000000,0.000000000000000,2.265553951263430,-71.689994812011705,25.539999008178700,357.264709472656023,315.265899658203011,-101.159996032715014,24.129999160766602,"0","7","1",-24.007251739501999,"4690",-68.584930419921903,5.878037452697750,"2409",,,,,,,,,,,,,,,,,,,,,,,,,,,,,,,,,,,,,,,,,,,,,,,,,./0.png
"0","0",2.421428203582760,3.974632263183590,1.553203940391540,14.699291229248001,1.232612729072570,316.239959716796989,301.540863037108977,1.777074694633480,-77.049995422363295,29.139999389648398,336.397552490233977,308.008941650391023,-102.799995422362997,48.329998016357401,"10","7","1",-23.173482894897500,"4691",-64.247840881347699,5.808764457702640,"1478",,,,,,,,,,,,,,,,,,,,,,,,,,,,,,,,,,,,,,,,,,,,,,,,,./0.png
"0","0",0.495674610137939,1.636644840240480,1.140970230102540,13.097565650939901,1.424834728240970,326.525360107421989,313.427825927733977,2.406274795532230,-71.709999084472699,25.539999008178700,339.862060546875000,314.044525146483977,-101.239997863770000,24.189998626708999,"10","7","1",-24.002117156982401,"4691",-68.576820373535199,6.874402999877930,"2407",,,,,,,,,,,,,,,,,,,,,,,,,,,,,,,,,,,,,,,,,,,,,,,,,./0.png
"0","0",0.358536243438721,2.795482397079470,2.436946153640750,18.894256591796900,1.056486845016480,313.163543701171989,294.269042968750000,1.202868938446040,-80.970001220703111,32.250000000000000,334.814941406250000,296.409484863281023,-103.989997863770000,61.279998779296903,"10","8","1",-22.300760269165000,"4718",-60.638698577880902,3.407584905624390,"612",,,,,,,,,,,,,,,,,,,,,,,,,,,,,,,,,,,,,,,,,,,,,,,,,./0.png
"0","0",1.396076202392580,3.469392299652100,2.073316097259520,17.831684112548800,1.021710991859440,315.083343505859034,297.251708984375000,1.390496730804440,-80.619995117187500,31.920000076293899,346.662414550780966,299.409149169921989,-103.949996948242003,60.159999847412102,"10","8","1",-22.370048522949201,"4721",-61.019428253173800,7.933997631073000,"697",,,,,,,,,,,,,,,,,,,,,,,,,,,,,,,,,,,,,,,,,,,,,,,,,./0.png
"0","0",1.323451042175290,3.478656768798830,2.155205726623540,17.922315597534201,1.053720116615300,315.123352050780966,297.201049804688012,1.225513696670530,-80.619995117187500,31.909999847412099,335.601684570311988,295.639221191406023,-103.949996948242003,60.149997711181598,"10","8","1",-22.371034622192401,"4721",-61.023731231689503,3.689188241958620,"698",,,,,,,,,,,,,,,,,,,,,,,,,,,,,,,,,,,,,,,,,,,,,,,,,./0.png
"0","0",0.000000000000000,0.000000000000000,0.000000000000000,0.000000000000000,1.057010293006900,0.000000000000000,0.000000000000000,2.470973968505860,-80.629997253417997,31.909999847412099,367.000000000000000,299.973968505859034,-103.979995727539006,60.159999847412102,"0","9","1",-22.364326477050799,"4722",-61.020904541015597,15.209894180297900,"697",,,,,,,,,,,,,,,,,,,,,,,,,,,,,,,,,,,,,,,,,,,,,,,,,./0.png
"0","0",0.000000000000000,0.000000000000000,0.000000000000000,0.000000000000000,1.100872516632080,0.000000000000000,0.000000000000000,2.464504241943360,-80.629997253417997,31.909999847412099,367.000000000000000,292.029937744140966,-103.979995727539006,60.149997711181598,"0","9","1",-22.365314483642599,"4722",-61.025199890136697,14.641682624816900,"698",,,,,,,,,,,,,,,,,,,,,,,,,,,,,,,,,,,,,,,,,,,,,,,,,./0.png
"0","0",0.000000000000000,0.000000000000000,0.000000000000000,0.000000000000000,1.100872516632080,0.000000000000000,0.000000000000000,2.464504241943360,-80.619995117187500,31.909999847412099,367.000000000000000,291.228302001953011,-103.979995727539006,60.139999389648402,"0","9","1",-22.366302490234400,"4722",-61.029502868652301,14.641682624816900,"699",,,,,,,,,,,,,,,,,,,,,,,,,,,,,,,,,,,,,,,,,,,,,,,,,./0.png
"0","0",1.321687221527100,3.465096473693850,2.143409252166750,17.841138839721701,1.057010293006900,315.068176269531023,297.227142333983977,2.470973968505860,-80.629997253417997,31.920000076293899,331.953094482421989,299.557891845703068,-103.979995727539006,60.180000305175803,"10","8","1",-22.363334655761701,"4722",-61.016593933105497,15.209894180297900,"696",,,,,,,,,,,,,,,,,,,,,,,,,,,,,,,,,,,,,,,,,,,,,,,,,./0.png
"0","0",-0.166969537734985,2.682590484619140,2.849560022354130,18.062263488769499,0.924176990985870,313.441925048828011,295.379791259766023,1.364616990089420,-80.459999084472699,31.639999389648398,340.032104492188012,300.657745361328011,-103.709999084472997,59.309997558593800,"10","8","1",-22.350196838378899,"4750",-61.328563690185497,8.930717468261722,"763",,,,,,,,,,,,,,,,,,,,,,,,,,,,,,,,,,,,,,,,,,,,,,,,,./0.png
"0","0",2.070423603057860,3.059993267059330,0.989569604396820,10.537928581237800,1.070543766021730,313.042114257811988,302.504302978516023,1.414758920669560,-77.650001525878906,28.989999771118200,341.657958984375000,304.843750000000000,-102.409996032715014,48.369998931884801,"10","8","1",-22.799974441528299,"4811",-64.358215332031193,7.361334800720210,"1476",,,,,,,,,,,,,,,,,,,,,,,,,,,,,,,,,,,,,,,,,,,,,,,,,./0.png
"0","0",1.569319009780880,3.616269350051880,2.046950340271000,19.267869949340799,0.920307457447052,315.099121093750000,295.831115722656023,1.167284369468690,-82.099998474121094,32.729999542236300,333.307678222656023,298.033294677733977,-103.819999694824006,63.250000000000000,"10","8","1",-21.797340393066399,"4836",-60.062484741210902,6.662971019744870,"466",,,,,,,,,,,,,,,,,,,,,,,,,,,,,,,,,,,,,,,,,,,,,,,,,./0.png
"1","0",0.461427211761475,3.741276264190670,3.279849052429200,19.001550674438501,0.873334109783173,312.424621582031023,293.423126220703068,1.320945024490360,-81.199996948242202,31.670000076293899,354.557800292968977,295.386413574219034,-104.069999694824006,59.959999084472699,"10","8","1",-21.937128067016602,"4857",-61.237644195556598,9.490559577941889,"713",,,,,,,,,,,,,,,,,,,,,,,,,,,,,,,,,,,,,,,,,,,,,,,,,./0.png
"0","0",0.532870292663574,3.402343273162840,2.869472980499270,18.986318588256800,0.973321378231049,313.135803222656023,294.149627685546989,2.074691295623780,-81.199996948242202,31.659999847412099,342.048339843750000,298.074584960938012,-104.099998474120994,59.930000305175803,"10","8","1",-21.933383941650401,"4858",-61.247554779052699,11.654876708984400,"715",,,,,,,,,,,,,,,,,,,,,,,,,,,,,,,,,,,,,,,,,,,,,,,,,./0.png
"1","0",0.000000000000000,0.000000000000000,0.000000000000000,0.000000000000000,0.882954418659210,0.000000000000000,0.000000000000000,1.377556920051570,-83.529998779296889,33.880001068115199,367.000000000000000,294.576385498046989,-105.019996643065994,66.699996948242202,"0","9","1",-21.327966690063501,"4859",-58.753841400146499,17.672031402587901,"225",,,,,,,,,,,,,,,,,,,,,,,,,,,,,,,,,,,,,,,,,,,,,,,,,./0.png
"0","0",0.000000000000000,0.000000000000000,0.000000000000000,0.000000000000000,1.044221043586730,0.000000000000000,0.000000000000000,1.895150780677800,-81.199996948242202,31.659999847412099,367.000000000000000,298.283782958983977,-104.129997253417997,59.919998168945298,"0","9","1",-21.928663253784201,"4859",-61.253223419189503,17.976804733276399,"716",,,,,,,,,,,,,,,,,,,,,,,,,,,,,,,,,,,,,,,,,,,,,,,,,./0.png
"0","0",0.468711614608765,3.436649084091190,2.967937469482420,19.273588180541999,0.973321378231049,313.594848632811988,294.321380615233977,2.074691295623780,-81.199996948242202,31.659999847412099,354.204010009766023,297.681823730468977,-104.129997253417997,59.930000305175803,"10","8","1",-21.927682876586900,"4859",-61.248989105224602,11.654876708984400,"715",,,,,,,,,,,,,,,,,,,,,,,,,,,,,,,,,,,,,,,,,,,,,,,,,./0.png
"0","0",0.622308015823364,3.659686326980590,3.037378311157230,18.604101181030298,0.893424689769745,313.275421142578011,294.671264648438012,1.308005213737490,-81.199996948242202,31.679998397827099,343.441497802733977,293.161132812499943,-103.459999084472997,59.989997863769503,"10","8","1",-21.936468124389599,"4871",-61.234134674072301,4.403089046478270,"710",,,,,,,,,,,,,,,,,,,,,,,,,,,,,,,,,,,,,,,,,,,,,,,,,./0.png
"1","0",0.750856161117554,3.715658187866210,2.964802026748660,18.559595108032202,0.893424689769745,313.375610351561988,294.815979003906023,1.308005213737490,-81.199996948242202,31.679998397827099,340.551055908203011,294.709747314453011,-103.449996948242003,59.979999542236293,"10","8","1",-21.937421798706101,"4871",-61.238403320312493,4.403089046478270,"711",,,,,,,,,,,,,,,,,,,,,,,,,,,,,,,,,,,,,,,,,,,,,,,,,./0.png
"0","0",0.784528732299805,3.641273021698000,2.856744289398190,18.615398406982401,0.945843577384949,313.690917968750000,295.075378417968977,2.260701417922970,-81.199996948242202,31.670000076293899,338.521636962891023,298.289672851561988,-103.479995727539006,59.949996948242202,"10","8","1",-21.933626174926800,"4872",-61.248355865478501,13.939268112182599,"713",,,,,,,,,,,,,,,,,,,,,,,,,,,,,,,,,,,,,,,,,,,,,,,,,./0.png
"0","0",0.000000000000000,0.000000000000000,0.000000000000000,0.000000000000000,0.945843577384949,0.000000000000000,0.000000000000000,2.260701417922970,-81.209999084472699,31.670000076293899,367.000000000000000,298.806671142578011,-103.519996643065994,59.949996948242202,"0","9","1",-21.927928924560501,"4873",-61.249809265136697,13.939268112182599,"713",,,,,,,,,,,,,,,,,,,,,,,,,,,,,,,,,,,,,,,,,,,,,,,,,./0.png
"0","0",0.793071985244751,3.538923263549800,2.745851278305050,18.525825500488299,0.994052231311798,313.735046386718977,295.209075927733977,1.744725108146670,-81.199996948242202,31.659999847412099,349.043273925780966,297.498321533203011,-103.509994506835994,59.939998626708999,"10","8","1",-21.928880691528299,"4873",-61.254051208496101,15.887487411499000,"714",,,,,,,,,,,,,,,,,,,,,,,,,,,,,,,,,,,,,,,,,,,,,,,,,./0.png
"0","0",0.894100069999695,2.418010234832760,1.523910164833070,16.701633453369102,0.862889885902405,310.454223632811988,293.752746582031023,1.151109576225280,-83.529998779296889,33.889999389648402,338.452545166016023,295.323150634766023,-104.509994506835994,66.720001220703097,"10","8","1",-21.331789016723601,"4875",-58.750247955322301,10.324353218078601,"223",,,,,,,,,,,,,,,,,,,,,,,,,,,,,,,,,,,,,,,,,,,,,,,,,./0.png
"0","0",1.118103981018070,4.017490863800050,2.899386882781980,18.713253021240199,0.968536376953125,313.294403076171989,294.581115722656023,1.269185662269590,-82.309997558593807,32.619998931884801,339.141326904296932,298.633575439453011,-104.180000305175994,63.129997253417997,"10","8","1",-21.628784179687500,"4881",-60.164768218994098,8.042624473571779,"475",,,,,,,,,,,,,,,,,,,,,,,,,,,,,,,,,,,,,,,,,,,,,,,,,./0.png
"0","0",1.703242897987370,3.603678941726680,1.900436043739320,19.215106964111300,1.075087904930110,315.885253906250000,296.670227050780966,1.283743023872380,-82.849998474121094,32.779998779296903,340.497314453125000,300.084320068358977,-104.279998779297003,63.849998474121101,"10","8","1",-21.352329254150401,"4947",-59.968616485595703,5.902250766754150,"422",,,,,,,,,,,,,,,,,,,,,,,,,,,,,,,,,,,,,,,,,,,,,,,,,./0.png
"0","0",0.399206876754761,3.359631299972530,2.960424423217770,20.056152343750000,0.830129444599152,315.197235107421989,295.141082763671989,1.131699800491330,-81.680000305175795,31.629999160766602,333.694885253906023,298.227813720703068,-103.299995422362997,60.189998626708999,"10","8","1",-21.635747909545898,"4964",-61.265975952148402,6.499824047088620,"694",,,,,,,,,,,,,,,,,,,,,,,,,,,,,,,,,,,,,,,,,,,,,,,,,./0.png
"0","0",2.789001703262330,4.224702835083010,1.435701131820680,12.720229148864700,0.939017415046692,309.567321777343977,296.847167968750000,1.430933713912960,-79.830001831054702,29.500000000000000,342.523040771483977,297.752777099608977,-102.829994201660000,52.289997100830099,"10","8","1",-21.860500335693398,"5041",-63.646289825439503,12.941671371460000,"1307",,,,,,,,,,,,,,,,,,,,,,,,,,,,,,,,,,,,,,,,,,,,,,,,,./0.png
"0","0",0.000000000000000,0.000000000000000,0.000000000000000,0.000000000000000,0.876137733459473,0.000000000000000,0.000000000000000,1.243305921554570,-84.659996032714801,34.069999694824197,367.000000000000000,295.470733642578011,-104.829994201660000,67.729995727539105,"0","9","1",-20.655183792114300,"5046",-58.521266937255902,14.344998359680201,"156",,,,,,,,,,,,,,,,,,,,,,,,,,,,,,,,,,,,,,,,,,,,,,,,,./0.png
"0","0",0.726615130901337,1.361870288848880,0.635255157947540,14.029332160949700,0.748356699943542,306.066802978516023,292.037261962891023,0.947306931018829,-84.889999389648395,34.299999237060497,348.466156005859034,293.179534912108977,-104.979995727539006,68.319999694824205,"10","8","1",-20.577810287475600,"5048",-58.268917083740199,8.190755844116209,"118",,,,,,,,,,,,,,,,,,,,,,,,,,,,,,,,,,,,,,,,,,,,,,,,,./0.png
"0","0",1.131852626800540,1.943035602569580,0.811183035373688,14.768496513366699,0.871083140373230,308.199371337891023,293.430938720703068,1.345207214355470,-84.659996032714801,34.079998016357401,356.087463378906023,294.640045166016023,-104.349998474120994,67.760002136230497,"10","8","1",-20.654787063598601,"5063",-58.517715454101598,9.286979675292971,"154",,,,,,,,,,,,,,,,,,,,,,,,,,,,,,,,,,,,,,,,,,,,,,,,,./0.png
"0","0",1.051850080490110,1.857890129089360,0.806040108203888,14.759822845459000,0.871083140373230,308.237426757811988,293.477691650391023,1.345207214355470,-84.659996032714801,34.069999694824197,333.507263183593977,293.843353271483977,-104.349998474120994,67.739997863769503,"10","8","1",-20.656377792358398,"5063",-58.524311065673800,9.286979675292971,"155",,,,,,,,,,,,,,,,,,,,,,,,,,,,,,,,,,,,,,,,,,,,,,,,,./0.png
"0","0",0.575936913490295,1.135195851325990,0.559258937835693,13.245889663696300,0.763491749763489,305.792297363281023,292.546478271483977,1.033033490180970,-85.029998779296889,34.229999542236300,345.412384033203011,295.422576904296932,-105.019996643065994,68.260002136230497,"10","8","1",-20.465215682983398,"5083",-58.338626861572301,11.035020828247101,"122",,,,,,,,,,,,,,,,,,,,,,,,,,,,,,,,,,,,,,,,,,,,,,,,,./0.png
"0","0",0.609370470046997,3.086880445480350,2.477509975433350,18.114309310913100,1.113160967826840,316.192352294921989,298.078247070311988,1.579742074012760,-82.150001525878906,31.309999465942401,355.946380615233977,300.937744140625000,-103.899993896484006,59.649997711181598,"10","8","1",-21.242061614990199,"5083",-61.578853607177699,9.681434631347660,"736",,,,,,,,,,,,,,,,,,,,,,,,,,,,,,,,,,,,,,,,,,,,,,,,,./0.png
"0","0",-0.168900012969971,1.376758694648740,1.545658707618710,16.978507995605501,1.990837693214420,333.923645019531023,316.945007324219034,2.917398691177370,-73.409996032714801,24.489999771118200,351.866973876953011,317.271514892578011,-99.849998474121094,20.459999084472699,"10","8","1",-22.791248321533200,"5094",-69.462326049804702,3.016297578811650,"2528",,,,,,,,,,,,,,,,,,,,,,,,,,,,,,,,,,,,,,,,,,,,,,,,,./0.png
"0","0",-0.138458132743835,1.410842061042790,1.549300193786620,17.014707565307599,1.990837693214420,333.815673828125000,316.800750732421989,2.917398691177370,-73.400001525878906,24.489999771118200,354.867126464843977,317.471343994140966,-99.839996337890597,20.430000305175799,"10","8","1",-22.791959762573200,"5094",-69.466537475585895,3.016297578811650,"2529",,,,,,,,,,,,,,,,,,,,,,,,,,,,,,,,,,,,,,,,,,,,,,,,,./0.png
"0","0",-0.103026747703552,1.434340834617610,1.537367582321170,17.052932739257798,1.983130335807800,333.727172851561988,316.674102783203011,3.153551101684570,-73.400001525878906,24.479999542236300,356.626220703125000,317.358642578125000,-99.839996337890597,20.399999618530298,"10","8","1",-22.792669296264599,"5094",-69.470764160156193,3.806021451950070,"2530",,,,,,,,,,,,,,,,,,,,,,,,,,,,,,,,,,,,,,,,,,,,,,,,,./0.png
"0","0",-0.075277805328369,1.447264909744260,1.522542715072630,17.085174560546900,1.983130335807800,333.642913818358977,316.557678222656023,3.153551101684570,-73.389999389648395,24.479999542236300,350.031188964843977,316.304351806641023,-99.839996337890597,20.369998931884801,"10","8","1",-22.793382644653299,"5094",-69.474975585937500,3.806021451950070,"2531",,,,,,,,,,,,,,,,,,,,,,,,,,,,,,,,,,,,,,,,,,,,,,,,,./0.png
"0","0",-0.165865778923035,1.375502467155460,1.541368246078490,16.978162765502901,1.990837693214420,333.929290771483977,316.951049804688012,2.917398691177370,-73.409996032714801,24.489999771118200,356.183807373046989,316.906982421875000,-99.930000305175795,20.459999084472699,"10","8","1",-22.787736892700199,"5095",-69.463005065917997,3.016297578811650,"2528",,,,,,,,,,,,,,,,,,,,,,,,,,,,,,,,,,,,,,,,,,,,,,,,,./0.png
"0","0",-0.138646960258484,1.387762904167180,1.526409864425660,17.017162322998001,1.990837693214420,333.835296630859034,316.818023681641023,2.917398691177370,-73.409996032714801,24.479999542236300,354.883178710938012,316.737274169921989,-99.930000305175795,20.430000305175799,"10","8","1",-22.788448333740199,"5095",-69.467216491699205,3.016297578811650,"2529",,,,,,,,,,,,,,,,,,,,,,,,,,,,,,,,,,,,,,,,,,,,,,,,,./0.png
"0","0",-0.105167746543884,1.397692680358890,1.502860426902770,17.054534912109400,1.983130335807800,333.756072998046989,316.701385498046989,3.153551101684570,-73.400001525878906,24.479999542236300,357.112426757811988,316.613708496093977,-99.919998168945298,20.399999618530298,"10","8","1",-22.789159774780298,"5095",-69.471435546875000,3.806021451950070,"2530",,,,,,,,,,,,,,,,,,,,,,,,,,,,,,,,,,,,,,,,,,,,,,,,,./0.png
"0","0",0.000000000000000,0.000000000000000,0.000000000000000,0.000000000000000,1.983130335807800,0.000000000000000,0.000000000000000,3.153551101684570,-73.400001525878906,24.479999542236300,357.734222412108977,316.358551025391023,-99.919998168945298,20.369998931884801,"0","7","1",-22.789871215820298,"5095",-69.475662231445298,3.806021451950070,"2531",,,,,,,,,,,,,,,,,,,,,,,,,,,,,,,,,,,,,,,,,,,,,,,,,./0.png
"0","0",-0.151419281959534,1.339768052101140,1.491187334060670,16.995180130004901,1.926398038864140,333.844635009766023,316.849365234375000,2.056898832321170,-73.409996032714801,24.479999542236300,344.405090332031023,315.903839111328011,-100.009994506835994,20.430000305175799,"10","7","1",-22.784934997558601,"5096",-69.467895507812500,1.699312806129460,"2529",,,,,,,,,,,,,,,,,,,,,,,,,,,,,,,,,,,,,,,,,,,,,,,,,./0.png
"0","0",-0.094426274299622,1.338568449020390,1.432994723320010,17.065767288208001,1.881916761398320,333.701812744140966,316.635925292968977,2.001904487609860,-73.400001525878906,24.479999542236300,349.141113281250000,314.481536865233977,-100.000000000000000,20.369998931884801,"10","8","1",-22.786363601684599,"5096",-69.476333618164105,1.560723781585690,"2531",,,,,,,,,,,,,,,,,,,,,,,,,,,,,,,,,,,,,,,,,,,,,,,,,./0.png
"0","0",-0.018642663955689,2.879930257797240,2.898572921752930,18.359804153442401,1.152727007865910,316.916809082031023,298.556945800780966,1.605621695518490,-82.150001525878906,31.309999465942401,347.686065673828011,298.495544433593977,-103.290000915527003,59.669998168945298,"10","8","1",-21.240985870361300,"5097",-61.578887939453097,4.707129001617430,"734",,,,,,,,,,,,,,,,,,,,,,,,,,,,,,,,,,,,,,,,,,,,,,,,,./0.png
"0","0",-0.032981157302856,2.902533292770390,2.935514450073240,18.245635986328100,1.152727007865910,316.787963867188012,298.542236328125000,1.605621695518490,-82.150001525878906,31.309999465942401,339.199859619140966,299.729736328125000,-103.290000915527003,59.659999847412102,"10","8","1",-21.241912841796900,"5097",-61.583061218261697,4.707129001617430,"735",,,,,,,,,,,,,,,,,,,,,,,,,,,,,,,,,,,,,,,,,,,,,,,,,./0.png
"0","0",-0.004390358924866,1.280967593193050,1.285357952117920,17.095937728881800,1.979963779449460,333.466247558593977,316.370452880859034,2.390100002288820,-73.400001525878906,24.459999084472699,355.919891357421989,317.304840087891023,-100.250000000000000,20.250000000000000,"10","8","1",-22.778676986694300,"5099",-69.495170593261705,5.323289394378660,"2535",,,,,,,,,,,,,,,,,,,,,,,,,,,,,,,,,,,,,,,,,,,,,,,,,./0.png
"0","0",1.211779594421390,1.806826829910280,0.595047235488892,13.909056663513200,0.833072304725647,306.998260498046989,293.089263916016023,1.102585077285770,-85.029998779296889,34.239997863769503,345.062683105468977,295.277923583983977,-104.540000915527003,68.269996643066406,"10","8","1",-20.467004776001001,"5100",-58.339878082275398,11.064742088317900,"121",,,,,,,,,,,,,,,,,,,,,,,,,,,,,,,,,,,,,,,,,,,,,,,,,./0.png
"0","0",0.744654893875122,3.470306873321530,2.725651979446410,17.276180267333999,1.036971688270570,314.589904785156023,297.313659667968977,1.296682834625240,-80.290000915527301,29.579999923706101,330.125701904296932,300.246765136718977,-102.669998168944986,52.949996948242202,"10","7","1",-21.645261764526399,"5100",-63.532493591308601,3.541344404220580,"1278",,,,,,,,,,,,,,,,,,,,,,,,,,,,,,,,,,,,,,,,,,,,,,,,,./0.png
"0","0",0.000393748283386,1.291847109794620,1.291453361511230,17.094121932983398,1.965358018875120,333.518005371093977,316.423950195311988,2.181444883346560,-73.409996032714801,24.459999084472699,352.493682861328011,316.559631347656023,-100.329994201660000,20.250000000000000,"10","8","1",-22.775169372558601,"5100",-69.495841979980497,2.804660797119140,"2535",,,,,,,,,,,,,,,,,,,,,,,,,,,,,,,,,,,,,,,,,,,,,,,,,./0.png
"0","0",-0.024604082107544,1.342968821525570,1.367572903633120,17.118705749511701,1.962721586227420,333.586547851561988,316.467681884766023,2.165270090103150,-73.430000305175795,24.449998855590799,343.216491699219034,315.517761230468977,-100.579994201660000,20.250000000000000,"10","7","1",-22.764646530151399,"5103",-69.497879028320298,2.628942012786870,"2535",,,,,,,,,,,,,,,,,,,,,,,,,,,,,,,,,,,,,,,,,,,,,,,,,./0.png
"0","0",-0.295268058776855,1.216297149658200,1.511565208435060,14.706170082092299,1.395869135856630,326.932403564453011,312.226043701171989,2.498471260070800,-74.559997558593807,25.109998703002901,354.828216552733977,313.866210937500057,-101.599998474120994,26.019998550415000,"10","8","1",-22.584577560424801,"5114",-68.694023132324205,4.017929553985600,"2348",,,,,,,,,,,,,,,,,,,,,,,,,,,,,,,,,,,,,,,,,,,,,,,,,./0.png
"0","0",-0.268768548965454,1.213881254196170,1.482649803161620,14.710220336914100,1.395869135856630,326.933105468750000,312.222686767578011,2.498471260070800,-74.549995422363295,25.109998703002901,343.476257324219034,312.171722412108977,-101.599998474120994,25.989999771118200,"10","8","1",-22.585386276245099,"5114",-68.698570251464801,4.017929553985600,"2349",,,,,,,,,,,,,,,,,,,,,,,,,,,,,,,,,,,,,,,,,,,,,,,,,./0.png
"0","0",-0.290568828582764,1.147768139839170,1.438336968421940,14.708347320556600,1.398506522178650,326.716766357421989,312.008300781250000,1.718845367431640,-74.569999694824205,25.119998931884801,340.703704833983977,312.421081542968977,-101.659996032715014,26.049999237060501,"10","7","1",-22.580131530761701,"5115",-68.690177917480497,4.675987720489500,"2347",,,,,,,,,,,,,,,,,,,,,,,,,,,,,,,,,,,,,,,,,,,,,,,,,./0.png
"0","0",-0.269971609115601,1.138893604278560,1.408865213394170,14.732491493225099,1.395869135856630,326.736145019531023,312.003540039061988,2.498471260070800,-74.559997558593807,25.109998703002901,356.279968261718977,313.661407470703068,-101.659996032715014,26.019998550415000,"10","8","1",-22.580944061279300,"5115",-68.694732666015597,4.017929553985600,"2348",,,,,,,,,,,,,,,,,,,,,,,,,,,,,,,,,,,,,,,,,,,,,,,,,./0.png
"0","0",-0.245533347129822,1.129869461059570,1.375402808189390,14.733744621276900,1.395869135856630,326.735046386718977,312.001098632811988,2.498471260070800,-74.559997558593807,25.109998703002901,343.065429687500057,312.338897705078011,-101.659996032715014,25.989999771118200,"10","8","1",-22.581752777099599,"5115",-68.699287414550795,4.017929553985600,"2349",,,,,,,,,,,,,,,,,,,,,,,,,,,,,,,,,,,,,,,,,,,,,,,,,./0.png
"0","0",-0.232519268989563,1.076058149337770,1.308577418327330,14.765938758850099,1.393038392066960,326.536804199219034,311.770751953125000,2.063368797302250,-74.580001831054702,25.109998703002901,347.441619873046989,313.385223388671989,-101.729995727539006,26.049999237060501,"10","8","1",-22.576498031616200,"5116",-68.690879821777301,4.892408370971680,"2347",,,,,,,,,,,,,,,,,,,,,,,,,,,,,,,,,,,,,,,,,,,,,,,,,./0.png
"0","0",-0.182166814804077,1.090835690498350,1.273002505302430,14.817136764526399,1.390560388565060,326.583648681641023,311.766418457031023,2.333488225936890,-74.569999694824205,25.109998703002901,356.473937988281023,314.225250244140966,-101.729995727539006,26.019998550415000,"10","8","1",-22.577310562133800,"5116",-68.695449829101605,4.581426143646240,"2348",,,,,,,,,,,,,,,,,,,,,,,,,,,,,,,,,,,,,,,,,,,,,,,,,./0.png
"0","0",-0.187107682228088,1.052886128425600,1.239993810653690,14.791395187377899,1.390560388565060,326.558135986328011,311.766723632811988,2.333488225936890,-74.559997558593807,25.109998703002901,336.662261962891023,311.266143798828011,-101.729995727539006,25.989999771118200,"10","7","1",-22.578119277954102,"5116",-68.699996948242202,4.581426143646240,"2349",,,,,,,,,,,,,,,,,,,,,,,,,,,,,,,,,,,,,,,,,,,,,,,,,./0.png
"0","0",-0.224390566349030,0.965529620647430,1.189920186996460,14.807435035705600,1.393038392066960,326.319824218750000,311.512390136718977,2.063368797302250,-74.580001831054702,25.109998703002901,355.397247314453011,313.237731933593977,-101.790000915527003,26.049999237060501,"10","8","1",-22.572862625122099,"5117",-68.691596984863295,4.892408370971680,"2347",,,,,,,,,,,,,,,,,,,,,,,,,,,,,,,,,,,,,,,,,,,,,,,,,./0.png
"0","0",-0.173388361930847,0.979301571846008,1.152689933776860,14.858376502990700,1.390560388565060,326.369140625000000,311.510742187500057,2.333488225936890,-74.580001831054702,25.109998703002901,356.648681640625000,313.245635986328011,-101.790000915527003,26.019998550415000,"10","8","1",-22.573675155639599,"5117",-68.696159362792997,4.581426143646240,"2348",,,,,,,,,,,,,,,,,,,,,,,,,,,,,,,,,,,,,,,,,,,,,,,,,./0.png
"0","0",-0.198848843574524,0.919175982475281,1.118024826049800,14.833590507507299,1.394739985466000,326.130950927733977,311.297302246093977,1.634736418724060,-74.589996337890597,25.109998703002901,343.604217529296932,311.220703125000000,-101.860000610352003,26.049999237060501,"10","8","1",-22.569227218627901,"5118",-68.692306518554702,3.503229141235350,"2347",,,,,,,,,,,,,,,,,,,,,,,,,,,,,,,,,,,,,,,,,,,,,,,,,./0.png
"0","0",-0.126163542270660,0.956156313419342,1.082319855690000,14.907822608947800,1.391574621200560,326.209045410156023,311.301177978516023,1.618561506271360,-74.580001831054702,25.109998703002901,343.182312011718977,311.807525634766023,-101.860000610352003,26.019998550415000,"10","8","1",-22.570039749145501,"5118",-68.696861267089801,3.308599710464480,"2348",,,,,,,,,,,,,,,,,,,,,,,,,,,,,,,,,,,,,,,,,,,,,,,,,./0.png
"0","0",-0.166522741317749,0.848306655883789,1.014829397201540,14.810535430908200,1.410011768341060,325.730255126953011,310.919769287108977,1.681643366813660,-74.589996337890597,25.119998931884801,339.621551513671989,312.296447753906023,-99.879997253417997,26.119998931884801,"10","7","1",-22.573251724243200,"5120",-68.689521789550795,1.985344767570500,"2345",,,,,,,,,,,,,,,,,,,,,,,,,,,,,,,,,,,,,,,,,,,,,,,,,./0.png
"0","0",-0.150757431983948,0.846697330474854,0.997454762458801,14.819154739379901,1.407737493515010,325.756988525391023,310.937927246093977,2.183062314987180,-74.580001831054702,25.119998931884801,352.419586181641023,312.857727050780966,-99.869995117187500,26.090000152587901,"10","8","1",-22.574037551879901,"5120",-68.694091796875000,3.772473573684690,"2346",,,,,,,,,,,,,,,,,,,,,,,,,,,,,,,,,,,,,,,,,,,,,,,,,./0.png
"0","0",-0.152549505233765,0.834688663482666,0.987238168716431,14.853326797485400,1.407737493515010,325.791503906250000,310.938262939453011,2.183062314987180,-74.580001831054702,25.109998703002901,343.558044433593977,311.581085205078011,-99.869995117187500,26.049999237060501,"10","8","1",-22.574825286865199,"5120",-68.698654174804702,3.772473573684690,"2347",,,,,,,,,,,,,,,,,,,,,,,,,,,,,,,,,,,,,,,,,,,,,,,,,./0.png
"0","0",-0.141642630100250,0.799926519393921,0.941569149494171,14.810929298400900,1.410011768341060,325.577056884766023,310.766052246093977,1.681643366813660,-74.599998474121094,25.119998931884801,335.778594970703068,310.012786865233977,-99.939994812011719,26.119998931884801,"10","7","1",-22.569616317748999,"5121",-68.690238952636705,1.985344767570500,"2345",,,,,,,,,,,,,,,,,,,,,,,,,,,,,,,,,,,,,,,,,,,,,,,,,./0.png
"0","0",-0.130147337913513,0.797589421272278,0.927736759185791,14.815413475036600,1.407737493515010,325.601165771483977,310.785675048828011,2.183062314987180,-74.589996337890597,25.119998931884801,352.668243408203011,312.097381591796989,-99.939994812011719,26.090000152587901,"10","8","1",-22.570402145385700,"5121",-68.694808959960895,3.772473573684690,"2346",,,,,,,,,,,,,,,,,,,,,,,,,,,,,,,,,,,,,,,,,,,,,,,,,./0.png
"0","0",0.104119956493378,0.841436922550201,0.737316966056824,14.486951828002899,1.387868404388430,325.033996582031023,310.546936035156023,2.344810485839840,-74.559997558593807,25.059999465942401,337.700256347656023,311.327575683593977,-100.239997863770000,25.709999084472699,"10","7","1",-22.561683654785199,"5126",-68.752899169921903,4.616712093353270,"2358",,,,,,,,,,,,,,,,,,,,,,,,,,,,,,,,,,,,,,,,,,,,,,,,,./0.png
"0","0",0.085446417331696,0.865825772285461,0.780379354953766,14.520844459533700,1.387868404388430,324.903381347656023,310.382476806641023,2.344810485839840,-74.559997558593807,25.059999465942401,339.872985839843977,311.354309082031023,-100.299995422362997,25.680000305175799,"10","7","1",-22.558843612670898,"5127",-68.758125305175795,4.616712093353270,"2359",,,,,,,,,,,,,,,,,,,,,,,,,,,,,,,,,,,,,,,,,,,,,,,,,./0.png
"0","0",0.000000000000000,0.000000000000000,0.000000000000000,0.000000000000000,1.387868404388430,0.000000000000000,0.000000000000000,2.344810485839840,-74.559997558593807,25.059999465942401,357.818206787108977,313.235107421875000,-100.309997558594006,25.709999084472699,"0","7","1",-22.558057785034201,"5127",-68.753585815429702,4.616712093353270,"2358",,,,,,,,,,,,,,,,,,,,,,,,,,,,,,,,,,,,,,,,,,,,,,,,,./0.png
"0","0",0.107315480709076,0.909586548805237,0.802271068096161,14.536820411682100,1.388144016265870,324.807800292968977,310.270843505859034,2.079543590545650,-74.559997558593807,25.049999237060501,353.721466064453011,312.519104003906023,-100.369995117187997,25.680000305175799,"10","8","1",-22.555215835571300,"5128",-68.758819580078097,10.006852149963400,"2359",,,,,,,,,,,,,,,,,,,,,,,,,,,,,,,,,,,,,,,,,,,,,,,,,./0.png
"0","0",0.087012231349945,0.886182546615601,0.799170315265656,14.552695274353001,1.380306601524350,324.762939453125000,310.210144042968977,1.830451607704160,-74.559997558593807,25.049999237060501,340.209533691406023,310.467651367188012,-100.369995117187997,25.649999618530298,"10","7","1",-22.556003570556602,"5128",-68.763359069824205,3.252976894378660,"2360",,,,,,,,,,,,,,,,,,,,,,,,,,,,,,,,,,,,,,,,,,,,,,,,,./0.png
"0","0",0.410049438476562,2.587512016296390,2.177462577819820,15.122640609741200,1.106022357940670,312.165252685546989,297.042785644531023,1.340354800224300,-80.500000000000000,29.609998703002901,338.461090087891023,302.051727294921989,-102.569999694824006,53.239997863769503,"10","8","1",-21.542606353759801,"5129",-63.484390258789098,3.247694969177250,"1254",,,,,,,,,,,,,,,,,,,,,,,,,,,,,,,,,,,,,,,,,,,,,,,,,./0.png
"0","0",0.123259961605072,0.934660196304321,0.811400234699249,14.586905479431200,1.380306601524350,324.665252685546989,310.078369140625000,1.830451607704160,-74.569999694824205,25.049999237060501,351.565643310546989,312.587951660156023,-100.439994812012003,25.649999618530298,"10","8","1",-22.552375793456999,"5129",-68.764045715332003,3.252976894378660,"2360",,,,,,,,,,,,,,,,,,,,,,,,,,,,,,,,,,,,,,,,,,,,,,,,,./0.png
"3","0",0.199806094169617,1.229245543479920,1.029439449310300,14.663113594055201,0.738504827022552,307.065612792968977,292.402526855468977,5.115555286407470,-85.110000610351605,34.040000915527301,347.298278808593977,292.407165527343977,-104.699996948242003,67.919998168945298,"10","8","1",-20.350734710693398,"5140",-58.543312072753899,86.912605285644503,"144",,,,,,,,,,,,,,,,,,,,,,,,,,,,,,,,,,,,,,,,,,,,,,,,,./0.png
"0","0",0.000000000000000,0.000000000000000,0.000000000000000,0.000000000000000,0.735122859477997,0.000000000000000,0.000000000000000,5.921061038970950,-85.119995117187500,34.049999237060497,367.000000000000000,296.352691650391023,-104.729995727539006,67.930000305175795,"0","9","1",-20.342277526855501,"5141",-58.538463592529297,206.513656616210994,"143",,,,,,,,,,,,,,,,,,,,,,,,,,,,,,,,,,,,,,,,,,,,,,,,,./0.png
"0","0",0.000000000000000,0.000000000000000,0.000000000000000,0.000000000000000,0.738504827022552,0.000000000000000,0.000000000000000,5.115555286407470,-85.119995117187500,34.040000915527301,208.000015258789006,297.017547607421989,-104.729995727539006,67.919998168945298,"0","7","1",-20.343923568725600,"5141",-58.545143127441399,86.912605285644503,"144",,,,,,,,,,,,,,,,,,,,,,,,,,,,,,,,,,,,,,,,,,,,,,,,,./0.png
"0","0",-2.800450801849370,1.641027331352230,4.441478252410890,21.436988830566399,0.706071197986603,307.978424072266023,286.541412353516023,0.903634965419769,-83.949996948242202,32.719997406005902,339.672882080078011,292.964630126953011,-104.419998168944986,64.389999389648395,"10","8","1",-20.652637481689499,"5147",-59.988056182861293,5.829004764556880,"384",,,,,,,,,,,,,,,,,,,,,,,,,,,,,,,,,,,,,,,,,,,,,,,,,./0.png
"0","0",0.000000000000000,0.000000000000000,0.000000000000000,0.000000000000000,1.040918588638310,0.000000000000000,0.000000000000000,6.770238399505620,-85.119995117187500,34.049999237060497,367.000000000000000,301.960205078125000,-104.250000000000000,67.949996948242202,"0","9","1",-20.343235015869102,"5158",-58.539958953857401,114.076049804687997,"142",,,,,,,,,,,,,,,,,,,,,,,,,,,,,,,,,,,,,,,,,,,,,,,,,./0.png
"0","0",-0.255508899688721,1.328670978546140,1.584179878234860,15.905511856079100,1.040918588638310,307.534088134766023,291.628601074219034,6.770238399505620,-85.119995117187500,34.049999237060497,338.229248046875000,294.199768066406023,-104.250000000000000,67.930000305175795,"10","8","1",-20.344844818115199,"5158",-58.546672821044901,114.076049804687997,"143",,,,,,,,,,,,,,,,,,,,,,,,,,,,,,,,,,,,,,,,,,,,,,,,,./0.png
"0","0",0.643713712692261,1.559483885765080,0.915770173072815,15.480527877807599,1.315326571464540,323.355529785156023,307.875030517578011,1.515042781829830,-74.689994812011719,24.930000305175799,337.351379394531023,309.640258789061988,-100.659996032715014,25.119998931884801,"10","7","1",-22.447429656982401,"5165",-68.871383666992202,2.854661941528320,"2377",,,,,,,,,,,,,,,,,,,,,,,,,,,,,,,,,,,,,,,,,,,,,,,,,./0.png
"0","0",0.537388980388641,1.510324001312260,0.972935020923615,15.596899986267101,1.315104126930240,323.352691650391023,307.755981445311988,2.115128278732300,-74.699996948242202,24.930000305175799,352.848541259766023,310.623413085938012,-100.729995727539006,25.149999618530298,"10","8","1",-22.443048477172901,"5166",-68.867668151855497,5.717608928680420,"2376",,,,,,,,,,,,,,,,,,,,,,,,,,,,,,,,,,,,,,,,,,,,,,,,,./0.png
"0","0",0.586754202842712,1.541166663169860,0.954412460327148,15.656746864318800,1.315104126930240,323.480102539061988,307.823455810546989,2.115128278732300,-74.699996948242202,24.930000305175799,351.319427490233977,310.840667724608977,-100.729995727539006,25.119998931884801,"10","8","1",-22.443820953369102,"5166",-68.872108459472699,5.717608928680420,"2377",,,,,,,,,,,,,,,,,,,,,,,,,,,,,,,,,,,,,,,,,,,,,,,,,./0.png
"0","0",0.535814046859741,1.977194190025330,1.441380143165590,16.625083923339801,1.342221021652220,325.017150878906023,308.391876220703068,1.757664918899540,-74.589996337890597,24.850000381469702,350.234954833983977,309.496917724608977,-100.759994506835994,24.500000000000000,"10","8","1",-22.455621719360401,"5167",-68.961387634277301,5.858484268188480,"2397",,,,,,,,,,,,,,,,,,,,,,,,,,,,,,,,,,,,,,,,,,,,,,,,,./0.png
"0","0",-0.014233946800232,1.809701323509220,1.823935270309450,16.328752517700199,1.218235015869140,323.535980224608977,307.207275390625000,1.655763626098630,-74.959999084472699,24.899999618530298,341.902008056641023,314.943267822266023,-101.059997558594006,25.309999465942401,"10","7","1",-22.318067550659201,"5203",-68.879364013671903,6.279740333557130,"2371",,,,,,,,,,,,,,,,,,,,,,,,,,,,,,,,,,,,,,,,,,,,,,,,,./0.png
"0","0",0.446892023086548,2.601605892181400,2.154713869094850,16.167491912841800,0.837116062641144,306.911346435546989,290.743774414061988,0.997448861598969,-84.819999694824205,33.349998474121101,343.178161621093977,293.035308837891023,-104.430000305175994,66.299995422363295,"10","8","1",-20.310249328613299,"5205",-59.294525146484403,5.543777942657470,"251",,,,,,,,,,,,,,,,,,,,,,,,,,,,,,,,,,,,,,,,,,,,,,,,,./0.png
"0","0",0.004168391227722,1.452851891517640,1.448683500289920,17.984918594360401,2.013609886169430,334.284973144531023,316.300109863281023,2.656984329223630,-74.319999694824205,24.350000381469702,351.402343750000000,315.005767822266023,-100.159996032715014,20.959999084472699,"10","8","1",-22.350992202758800,"5226",-69.509353637695298,2.817258358001710,"2512",,,,,,,,,,,,,,,,,,,,,,,,,,,,,,,,,,,,,,,,,,,,,,,,,./0.png
"0","0",0.080129981040955,1.472962379455570,1.392832398414610,18.024017333984400,2.013609886169430,334.197875976561988,316.173950195311988,2.656984329223630,-74.319999694824205,24.350000381469702,351.458190917968977,315.297088623046989,-100.159996032715014,20.930000305175799,"10","8","1",-22.351709365844702,"5226",-69.513580322265597,2.817258358001710,"2513",,,,,,,,,,,,,,,,,,,,,,,,,,,,,,,,,,,,,,,,,,,,,,,,,./0.png
"0","0",0.008370876312256,1.368099570274350,1.359728693962100,17.901123046875000,2.019136667251590,334.446258544921989,316.545166015625000,2.598755121231080,-74.330001831054702,24.350000381469702,350.198181152343977,316.066772460938012,-100.239997863770000,20.989999771118200,"10","8","1",-22.346754074096701,"5227",-69.505790710449205,3.811370134353640,"2511",,,,,,,,,,,,,,,,,,,,,,,,,,,,,,,,,,,,,,,,,,,,,,,,,./0.png
"0","0",0.112340807914734,1.428525924682620,1.316185116767880,17.992212295532202,2.013609886169430,334.225036621093977,316.233062744140966,2.656984329223630,-74.319999694824205,24.350000381469702,352.475341796875000,314.739990234375000,-100.239997863770000,20.930000305175799,"10","8","1",-22.348186492919901,"5227",-69.514251708984403,2.817258358001710,"2513",,,,,,,,,,,,,,,,,,,,,,,,,,,,,,,,,,,,,,,,,,,,,,,,,./0.png
"0","0",0.187594056129456,1.517954826354980,1.330360770225520,18.021144866943398,2.004863262176510,333.994171142578011,315.973266601561988,2.225116968154910,-74.319999694824205,24.340000152587901,347.825775146483977,315.668182373046989,-100.229995727539006,20.899999618530298,"10","8","1",-22.348899841308601,"5227",-69.518470764160199,2.890173912048340,"2514",,,,,,,,,,,,,,,,,,,,,,,,,,,,,,,,,,,,,,,,,,,,,,,,,./0.png
"0","0",0.000000000000000,0.000000000000000,0.000000000000000,0.000000000000000,2.019136667251590,0.000000000000000,0.000000000000000,2.598755121231080,-74.339996337890597,24.359998703002901,356.492950439453011,316.822143554688012,-100.239997863770000,21.020000457763700,"0","7","1",-22.346036911010700,"5227",-69.501579284667997,3.811370134353640,"2510",,,,,,,,,,,,,,,,,,,,,,,,,,,,,,,,,,,,,,,,,,,,,,,,,./0.png
"0","0",-0.021398186683655,1.304008364677430,1.325406551361080,17.757766723632798,2.024885892868040,334.627685546875000,316.869873046875000,2.546995639801030,-74.349998474121094,24.359998703002901,353.077117919921989,316.152038574219034,-100.319999694824006,21.049999237060501,"10","8","1",-22.341796875000000,"5228",-69.498031616210895,3.437062501907350,"2509",,,,,,,,,,,,,,,,,,,,,,,,,,,,,,,,,,,,,,,,,,,,,,,,,./0.png
"0","0",-0.005199670791626,1.323346018791200,1.328545689582820,17.813060760498001,2.020158290863040,334.545776367188012,316.732696533203011,3.033857345581050,-74.349998474121094,24.359998703002901,355.637908935546989,315.818420410156023,-100.319999694824006,21.020000457763700,"10","8","1",-22.342510223388700,"5228",-69.502250671386705,3.332866668701170,"2510",,,,,,,,,,,,,,,,,,,,,,,,,,,,,,,,,,,,,,,,,,,,,,,,,./0.png
"0","0",0.009105563163757,1.334148883819580,1.325043320655820,17.873584747314499,2.020158290863040,334.452026367188012,316.578430175780966,3.033857345581050,-74.339996337890597,24.350000381469702,355.896423339843977,316.195953369140966,-100.319999694824006,20.989999771118200,"10","8","1",-22.343227386474599,"5228",-69.506469726562500,3.332866668701170,"2511",,,,,,,,,,,,,,,,,,,,,,,,,,,,,,,,,,,,,,,,,,,,,,,,,./0.png
"0","0",0.170848965644836,1.505416512489320,1.334567546844480,17.989612579345700,2.008652210235600,333.992767333983977,316.003326416016023,2.632722139358520,-74.319999694824205,24.340000152587901,346.088470458983977,315.372406005859034,-100.319999694824006,20.899999618530298,"10","8","1",-22.345378875732401,"5228",-69.519149780273395,2.047264814376830,"2514",,,,,,,,,,,,,,,,,,,,,,,,,,,,,,,,,,,,,,,,,,,,,,,,,./0.png
"0","0",0.278632879257202,1.616298317909240,1.337665438652040,18.044357299804702,2.008652210235600,333.822448730468977,315.778167724608977,2.632722139358520,-74.319999694824205,24.340000152587901,344.561309814453011,315.616333007811988,-100.309997558594006,20.859998703002901,"10","7","1",-22.346094131469702,"5228",-69.523368835449205,2.047264814376830,"2515",,,,,,,,,,,,,,,,,,,,,,,,,,,,,,,,,,,,,,,,,,,,,,,,,./0.png
"0","0",-0.018173456192017,1.255628705024720,1.273802161216740,17.722978591918899,2.024885892868040,334.586303710938012,316.863342285156023,2.546995639801030,-74.360000610351605,24.359998703002901,353.713195800780966,315.919342041016023,-100.409996032715014,21.049999237060501,"10","8","1",-22.338270187377901,"5229",-69.498718261718807,3.437062501907350,"2509",,,,,,,,,,,,,,,,,,,,,,,,,,,,,,,,,,,,,,,,,,,,,,,,,./0.png
"0","0",-0.002150416374207,1.276209235191350,1.278359651565550,17.774969100952099,2.020158290863040,334.512908935546989,316.738006591796989,3.033857345581050,-74.349998474121094,24.350000381469702,354.878875732421989,315.605957031250000,-100.400001525879006,21.020000457763700,"10","8","1",-22.338985443115199,"5229",-69.502922058105497,3.332866668701170,"2510",,,,,,,,,,,,,,,,,,,,,,,,,,,,,,,,,,,,,,,,,,,,,,,,,./0.png
"0","0",0.005731821060181,1.275962233543400,1.270230412483220,17.838521957397500,2.020158290863040,334.438964843750000,316.600585937500057,3.033857345581050,-74.349998474121094,24.350000381469702,355.668792724608977,315.960754394531023,-100.400001525879006,20.989999771118200,"10","8","1",-22.339702606201200,"5229",-69.507141113281193,3.332866668701170,"2511",,,,,,,,,,,,,,,,,,,,,,,,,,,,,,,,,,,,,,,,,,,,,,,,,./0.png
"0","0",0.021350145339966,1.298696398735050,1.277346253395080,17.898275375366200,2.014253139495850,334.340606689453011,316.442474365233977,2.351280450820920,-74.339996337890597,24.350000381469702,349.491241455078011,316.278564453125000,-100.400001525879006,20.959999084472699,"10","8","1",-22.340419769287099,"5229",-69.511367797851605,4.427404880523680,"2512",,,,,,,,,,,,,,,,,,,,,,,,,,,,,,,,,,,,,,,,,,,,,,,,,./0.png
"0","0",0.148370027542114,1.450936436653140,1.302566409111020,17.947946548461900,2.008652210235600,333.993591308593977,316.045806884766023,2.632722139358520,-74.330001831054702,24.340000152587901,353.366638183593977,315.221710205078011,-100.400001525879006,20.899999618530298,"10","8","1",-22.341856002807599,"5229",-69.519813537597699,2.047264814376830,"2514",,,,,,,,,,,,,,,,,,,,,,,,,,,,,,,,,,,,,,,,,,,,,,,,,./0.png
"0","0",0.282206296920776,1.594591259956360,1.312384963035580,18.029651641845700,2.008652210235600,333.854095458983977,315.824645996093977,2.632722139358520,-74.330001831054702,24.340000152587901,349.814422607421989,315.198303222656023,-100.389999389647997,20.859998703002901,"10","8","1",-22.342571258544901,"5229",-69.524047851562500,2.047264814376830,"2515",,,,,,,,,,,,,,,,,,,,,,,,,,,,,,,,,,,,,,,,,,,,,,,,,./0.png
"0","0",0.332466125488281,1.582490563392640,1.250024437904360,18.081743240356399,1.968482375144960,333.785125732421989,315.703613281250000,2.115128278732300,-74.319999694824205,24.329999923706101,349.844543457031023,315.052642822266023,-100.389999389647997,20.829999923706101,"10","8","1",-22.343286514282202,"5229",-69.528244018554702,1.922156453132630,"2516",,,,,,,,,,,,,,,,,,,,,,,,,,,,,,,,,,,,,,,,,,,,,,,,,./0.png
"0","0",0.021516799926758,1.259876608848570,1.238359808921810,17.811586380004901,2.017303705215450,334.432495117188012,316.621185302733977,2.844612121582030,-74.349998474121094,24.350000381469702,352.338745117188012,315.675933837891023,-100.479995727539006,20.989999771118200,"10","8","1",-22.336175918579102,"5230",-69.507812500000000,3.626729011535640,"2511",,,,,,,,,,,,,,,,,,,,,,,,,,,,,,,,,,,,,,,,,,,,,,,,,./0.png
"0","0",0.030198097229004,1.266092419624330,1.235894322395320,17.875415802001999,2.010706901550290,334.360260009766023,316.485076904296932,2.606842517852780,-74.349998474121094,24.350000381469702,350.812042236328011,315.821014404296932,-100.479995727539006,20.959999084472699,"10","8","1",-22.336896896362301,"5230",-69.512039184570298,1.957803964614870,"2512",,,,,,,,,,,,,,,,,,,,,,,,,,,,,,,,,,,,,,,,,,,,,,,,,./0.png
"0","0",0.055981755256653,1.287174940109250,1.231193184852600,17.870635986328100,2.010706901550290,334.206085205078011,316.335784912108977,2.606842517852780,-74.339996337890597,24.340000152587901,345.587219238281023,316.466857910156023,-100.479995727539006,20.930000305175799,"10","7","1",-22.337615966796900,"5230",-69.516258239746094,1.957803964614870,"2513",,,,,,,,,,,,,,,,,,,,,,,,,,,,,,,,,,,,,,,,,,,,,,,,,./0.png
"0","0",0.124374508857727,1.396985530853270,1.272611021995540,17.891551971435501,2.004607915878300,333.982788085938012,316.091522216796989,2.702273845672610,-74.339996337890597,24.340000152587901,348.405151367188012,315.247711181641023,-100.479995727539006,20.899999618530298,"10","8","1",-22.338331222534201,"5230",-69.520484924316406,3.051595926284790,"2514",,,,,,,,,,,,,,,,,,,,,,,,,,,,,,,,,,,,,,,,,,,,,,,,,./0.png
"0","0",0.259232044219971,1.545980930328370,1.286748886108400,17.973579406738299,2.004607915878300,333.846740722656023,315.873443603516023,2.702273845672610,-74.330001831054702,24.329999923706101,354.989837646483977,315.543701171875000,-100.479995727539006,20.859998703002901,"10","8","1",-22.339048385620099,"5230",-69.524703979492202,3.051595926284790,"2515",,,,,,,,,,,,,,,,,,,,,,,,,,,,,,,,,,,,,,,,,,,,,,,,,./0.png
"0","0",0.311922073364258,1.536559700965880,1.224637627601620,18.027610778808601,1.998084425926210,333.781250000000000,315.753875732421989,2.597137451171880,-74.330001831054702,24.329999923706101,355.026763916016023,315.336059570311988,-100.470001220702997,20.829999923706101,"10","8","1",-22.339765548706101,"5230",-69.528915405273395,3.926033973693850,"2516",,,,,,,,,,,,,,,,,,,,,,,,,,,,,,,,,,,,,,,,,,,,,,,,,./0.png
"0","0",0.000000000000000,0.000000000000000,0.000000000000000,0.000000000000000,2.022203683853150,0.000000000000000,0.000000000000000,2.875344276428220,-74.369995117187500,24.359998703002901,356.729003906250000,316.247589111328011,-100.489997863770000,21.049999237060501,"0","7","1",-22.334743499755898,"5230",-69.499382019042997,11.232494354248001,"2509",,,,,,,,,,,,,,,,,,,,,,,,,,,,,,,,,,,,,,,,,,,,,,,,,./0.png
"0","0",0.000000000000000,0.000000000000000,0.000000000000000,0.000000000000000,2.017303705215450,0.000000000000000,0.000000000000000,2.844612121582030,-74.360000610351605,24.350000381469702,356.766143798828011,315.556671142578011,-100.479995727539006,21.020000457763700,"0","7","1",-22.335460662841800,"5230",-69.503585815429702,3.626729011535640,"2510",,,,,,,,,,,,,,,,,,,,,,,,,,,,,,,,,,,,,,,,,,,,,,,,,./0.png
"0","0",-0.943479537963867,2.208281755447390,3.151761293411250,14.283435821533200,0.913850605487823,310.438934326171989,296.155395507811988,1.096115231513980,-80.680000305175795,29.159999847412099,334.481170654296932,297.326385498046989,-102.579994201660000,51.840000152587898,"10","8","1",-21.282426834106399,"5231",-63.951087951660199,4.671856880187990,"1326",,,,,,,,,,,,,,,,,,,,,,,,,,,,,,,,,,,,,,,,,,,,,,,,,./0.png
"0","0",-0.036495566368103,1.204547762870790,1.241043329238890,17.816757202148398,2.010706901550290,334.322296142578011,316.505798339843977,2.606842517852780,-74.360000610351605,24.340000152587901,344.671264648438012,315.963317871093977,-100.559997558594006,20.959999084472699,"10","7","1",-22.333372116088899,"5231",-69.512702941894503,1.957803964614870,"2512",,,,,,,,,,,,,,,,,,,,,,,,,,,,,,,,,,,,,,,,,,,,,,,,,./0.png
"0","0",0.013937234878540,1.247864246368410,1.233927011489870,17.844032287597699,2.010706901550290,334.209381103516023,316.365631103516023,2.606842517852780,-74.349998474121094,24.340000152587901,352.534271240233977,314.971923828125000,-100.559997558594006,20.930000305175799,"10","8","1",-22.334091186523398,"5231",-69.516937255859403,1.957803964614870,"2513",,,,,,,,,,,,,,,,,,,,,,,,,,,,,,,,,,,,,,,,,,,,,,,,,./0.png
"0","0",0.217823147773743,1.510882139205930,1.293058991432190,17.946367263793899,2.004607915878300,333.859466552733977,315.913330078125000,2.702273845672610,-74.339996337890597,24.329999923706101,355.162506103516023,315.138488769531023,-100.559997558594006,20.859998703002901,"10","8","1",-22.335527420043899,"5231",-69.525367736816406,3.051595926284790,"2515",,,,,,,,,,,,,,,,,,,,,,,,,,,,,,,,,,,,,,,,,,,,,,,,,./0.png
"0","0",0.270257234573364,1.500590801239010,1.230333566665650,18.000087738037099,1.998084425926210,333.793304443358977,315.793395996093977,2.597137451171880,-74.330001831054702,24.329999923706101,355.288604736328011,315.089080810546989,-100.559997558594006,20.829999923706101,"10","8","1",-22.336242675781200,"5231",-69.529594421386705,3.926033973693850,"2516",,,,,,,,,,,,,,,,,,,,,,,,,,,,,,,,,,,,,,,,,,,,,,,,,./0.png
"0","0",0.243283987045288,1.322530388832090,1.079246401786800,18.086755752563501,1.292639136314390,333.261474609375000,315.174896240233977,2.047194004058840,-74.269996643066406,24.289999008178700,344.139465332031023,314.591247558593977,-100.540000915527003,20.500000000000000,"10","7","1",-22.344118118286101,"5231",-69.575942993164105,9.836114883422850,"2527",,,,,,,,,,,,,,,,,,,,,,,,,,,,,,,,,,,,,,,,,,,,,,,,,./0.png
"0","0",0.000000000000000,0.000000000000000,0.000000000000000,0.000000000000000,2.017303705215450,0.000000000000000,0.000000000000000,2.844612121582030,-74.369995117187500,24.350000381469702,356.648681640625000,315.548889160156023,-100.559997558594006,21.020000457763700,"0","7","1",-22.331935882568398,"5231",-69.504257202148395,3.626729011535640,"2510",,,,,,,,,,,,,,,,,,,,,,,,,,,,,,,,,,,,,,,,,,,,,,,,,./0.png
"0","0",0.002713561058044,1.271116375923160,1.268402814865110,17.821071624755898,2.010004520416260,334.233184814453011,316.412261962891023,2.330253124237060,-74.360000610351605,24.340000152587901,356.309173583983977,314.721710205078011,-100.639999389647997,20.930000305175799,"10","8","1",-22.330568313598601,"5232",-69.517593383789105,4.206988811492920,"2513",,,,,,,,,,,,,,,,,,,,,,,,,,,,,,,,,,,,,,,,,,,,,,,,,./0.png
"0","0",0.206008791923523,1.536152958869930,1.330144166946410,17.924892425537099,1.984590530395510,333.902526855468977,315.977722167968977,2.170122623443600,-74.349998474121094,24.329999923706101,348.103729248046989,314.539001464843977,-100.639999389647997,20.869998931884801,"10","8","1",-22.332002639770501,"5232",-69.526031494140597,2.434556245803830,"2515",,,,,,,,,,,,,,,,,,,,,,,,,,,,,,,,,,,,,,,,,,,,,,,,,./0.png
"0","0",0.325536966323853,1.509164333343510,1.183627367019650,18.068260192871101,1.997104525566100,333.781799316406023,315.713653564453011,2.530820846557620,-74.339996337890597,24.319999694824201,346.189483642578011,315.219116210938012,-100.639999389647997,20.799999237060501,"10","8","1",-22.333438873291001,"5232",-69.534469604492202,3.497834682464600,"2517",,,,,,,,,,,,,,,,,,,,,,,,,,,,,,,,,,,,,,,,,,,,,,,,,./0.png
"0","0",0.203002691268921,1.288829445838930,1.085826754570010,18.010240554809599,1.292639136314390,333.166503906250000,315.156311035156023,2.957835912704470,-74.290000915527301,24.289999008178700,348.910736083983977,315.393188476561988,-100.619995117187997,20.529998779296900,"10","8","1",-22.339889526367202,"5232",-69.572402954101605,5.426731586456300,"2526",,,,,,,,,,,,,,,,,,,,,,,,,,,,,,,,,,,,,,,,,,,,,,,,,./0.png
"0","0",0.213689923286438,1.295792937278750,1.082103013992310,18.051599502563501,1.292639136314390,333.228942871093977,315.177429199219034,2.957835912704470,-74.279998779296889,24.289999008178700,356.594879150391023,314.306365966796989,-100.619995117187997,20.500000000000000,"10","8","1",-22.340606689453100,"5232",-69.576622009277301,5.426731586456300,"2527",,,,,,,,,,,,,,,,,,,,,,,,,,,,,,,,,,,,,,,,,,,,,,,,,./0.png
"0","0",0.188994288444519,1.293282151222230,1.104287862777710,18.061281204223601,1.292639136314390,333.228454589843977,315.167327880859034,2.480679035186770,-74.279998779296889,24.289999008178700,351.063476562499943,315.029205322266023,-100.619995117187997,20.469999313354499,"10","8","1",-22.341321945190401,"5232",-69.580833435058594,7.735015869140620,"2528",,,,,,,,,,,,,,,,,,,,,,,,,,,,,,,,,,,,,,,,,,,,,,,,,./0.png
"0","0",0.000000000000000,0.000000000000000,0.000000000000000,0.000000000000000,1.997104525566100,0.000000000000000,0.000000000000000,2.530820846557620,-74.339996337890597,24.329999923706101,357.221588134766023,314.760833740233977,-100.639999389647997,20.829999923706101,"0","7","1",-22.332719802856399,"5232",-69.530250549316406,3.497834682464600,"2516",,,,,,,,,,,,,,,,,,,,,,,,,,,,,,,,,,,,,,,,,,,,,,,,,./0.png
"0","0",0.190303325653076,1.245114088058470,1.054810762405400,18.039533615112301,1.292639136314390,333.203247070311988,315.163818359375000,2.957835912704470,-74.290000915527301,24.289999008178700,355.403350830078011,314.515502929688012,-100.699996948242003,20.500000000000000,"10","8","1",-22.337093353271499,"5233",-69.577308654785199,5.426731586456300,"2527",,,,,,,,,,,,,,,,,,,,,,,,,,,,,,,,,,,,,,,,,,,,,,,,,./0.png
"0","0",0.163043498992920,1.234086871147160,1.071043372154240,18.051858901977500,1.292639136314390,333.210418701171989,315.158660888671989,2.480679035186770,-74.279998779296889,24.279998779296900,355.525665283203011,315.086456298828011,-100.699996948242003,20.469999313354499,"10","8","1",-22.337808609008800,"5233",-69.581512451171903,7.735015869140620,"2528",,,,,,,,,,,,,,,,,,,,,,,,,,,,,,,,,,,,,,,,,,,,,,,,,./0.png
"0","0",0.000000000000000,0.000000000000000,0.000000000000000,0.000000000000000,1.292639136314390,0.000000000000000,0.000000000000000,2.957835912704470,-74.290000915527301,24.289999008178700,358.146636962891023,315.720001220703068,-100.709999084472997,20.529998779296900,"0","7","1",-22.336376190185501,"5233",-69.573081970214801,5.426731586456300,"2526",,,,,,,,,,,,,,,,,,,,,,,,,,,,,,,,,,,,,,,,,,,,,,,,,./0.png
"0","0",0.126461625099182,1.135028362274170,1.008566737174990,17.886741638183601,1.292639136314390,333.068206787108977,315.181488037108977,2.254231691360470,-74.309997558593807,24.289999008178700,344.844726562499943,316.763000488281023,-100.790000915527003,20.559999465942401,"10","7","1",-22.332145690918001,"5234",-69.569549560546903,6.274339675903320,"2525",,,,,,,,,,,,,,,,,,,,,,,,,,,,,,,,,,,,,,,,,,,,,,,,,./0.png
"0","0",0.137420058250427,1.151017427444460,1.013597369194030,17.942462921142599,1.292639136314390,333.117950439453011,315.175567626953011,2.886666774749760,-74.299995422363295,24.289999008178700,354.978149414061988,315.883117675780966,-100.790000915527003,20.529998779296900,"10","8","1",-22.332862854003899,"5234",-69.573760986328097,5.194797515869140,"2526",,,,,,,,,,,,,,,,,,,,,,,,,,,,,,,,,,,,,,,,,,,,,,,,,./0.png
"0","0",0.124321103096008,1.134540081024170,1.010218977928160,17.957077026367202,1.292639136314390,333.152557373046989,315.195526123046989,2.886666774749760,-74.290000915527301,24.289999008178700,344.221466064453011,315.302276611328011,-100.790000915527003,20.500000000000000,"10","7","1",-22.333581924438501,"5234",-69.577980041503906,5.194797515869140,"2527",,,,,,,,,,,,,,,,,,,,,,,,,,,,,,,,,,,,,,,,,,,,,,,,,./0.png
"0","0",0.095537185668945,1.129699826240540,1.034162640571590,17.976345062255898,1.292639136314390,333.156280517578011,315.180023193358977,2.485531330108640,-74.290000915527301,24.279998779296900,355.442932128906023,315.260711669921989,-100.790000915527003,20.469999313354499,"10","8","1",-22.334297180175799,"5234",-69.582199096679702,7.766607761383060,"2528",,,,,,,,,,,,,,,,,,,,,,,,,,,,,,,,,,,,,,,,,,,,,,,,,./0.png
"0","0",0.115348100662231,1.077899336814880,0.962551236152649,17.803300857543899,1.292639136314390,333.048980712891023,315.246002197266023,2.254231691360470,-74.309997558593807,24.289999008178700,347.270568847656023,315.947814941406023,-100.869995117187997,20.559999465942401,"10","8","1",-22.328630447387699,"5235",-69.570220947265597,6.274339675903320,"2525",,,,,,,,,,,,,,,,,,,,,,,,,,,,,,,,,,,,,,,,,,,,,,,,,./0.png
"0","0",0.124875128269196,1.090310454368590,0.965435326099396,17.862054824829102,1.292639136314390,333.094055175780966,315.232391357421989,2.886666774749760,-74.309997558593807,24.289999008178700,355.333801269531023,315.473663330078011,-100.869995117187997,20.529998779296900,"10","8","1",-22.329349517822301,"5235",-69.574447631835895,5.194797515869140,"2526",,,,,,,,,,,,,,,,,,,,,,,,,,,,,,,,,,,,,,,,,,,,,,,,,./0.png
"0","0",0.129925608634949,1.087165236473080,0.957239627838135,17.905578613281200,1.292639136314390,333.153778076171989,315.248596191406023,2.886666774749760,-74.299995422363295,24.279998779296900,350.893310546875000,315.047424316406023,-100.869995117187997,20.500000000000000,"10","8","1",-22.330068588256800,"5235",-69.578666687011705,5.194797515869140,"2527",,,,,,,,,,,,,,,,,,,,,,,,,,,,,,,,,,,,,,,,,,,,,,,,,./0.png
"0","0",0.099617481231689,1.078675746917720,0.979058265686035,17.928485870361300,1.292639136314390,333.156188964843977,315.228057861328011,2.485531330108640,-74.299995422363295,24.279998779296900,354.604431152343977,314.204315185546989,-100.869995117187997,20.469999313354499,"10","8","1",-22.330785751342798,"5235",-69.582870483398395,7.766607761383060,"2528",,,,,,,,,,,,,,,,,,,,,,,,,,,,,,,,,,,,,,,,,,,,,,,,,./0.png
"0","0",0.092600882053375,1.048267006874080,0.955666124820709,17.761896133422901,1.311240196228030,333.080017089843977,315.318115234375000,2.141007900238040,-74.319999694824205,24.289999008178700,349.579498291016023,314.604278564453011,-100.949996948242003,20.559999465942401,"10","8","1",-22.325117111206101,"5236",-69.570907592773395,10.828378677368200,"2525",,,,,,,,,,,,,,,,,,,,,,,,,,,,,,,,,,,,,,,,,,,,,,,,,./0.png
"0","0",0.066613972187042,1.041297435760500,0.974683463573456,17.890275955200199,1.311240196228030,333.178863525391023,315.288726806641023,2.225116968154910,-74.299995422363295,24.279998779296900,353.157745361328011,315.312683105468977,-100.949996948242003,20.469999313354499,"10","8","1",-22.327274322509801,"5236",-69.583557128906193,11.900023460388200,"2528",,,,,,,,,,,,,,,,,,,,,,,,,,,,,,,,,,,,,,,,,,,,,,,,,./0.png
"0","0",0.000000000000000,0.000000000000000,0.000000000000000,0.000000000000000,1.311240196228030,0.000000000000000,0.000000000000000,3.122818946838380,-74.309997558593807,24.289999008178700,357.453491210938012,314.964111328125000,-100.949996948242003,20.529998779296900,"0","7","1",-22.325836181640600,"5236",-69.575126647949205,5.903777599334720,"2526",,,,,,,,,,,,,,,,,,,,,,,,,,,,,,,,,,,,,,,,,,,,,,,,,./0.png
"0","0",0.000000000000000,0.000000000000000,0.000000000000000,0.000000000000000,1.311240196228030,0.000000000000000,0.000000000000000,3.122818946838380,-74.309997558593807,24.279998779296900,357.467987060546989,315.346435546875000,-100.949996948242003,20.500000000000000,"0","7","1",-22.326555252075199,"5236",-69.579345703125000,5.903777599334720,"2527",,,,,,,,,,,,,,,,,,,,,,,,,,,,,,,,,,,,,,,,,,,,,,,,,./0.png
"0","0",0.094258248806000,1.019554615020750,0.925296366214752,17.788143157958999,1.311240196228030,333.163635253906023,315.375610351561988,3.122818946838380,-74.319999694824205,24.279998779296900,350.988677978516023,315.148895263671989,-101.040000915527003,20.529998779296900,"10","8","1",-22.322322845458999,"5237",-69.575805664062500,5.903777599334720,"2526",,,,,,,,,,,,,,,,,,,,,,,,,,,,,,,,,,,,,,,,,,,,,,,,,./0.png
"0","0",0.092464148998260,1.009957790374760,0.917493641376495,17.833438873291001,1.311240196228030,333.219635009766023,315.386322021483977,3.122818946838380,-74.309997558593807,24.279998779296900,349.627441406250000,315.463287353516023,-101.029998779297003,20.500000000000000,"10","8","1",-22.323041915893601,"5237",-69.580017089843807,5.903777599334720,"2527",,,,,,,,,,,,,,,,,,,,,,,,,,,,,,,,,,,,,,,,,,,,,,,,,./0.png
"0","0",-0.016837358474731,1.136005997657780,1.152843356132510,17.580879211425799,2.002199172973630,334.008636474608977,316.427825927733977,2.126450538635250,-74.540000915527301,24.369998931884801,349.608428955078011,314.599060058593977,-101.849998474120994,21.389999389648398,"10","8","1",-22.266784667968800,"5247",-69.464401245117202,1.645180940628050,"2498",,,,,,,,,,,,,,,,,,,,,,,,,,,,,,,,,,,,,,,,,,,,,,,,,./0.png
"0","0",-0.070339083671570,1.154976487159730,1.225315570831300,17.557954788208001,2.028900146484380,333.835815429688012,316.277679443358977,2.386865139007570,-74.559997558593807,24.379999160766602,343.102203369140966,315.312683105468977,-99.540000915527301,21.479999542236300,"10","7","1",-22.263578414916999,"5250",-69.460151672363295,2.375289201736450,"2495",,,,,,,,,,,,,,,,,,,,,,,,,,,,,,,,,,,,,,,,,,,,,,,,,./0.png
"0","0",0.004440665245056,1.057140111923220,1.052699446678160,17.532478332519499,2.029241085052490,333.993072509766023,316.460418701171989,3.494839429855350,-74.549995422363295,24.369998931884801,356.047882080078011,314.165039062499943,-99.540000915527301,21.420000076293899,"10","8","1",-22.265007019043001,"5250",-69.468627929687500,4.856948375701900,"2497",,,,,,,,,,,,,,,,,,,,,,,,,,,,,,,,,,,,,,,,,,,,,,,,,./0.png
"0","0",0.014564990997314,1.033094286918640,1.018529295921330,17.538133621215799,2.032767295837400,334.033966064453011,316.495666503906023,2.652132034301760,-74.540000915527301,24.369998931884801,352.527740478516023,315.042236328125000,-99.540000915527301,21.389999389648398,"10","8","1",-22.265722274780298,"5250",-69.472869873046903,4.100426197052000,"2498",,,,,,,,,,,,,,,,,,,,,,,,,,,,,,,,,,,,,,,,,,,,,,,,,./0.png
"0","0",0.000000000000000,0.000000000000000,0.000000000000000,0.000000000000000,2.029241085052490,0.000000000000000,0.000000000000000,3.494839429855350,-74.549995422363295,24.369998931884801,356.687683105468977,313.889831542968977,-99.540000915527301,21.449998855590799,"0","7","1",-22.264293670654300,"5250",-69.464393615722699,4.856948375701900,"2496",,,,,,,,,,,,,,,,,,,,,,,,,,,,,,,,,,,,,,,,,,,,,,,,,./0.png
"0","0",-0.073859333992004,1.133258342742920,1.207117676734920,17.542850494384801,2.028900146484380,333.816040039061988,316.273040771483977,2.386865139007570,-74.569999694824205,24.379999160766602,345.036499023438012,315.372406005859034,-99.619995117187500,21.479999542236300,"10","7","1",-22.260046005248999,"5251",-69.460823059082003,2.375289201736450,"2495",,,,,,,,,,,,,,,,,,,,,,,,,,,,,,,,,,,,,,,,,,,,,,,,,./0.png
"0","0",0.061433434486389,0.985205352306366,0.923771917819977,17.700231552123999,2.032543897628780,334.236358642578011,316.536132812499943,2.391717433929440,-74.529998779296889,24.359998703002901,357.140472412108977,314.846893310546989,-99.610000610351605,21.289999008178700,"10","8","1",-22.264328002929702,"5251",-69.486228942871094,4.750313758850100,"2501",,,,,,,,,,,,,,,,,,,,,,,,,,,,,,,,,,,,,,,,,,,,,,,,,./0.png
"0","0",0.051046788692474,1.011154413223270,0.960107624530792,17.755264282226602,2.024455070495610,334.224456787108977,316.469116210938012,2.236439228057860,-74.529998779296889,24.350000381469702,345.613830566406023,316.701232910156023,-99.599998474121094,21.260000228881800,"10","7","1",-22.265041351318398,"5251",-69.490463256835895,2.800452470779420,"2502",,,,,,,,,,,,,,,,,,,,,,,,,,,,,,,,,,,,,,,,,,,,,,,,,./0.png
"0","0",0.000000000000000,0.000000000000000,0.000000000000000,0.000000000000000,2.029241085052490,0.000000000000000,0.000000000000000,3.494839429855350,-74.559997558593807,24.369998931884801,357.369964599608977,313.495758056641023,-99.619995117187500,21.449998855590799,"0","7","1",-22.260759353637699,"5251",-69.465065002441406,4.856948375701900,"2496",,,,,,,,,,,,,,,,,,,,,,,,,,,,,,,,,,,,,,,,,,,,,,,,,./0.png
"0","0",0.000000000000000,0.000000000000000,0.000000000000000,0.000000000000000,2.029241085052490,0.000000000000000,0.000000000000000,3.494839429855350,-74.559997558593807,24.369998931884801,357.344970703125000,314.196472167968977,-99.619995117187500,21.420000076293899,"0","7","1",-22.261474609375000,"5251",-69.469299316406193,4.856948375701900,"2497",,,,,,,,,,,,,,,,,,,,,,,,,,,,,,,,,,,,,,,,,,,,,,,,,./0.png
"0","0",0.000000000000000,0.000000000000000,0.000000000000000,0.000000000000000,2.032767295837400,0.000000000000000,0.000000000000000,2.652132034301760,-74.549995422363295,24.369998931884801,355.223754882811988,312.923767089843977,-99.610000610351605,21.389999389648398,"0","7","1",-22.262189865112301,"5251",-69.473533630371094,4.100426197052000,"2498",,,,,,,,,,,,,,,,,,,,,,,,,,,,,,,,,,,,,,,,,,,,,,,,,./0.png
"0","0",-0.019765138626099,0.981195330619812,1.000960469245910,17.488626480102500,2.028238534927370,333.975341796875000,316.486694335938012,2.223499536514280,-74.559997558593807,24.369998931884801,352.927673339843977,314.267120361328011,-99.699996948242202,21.420000076293899,"10","8","1",-22.257942199706999,"5252",-69.469978332519503,2.588356018066410,"2497",,,,,,,,,,,,,,,,,,,,,,,,,,,,,,,,,,,,,,,,,,,,,,,,,./0.png
"0","0",0.018722355365753,0.911420047283173,0.892697691917419,17.607816696166999,2.033538579940800,334.195068359375000,316.587371826171989,2.914163827896120,-74.549995422363295,24.359998703002901,356.055664062499943,313.992126464843977,-99.689994812011719,21.319999694824201,"10","8","1",-22.260086059570298,"5252",-69.482673645019503,2.911716699600220,"2500",,,,,,,,,,,,,,,,,,,,,,,,,,,,,,,,,,,,,,,,,,,,,,,,,./0.png
"0","0",0.035854756832123,0.927491664886475,0.891636908054352,17.674459457397500,2.033538579940800,334.234710693358977,316.560394287108977,2.914163827896120,-74.540000915527301,24.350000381469702,356.221466064453011,315.073455810546989,-99.689994812011719,21.289999008178700,"10","8","1",-22.260799407958999,"5252",-69.486907958984403,2.911716699600220,"2501",,,,,,,,,,,,,,,,,,,,,,,,,,,,,,,,,,,,,,,,,,,,,,,,,./0.png
"0","0",0.000000000000000,0.000000000000000,0.000000000000000,0.000000000000000,2.034645795822140,0.000000000000000,0.000000000000000,2.569640398025510,-74.549995422363295,24.359998703002901,355.728088378906023,313.224548339843977,-99.689994812011719,21.359998703002901,"0","7","1",-22.259370803833001,"5252",-69.478446960449205,7.083728313446040,"2499",,,,,,,,,,,,,,,,,,,,,,,,,,,,,,,,,,,,,,,,,,,,,,,,,./0.png
"0","0",0.009293198585510,0.894754409790039,0.885461211204529,17.639759063720700,2.033538579940800,334.210113525391023,316.570648193358977,2.914163827896120,-74.549995422363295,24.359998703002901,348.982421875000000,315.372406005859034,-99.769996643066406,21.319999694824201,"10","8","1",-22.256555557251001,"5253",-69.483360290527301,2.911716699600220,"2500",,,,,,,,,,,,,,,,,,,,,,,,,,,,,,,,,,,,,,,,,,,,,,,,,./0.png
"0","0",0.023909747600555,0.907034873962402,0.883125126361847,17.706165313720700,2.033538579940800,334.244812011718977,316.538757324219034,2.914163827896120,-74.549995422363295,24.350000381469702,350.655853271483977,315.725189208983977,-99.769996643066406,21.289999008178700,"10","8","1",-22.257270812988299,"5253",-69.487586975097699,2.911716699600220,"2501",,,,,,,,,,,,,,,,,,,,,,,,,,,,,,,,,,,,,,,,,,,,,,,,,./0.png
"0","0",-0.240125775337219,0.925623416900635,1.165749192237850,18.345367431640600,1.871475338935850,332.488159179688012,314.142944335938012,2.132920503616330,-74.419998168945298,24.250000000000000,347.528747558593977,313.976379394531023,-100.019996643065994,20.430000305175799,"10","8","1",-22.263153076171900,"5257",-69.608604431152301,3.404401540756230,"2529",,,,,,,,,,,,,,,,,,,,,,,,,,,,,,,,,,,,,,,,,,,,,,,,,./0.png
"0","0",-0.277742385864258,0.906911611557007,1.184653997421260,18.408775329589801,1.140595912933350,332.444396972656023,314.035797119140966,2.069838762283330,-74.419998168945298,24.239999771118200,344.463958740233977,314.319458007811988,-100.019996643065994,20.399999618530298,"10","8","1",-22.263862609863299,"5257",-69.612800598144503,12.086997985839799,"2530",,,,,,,,,,,,,,,,,,,,,,,,,,,,,,,,,,,,,,,,,,,,,,,,,./0.png
"0","0",-0.223041474819183,0.956057608127594,1.179099082946780,18.415763854980501,1.868124246597290,332.428405761718977,314.012634277343977,2.383630037307740,-74.430000305175795,24.239999771118200,351.891601562499943,314.055023193358977,-100.110000610352003,20.430000305175799,"10","8","1",-22.259643554687500,"5258",-69.609275817871094,3.356322765350340,"2529",,,,,,,,,,,,,,,,,,,,,,,,,,,,,,,,,,,,,,,,,,,,,,,,,./0.png
"0","0",-0.186398029327393,1.005967617034910,1.192365646362300,18.516609191894499,1.868124246597290,332.396759033203011,313.880096435546989,2.383630037307740,-74.439994812011719,24.239999771118200,350.782623291016023,314.233093261718977,-100.189994812012003,20.430000305175799,"10","8","1",-22.256132125854499,"5259",-69.609970092773395,3.356322765350340,"2529",,,,,,,,,,,,,,,,,,,,,,,,,,,,,,,,,,,,,,,,,,,,,,,,,./0.png
"0","0",-0.140148282051086,1.028675079345700,1.168823361396790,18.532478332519499,1.860709786415100,332.404937744140966,313.872436523438012,2.360985279083250,-74.449996948242202,24.239999771118200,347.979705810546989,315.003173828125000,-100.269996643065994,20.459999084472699,"10","8","1",-22.251907348632798,"5260",-69.606437683105497,3.257162332534790,"2528",,,,,,,,,,,,,,,,,,,,,,,,,,,,,,,,,,,,,,,,,,,,,,,,,./0.png
"0","0",-0.192152738571167,1.004474282264710,1.196627020835880,18.535921096801800,1.860709786415100,332.313476562499943,313.777526855468977,2.360985279083250,-74.439994812011719,24.239999771118200,349.895660400391023,314.640838623046989,-100.269996643065994,20.430000305175799,"10","8","1",-22.252618789672901,"5260",-69.610641479492202,3.257162332534790,"2529",,,,,,,,,,,,,,,,,,,,,,,,,,,,,,,,,,,,,,,,,,,,,,,,,./0.png
"0","0",-0.236221075057983,0.958659529685974,1.194880604743960,18.567928314208999,1.189929127693180,332.231445312499943,313.663452148438012,2.081161022186280,-74.439994812011719,24.239999771118200,351.387512207031023,314.146697998046989,-100.269996643065994,20.399999618530298,"10","8","1",-22.253330230712901,"5260",-69.614852905273395,11.592575073242200,"2530",,,,,,,,,,,,,,,,,,,,,,,,,,,,,,,,,,,,,,,,,,,,,,,,,./0.png
"0","0",0.201249301433563,1.141638875007630,0.940389573574066,18.435779571533200,1.897532939910890,332.826019287108977,314.390502929688012,2.322165727615360,-74.540000915527301,24.269998550415000,347.798461914061988,313.501037597656023,-100.779998779297003,20.739999771118200,"10","8","1",-22.224378585815401,"5266",-69.572586059570298,2.779852151870730,"2519",,,,,,,,,,,,,,,,,,,,,,,,,,,,,,,,,,,,,,,,,,,,,,,,,./0.png
"0","0",0.211731493473053,1.169999361038210,0.958267867565155,18.508647918701200,1.884509563446040,332.756652832031023,314.248291015625000,2.310843467712400,-74.529998779296889,24.260000228881800,346.802856445311988,313.797973632811988,-100.779998779297003,20.709999084472699,"10","8","1",-22.225099563598601,"5266",-69.576797485351605,2.787912845611570,"2520",,,,,,,,,,,,,,,,,,,,,,,,,,,,,,,,,,,,,,,,,,,,,,,,,./0.png
"0","0",0.125845193862915,1.110621452331540,0.984776258468628,18.396839141845700,1.897532939910890,332.734649658203011,314.337951660156023,2.322165727615360,-74.549995422363295,24.269998550415000,348.977416992188012,312.733489990233977,-100.860000610352003,20.739999771118200,"10","8","1",-22.220861434936499,"5267",-69.573272705078097,2.779852151870730,"2519",,,,,,,,,,,,,,,,,,,,,,,,,,,,,,,,,,,,,,,,,,,,,,,,,./0.png
"0","0",0.119467258453369,1.128587841987610,1.009120583534240,18.511131286621101,1.884509563446040,332.567108154296932,314.056274414061988,2.310843467712400,-74.540000915527301,24.260000228881800,345.284881591796989,314.473693847656023,-100.860000610352003,20.680000305175799,"10","8","1",-22.222299575805700,"5267",-69.581703186035199,2.787912845611570,"2521",,,,,,,,,,,,,,,,,,,,,,,,,,,,,,,,,,,,,,,,,,,,,,,,,./0.png
"0","0",0.121880412101746,1.143339037895200,1.021458625793460,18.412923812866200,1.888769268989560,332.691925048828011,314.279174804688012,2.202472209930420,-74.549995422363295,24.260000228881800,349.607727050780966,313.153381347656023,-100.939994812012003,20.739999771118200,"10","8","1",-22.217344284057599,"5268",-69.573944091796903,2.053651571273800,"2519",,,,,,,,,,,,,,,,,,,,,,,,,,,,,,,,,,,,,,,,,,,,,,,,,./0.png
"0","0",0.119922041893005,1.150758028030400,1.030835986137390,18.531719207763700,1.876392841339110,332.530151367188012,313.998687744140966,2.244526624679570,-74.540000915527301,24.260000228881800,346.277160644531023,314.392669677733977,-100.939994812012003,20.680000305175799,"10","8","1",-22.218782424926800,"5268",-69.582389831542997,4.814652919769290,"2521",,,,,,,,,,,,,,,,,,,,,,,,,,,,,,,,,,,,,,,,,,,,,,,,,./0.png
"0","0",0.114079236984253,1.157742023468020,1.043662786483760,18.417758941650401,1.888769268989560,332.608764648438012,314.191253662108977,2.202472209930420,-74.559997558593807,24.260000228881800,342.969146728516023,313.285156250000000,-101.019996643065994,20.739999771118200,"10","7","1",-22.213825225830099,"5269",-69.574630737304702,2.053651571273800,"2519",,,,,,,,,,,,,,,,,,,,,,,,,,,,,,,,,,,,,,,,,,,,,,,,,./0.png
"0","0",0.115653991699219,1.202321410179140,1.086667418479920,18.356853485107401,1.849540114402770,332.675689697266023,314.319091796875000,2.027784347534180,-74.580001831054702,24.269998550415000,344.558898925780966,313.716583251953011,-101.189994812012003,20.799999237060501,"10","8","1",-22.205345153808601,"5271",-69.567543029785199,2.336330413818360,"2517",,,,,,,,,,,,,,,,,,,,,,,,,,,,,,,,,,,,,,,,,,,,,,,,,./0.png
"0","0",0.134800910949707,1.214210271835330,1.079409360885620,18.336483001708999,1.887910485267640,332.716400146483977,314.380096435546989,2.952983379364010,-74.599998474121094,24.269998550415000,355.971008300780966,314.520721435546989,-101.269996643065994,20.829999923706101,"10","8","1",-22.201101303100600,"5272",-69.564002990722699,3.490102052688600,"2516",,,,,,,,,,,,,,,,,,,,,,,,,,,,,,,,,,,,,,,,,,,,,,,,,./0.png
"0","0",0.117681622505188,1.217037200927730,1.099355578422550,18.370203018188501,1.887910485267640,332.591125488281023,314.221130371093977,2.952983379364010,-74.589996337890597,24.269998550415000,350.087615966796989,314.206939697266023,-101.269996643065994,20.799999237060501,"10","8","1",-22.201826095581101,"5272",-69.568229675292997,3.490102052688600,"2517",,,,,,,,,,,,,,,,,,,,,,,,,,,,,,,,,,,,,,,,,,,,,,,,,./0.png
"0","0",0.108165025711060,1.224412322044370,1.116247296333310,18.407114028930700,1.887910485267640,332.516510009766023,314.109527587891023,2.952983379364010,-74.599998474121094,24.260000228881800,346.539001464843977,314.387451171875000,-101.349998474120994,20.799999237060501,"10","8","1",-22.198307037353501,"5273",-69.568908691406193,3.490102052688600,"2517",,,,,,,,,,,,,,,,,,,,,,,,,,,,,,,,,,,,,,,,,,,,,,,,,./0.png
"0","0",0.000000000000000,0.000000000000000,0.000000000000000,0.000000000000000,1.887910485267640,0.000000000000000,0.000000000000000,2.952983379364010,-74.599998474121094,24.269998550415000,356.726654052733977,314.146697998046989,-101.349998474120994,20.829999923706101,"0","7","1",-22.197582244873001,"5273",-69.564689636230497,3.490102052688600,"2516",,,,,,,,,,,,,,,,,,,,,,,,,,,,,,,,,,,,,,,,,,,,,,,,,./0.png
"0","0",0.114740252494812,1.206299901008610,1.091559648513790,18.338733673095700,1.894556879997250,332.693695068358977,314.354949951171989,2.254231691360470,-74.619995117187500,24.269998550415000,344.382476806641023,314.473693847656023,-101.430000305175994,20.869998931884801,"10","7","1",-22.193336486816399,"5274",-69.561141967773395,2.359830379486080,"2515",,,,,,,,,,,,,,,,,,,,,,,,,,,,,,,,,,,,,,,,,,,,,,,,,./0.png
"0","0",0.000000000000000,0.000000000000000,0.000000000000000,0.000000000000000,1.879066944122310,0.000000000000000,0.000000000000000,2.606842517852780,-74.610000610351605,24.269998550415000,357.701995849608977,313.860961914061988,-101.430000305175994,20.840000152587901,"0","7","1",-22.194063186645501,"5274",-69.565368652343807,4.769647598266600,"2516",,,,,,,,,,,,,,,,,,,,,,,,,,,,,,,,,,,,,,,,,,,,,,,,,./0.png
"0","0",0.162810564041138,1.259498119354250,1.096687555313110,18.410961151123001,1.894556879997250,332.681610107421989,314.270629882811988,2.254231691360470,-74.619995117187500,24.269998550415000,346.935241699219034,314.471099853516023,-101.509994506835994,20.869998931884801,"10","8","1",-22.189815521240199,"5275",-69.561820983886705,2.359830379486080,"2515",,,,,,,,,,,,,,,,,,,,,,,,,,,,,,,,,,,,,,,,,,,,,,,,,./0.png
"0","0",0.150411605834961,1.274359583854680,1.123947978019710,18.434000015258800,1.879066944122310,332.531219482421989,314.097198486328011,2.606842517852780,-74.619995117187500,24.260000228881800,356.393737792968977,313.569396972656023,-101.509994506835994,20.840000152587901,"10","8","1",-22.190544128418001,"5275",-69.566047668457003,4.769647598266600,"2516",,,,,,,,,,,,,,,,,,,,,,,,,,,,,,,,,,,,,,,,,,,,,,,,,./0.png
"0","0",0.149427652359009,1.250795602798460,1.101367950439450,18.408977508544901,1.885598659515380,332.594940185546989,314.185913085938012,2.545378208160400,-74.629997253417997,24.269998550415000,350.744293212891023,315.146301269531023,-101.589996337890994,20.869998931884801,"10","8","1",-22.186296463012699,"5276",-69.562507629394503,4.328820705413820,"2515",,,,,,,,,,,,,,,,,,,,,,,,,,,,,,,,,,,,,,,,,,,,,,,,,./0.png
"0","0",0.139293670654297,1.266878843307500,1.127585172653200,18.427867889404300,1.870182514190670,332.445037841796989,314.017181396483977,2.446711778640750,-74.619995117187500,24.260000228881800,356.736083984375000,314.034057617188012,-101.589996337890994,20.840000152587901,"10","8","1",-22.187023162841800,"5276",-69.566734313964801,3.778419256210330,"2516",,,,,,,,,,,,,,,,,,,,,,,,,,,,,,,,,,,,,,,,,,,,,,,,,./0.png
"0","0",0.116022586822510,1.220149755477910,1.104127168655400,18.389141082763700,1.885598659515380,332.483245849608977,314.093963623046989,2.545378208160400,-74.639999389648395,24.269998550415000,355.080871582031023,314.726928710938012,-101.680000305175994,20.869998931884801,"10","8","1",-22.182775497436499,"5277",-69.563186645507798,4.328820705413820,"2515",,,,,,,,,,,,,,,,,,,,,,,,,,,,,,,,,,,,,,,,,,,,,,,,,./0.png
"0","0",0.109617829322815,1.235583424568180,1.125965595245360,18.404016494751001,1.870182514190670,332.335113525391023,313.931060791016023,2.446711778640750,-74.629997253417997,24.260000228881800,353.180297851561988,314.220031738281023,-101.680000305175994,20.840000152587901,"10","8","1",-22.183504104614300,"5277",-69.567413330078097,3.778419256210330,"2516",,,,,,,,,,,,,,,,,,,,,,,,,,,,,,,,,,,,,,,,,,,,,,,,,./0.png
"0","0",0.111385107040405,1.236760020256040,1.125374913215640,18.391698837280298,1.861986279487610,332.235443115233977,313.843688964843977,2.312460899353030,-74.639999389648395,24.260000228881800,351.157104492188012,314.062866210938012,-101.759994506835994,20.840000152587901,"10","8","1",-22.179983139038100,"5278",-69.568092346191406,2.952290773391720,"2516",,,,,,,,,,,,,,,,,,,,,,,,,,,,,,,,,,,,,,,,,,,,,,,,,./0.png
"0","0",0.000000000000000,0.000000000000000,0.000000000000000,0.000000000000000,1.877034783363340,0.000000000000000,0.000000000000000,2.729770898818970,-74.639999389648395,24.260000228881800,357.172607421875000,314.700866699219034,-101.759994506835994,20.869998931884801,"0","7","1",-22.179254531860401,"5278",-69.563873291015597,5.594810962677000,"2515",,,,,,,,,,,,,,,,,,,,,,,,,,,,,,,,,,,,,,,,,,,,,,,,,./0.png
"0","0",0.086361527442932,1.210072755813600,1.123711228370670,18.379089355468800,1.861986279487610,332.141326904296932,313.762084960938012,2.312460899353030,-74.650001525878906,24.260000228881800,350.908294677733977,314.434509277343977,-101.839996337890994,20.840000152587901,"10","8","1",-22.176462173461900,"5279",-69.568778991699205,2.952290773391720,"2516",,,,,,,,,,,,,,,,,,,,,,,,,,,,,,,,,,,,,,,,,,,,,,,,,./0.png
"0","0",0.000000000000000,0.000000000000000,0.000000000000000,0.000000000000000,1.877034783363340,0.000000000000000,0.000000000000000,2.729770898818970,-74.650001525878906,24.260000228881800,357.201171875000000,314.335144042968977,-101.839996337890994,20.869998931884801,"0","7","1",-22.175735473632798,"5279",-69.564544677734403,5.594810962677000,"2515",,,,,,,,,,,,,,,,,,,,,,,,,,,,,,,,,,,,,,,,,,,,,,,,,./0.png
"0","0",0.075821518898010,1.199789524078370,1.123968005180360,18.316034317016602,1.884597182273860,332.462768554688012,314.146606445311988,2.276876211166380,-74.650001525878906,24.269998550415000,347.343109130859034,314.272369384766023,-99.319999694824205,20.930000305175799,"10","8","1",-22.179393768310501,"5280",-69.562377929687500,2.576613187789920,"2513",,,,,,,,,,,,,,,,,,,,,,,,,,,,,,,,,,,,,,,,,,,,,,,,,./0.png
"0","0",0.064445972442627,1.195511937141420,1.131065964698790,18.334115982055700,1.868507504463200,332.345123291016023,314.010864257811988,2.435389518737790,-74.650001525878906,24.269998550415000,356.156921386718977,313.892456054688012,-99.319999694824205,20.899999618530298,"10","8","1",-22.180103302001999,"5280",-69.566604614257798,3.719319105148320,"2514",,,,,,,,,,,,,,,,,,,,,,,,,,,,,,,,,,,,,,,,,,,,,,,,,./0.png
"0","0",0.078652620315552,1.220987558364870,1.142334938049320,18.352188110351602,1.884597182273860,332.416931152343977,314.064605712891023,2.276876211166380,-74.659996032714801,24.269998550415000,349.813018798828011,313.952789306641023,-99.400001525878906,20.930000305175799,"10","8","1",-22.175872802734400,"5281",-69.563056945800795,2.576613187789920,"2513",,,,,,,,,,,,,,,,,,,,,,,,,,,,,,,,,,,,,,,,,,,,,,,,,./0.png
"0","0",0.073850989341736,1.214085578918460,1.140234589576720,18.369966506958001,1.868507504463200,332.300170898438012,313.930023193358977,2.435389518737790,-74.650001525878906,24.269998550415000,354.095886230468977,313.908203125000000,-99.400001525878906,20.899999618530298,"10","8","1",-22.176582336425799,"5281",-69.567291259765597,3.719319105148320,"2514",,,,,,,,,,,,,,,,,,,,,,,,,,,,,,,,,,,,,,,,,,,,,,,,,./0.png
"0","0",0.057644128799438,1.206228733062740,1.148584604263310,18.352209091186499,1.874474287033080,332.345367431641023,313.993011474608977,2.399804830551150,-74.669998168945298,24.269998550415000,352.812133789061988,313.716583251953011,-99.479995727539105,20.930000305175799,"10","8","1",-22.172353744506800,"5282",-69.563751220703097,3.450537681579590,"2513",,,,,,,,,,,,,,,,,,,,,,,,,,,,,,,,,,,,,,,,,,,,,,,,,./0.png
"0","0",0.058462977409363,1.199049949646000,1.140586972236630,18.368431091308601,1.859121561050420,332.230468750000000,313.861846923828011,2.328635692596440,-74.659996032714801,24.260000228881800,352.965240478516023,313.703430175780966,-99.479995727539105,20.899999618530298,"10","8","1",-22.173063278198200,"5282",-69.567977905273395,3.080487251281740,"2514",,,,,,,,,,,,,,,,,,,,,,,,,,,,,,,,,,,,,,,,,,,,,,,,,./0.png
"0","0",0.056887030601501,1.181756734848020,1.124869704246520,18.374469757080099,1.874474287033080,332.280029296875000,313.905364990233977,2.399804830551150,-74.669998168945298,24.269998550415000,353.534851074219034,313.124359130859034,-99.569999694824205,20.930000305175799,"10","8","1",-22.168832778930700,"5283",-69.564430236816406,3.450537681579590,"2513",,,,,,,,,,,,,,,,,,,,,,,,,,,,,,,,,,,,,,,,,,,,,,,,,./0.png
"0","0",0.063480615615845,1.174910306930540,1.111429691314700,18.388721466064499,1.859121561050420,332.168334960938012,313.779327392578011,2.328635692596440,-74.669998168945298,24.260000228881800,351.218719482421989,313.029388427733977,-99.559997558593807,20.899999618530298,"10","8","1",-22.169542312622099,"5283",-69.568656921386705,3.080487251281740,"2514",,,,,,,,,,,,,,,,,,,,,,,,,,,,,,,,,,,,,,,,,,,,,,,,,./0.png
"0","0",0.034150481224060,1.131356477737430,1.097205996513370,18.366355895996101,1.866406083106990,332.194915771483977,313.828430175780966,2.576110363006590,-74.680000305175795,24.269998550415000,355.862091064453011,313.214019775391023,-99.650001525878906,20.930000305175799,"10","8","1",-22.165311813354499,"5284",-69.565116882324205,4.661562919616700,"2513",,,,,,,,,,,,,,,,,,,,,,,,,,,,,,,,,,,,,,,,,,,,,,,,,./0.png
"0","0",0.046098589897156,1.120419144630430,1.074320554733280,18.377918243408200,1.845751523971560,332.088562011718977,313.710418701171989,2.100570917129520,-74.669998168945298,24.260000228881800,346.329345703125000,313.616729736328011,-99.639999389648395,20.899999618530298,"10","8","1",-22.166023254394499,"5284",-69.569351196289105,1.671872854232790,"2514",,,,,,,,,,,,,,,,,,,,,,,,,,,,,,,,,,,,,,,,,,,,,,,,,./0.png
"0","0",0.009810924530029,1.073989033699040,1.064178109169010,18.374052047729499,1.866406083106990,332.113891601561988,313.739715576171989,2.576110363006590,-74.689994812011719,24.260000228881800,355.440490722656023,312.855102539061988,-99.729995727539105,20.930000305175799,"10","8","1",-22.161790847778299,"5285",-69.565795898437500,4.661562919616700,"2513",,,,,,,,,,,,,,,,,,,,,,,,,,,,,,,,,,,,,,,,,,,,,,,,,./0.png
"0","0",-0.004595637321472,1.030862808227540,1.035458445549010,18.355869293212901,1.845751523971560,331.980865478516023,313.624816894531023,2.100570917129520,-74.680000305175795,24.260000228881800,343.006866455078011,313.635131835938012,-99.720001220703111,20.899999618530298,"10","7","1",-22.162502288818398,"5285",-69.570030212402301,1.671872854232790,"2514",,,,,,,,,,,,,,,,,,,,,,,,,,,,,,,,,,,,,,,,,,,,,,,,,./0.png
"0","0",-0.036673784255981,1.015314817428590,1.051988601684570,18.331047058105501,1.857957601547240,332.088500976561988,313.757293701171989,2.757268190383910,-74.699996948242202,24.269998550415000,345.799407958983977,314.403137207031023,-99.809997558593807,20.959999084472699,"10","8","1",-22.157554626464801,"5286",-69.562255859375000,2.953478813171390,"2512",,,,,,,,,,,,,,,,,,,,,,,,,,,,,,,,,,,,,,,,,,,,,,,,,./0.png
"0","0",-0.030556678771973,1.004985094070430,1.035541772842410,18.350000381469702,1.857957601547240,332.002136230468977,313.651947021483977,2.757268190383910,-74.689994812011719,24.260000228881800,356.700683593750000,313.395782470703068,-99.809997558593807,20.930000305175799,"10","8","1",-22.158269882202099,"5286",-69.566482543945298,2.953478813171390,"2513",,,,,,,,,,,,,,,,,,,,,,,,,,,,,,,,,,,,,,,,,,,,,,,,,./0.png
"0","0",-0.035786032676697,0.997433185577393,1.033219218254090,18.373832702636701,1.857957601547240,332.025970458983977,313.652038574219034,2.757268190383910,-74.709999084472699,24.260000228881800,349.853668212891023,313.432617187500057,-99.889999389648395,20.959999084472699,"10","8","1",-22.154033660888700,"5287",-69.562927246093807,2.953478813171390,"2512",,,,,,,,,,,,,,,,,,,,,,,,,,,,,,,,,,,,,,,,,,,,,,,,,./0.png
"0","0",-0.025262773036957,0.980336010456085,1.005598783493040,18.387931823730501,1.857957601547240,331.937194824219034,313.549072265625000,2.757268190383910,-74.699996948242202,24.260000228881800,355.253753662108977,312.881530761718977,-99.889999389648395,20.930000305175799,"10","8","1",-22.154747009277301,"5287",-69.567161560058594,2.953478813171390,"2513",,,,,,,,,,,,,,,,,,,,,,,,,,,,,,,,,,,,,,,,,,,,,,,,,./0.png
"0","0",-0.021075427532196,0.966713905334473,0.987789332866669,18.407718658447301,1.836821198463440,331.889373779296932,313.481597900391023,2.055281400680540,-74.709999084472699,24.260000228881800,345.049987792968977,312.638244628906023,-99.970001220703111,20.930000305175799,"10","8","1",-22.151226043701200,"5288",-69.567848205566406,2.869832038879390,"2513",,,,,,,,,,,,,,,,,,,,,,,,,,,,,,,,,,,,,,,,,,,,,,,,,./0.png
"0","0",0.305202186107635,1.167104959487920,0.861902773380280,18.059772491455099,1.784058451652530,330.571136474608977,312.511444091796989,2.089248418807980,-74.949996948242202,24.219999313354499,340.507171630859034,311.698333740233977,-100.119995117187997,21.049999237060501,"10","7","1",-22.037872314453100,"5322",-69.580596923828097,2.009073734283450,"2509",,,,,,,,,,,,,,,,,,,,,,,,,,,,,,,,,,,,,,,,,,,,,,,,,./0.png
"0","0",0.305749952793121,1.172703623771670,0.866953670978546,18.054485321044901,1.784058451652530,330.532440185546989,312.478210449219034,2.089248418807980,-74.949996948242202,24.219999313354499,342.829742431641023,311.788879394531023,-100.199996948242003,21.049999237060501,"10","8","1",-22.034345626831101,"5323",-69.581283569335895,2.009073734283450,"2509",,,,,,,,,,,,,,,,,,,,,,,,,,,,,,,,,,,,,,,,,,,,,,,,,./0.png
"0","0",0.390262961387634,1.298747897148130,0.908484935760498,18.016965866088899,1.780311226844790,330.725006103516023,312.708129882811988,1.969554901123050,-74.979995727539105,24.229999542236300,342.559509277343977,311.732971191406023,-100.369995117187997,21.109998703002901,"10","8","1",-22.025861740112301,"5325",-69.574180603027301,2.494396209716800,"2507",,,,,,,,,,,,,,,,,,,,,,,,,,,,,,,,,,,,,,,,,,,,,,,,,./0.png
"0","0",-1.534066677093510,2.790319919586180,4.324386596679690,22.697959899902301,0.934131324291229,328.481811523438012,305.783905029296932,2.312460899353030,-77.049995422363295,24.170000076293899,351.384826660156023,307.378448486328011,-100.470001220702997,23.549999237060501,"10","8","1",-21.134927749633800,"5582",-69.459747314453097,9.518186569213871,"2428",,,,,,,,,,,,,,,,,,,,,,,,,,,,,,,,,,,,,,,,,,,,,,,,,./0.png
"0","0",-1.555403470993040,2.749519109725950,4.304922580718990,22.678726196289102,0.934131324291229,328.458251953125000,305.779571533203011,2.312460899353030,-77.049995422363295,24.159999847412099,350.580993652343977,308.802520751953011,-100.470001220702997,23.519998550415000,"10","8","1",-21.135669708251999,"5582",-69.464073181152301,9.518186569213871,"2429",,,,,,,,,,,,,,,,,,,,,,,,,,,,,,,,,,,,,,,,,,,,,,,,,./0.png
"0","0",-1.609886407852170,2.739310503005980,4.349196910858150,22.677095413208001,0.936729848384857,328.424011230468977,305.746887207031023,2.223499536514280,-77.040000915527301,24.159999847412099,352.114471435546989,309.101318359375000,-100.470001220702997,23.489999771118200,"10","8","1",-21.136411666870099,"5582",-69.468406677246094,8.874643325805662,"2430",,,,,,,,,,,,,,,,,,,,,,,,,,,,,,,,,,,,,,,,,,,,,,,,,./0.png
"0","0",-1.561185598373410,2.894941568374630,4.456127166748051,22.681484222412099,0.936729848384857,328.307067871093977,305.625671386718977,2.223499536514280,-77.049995422363295,24.159999847412099,351.009094238281023,309.226074218750000,-100.540000915527003,23.489999771118200,"10","8","1",-21.132833480835000,"5583",-69.469093322753906,8.874643325805662,"2430",,,,,,,,,,,,,,,,,,,,,,,,,,,,,,,,,,,,,,,,,,,,,,,,,./0.png
"0","0",-3.270570516586300,3.887337446212770,7.157907962799070,24.093807220458999,0.789959967136383,330.919128417968977,306.825164794921989,1.872506022453310,-77.759994506835895,24.100000381469702,352.110504150391023,308.003448486328011,-100.529998779297003,23.979999542236300,"10","8","1",-20.809902191162099,"5679",-69.484733581542997,15.086236000061000,"2414",,,,,,,,,,,,,,,,,,,,,,,,,,,,,,,,,,,,,,,,,,,,,,,,,./0.png
"0","0",-2.794574737548830,3.238123893737790,6.032698631286620,23.455759048461900,0.797789752483368,331.398132324219034,307.942199707031023,2.086013555526730,-77.739997863769503,24.079999923706101,352.945831298828011,312.044219970703068,-100.529998779297003,23.879999160766602,"10","8","1",-20.812141418456999,"5679",-69.497764587402301,17.929290771484400,"2417",,,,,,,,,,,,,,,,,,,,,,,,,,,,,,,,,,,,,,,,,,,,,,,,,./0.png
"0","0",-3.548918485641480,3.806553602218630,7.355472087860110,24.338661193847699,0.785886406898499,330.884399414061988,306.545654296875000,2.158800125122070,-77.769996643066406,24.100000381469702,353.394195556641023,312.868316650391023,-100.599998474120994,24.010000228881800,"10","8","1",-20.805568695068398,"5680",-69.481079101562500,19.157632827758800,"2413",,,,,,,,,,,,,,,,,,,,,,,,,,,,,,,,,,,,,,,,,,,,,,,,,./0.png
"0","0",-3.310556650161740,3.569848299026490,6.880404949188230,24.003494262695298,0.797449409961700,331.190917968750000,307.187316894531023,2.707126379013060,-77.759994506835895,24.090000152587901,356.461486816406023,312.720275878906023,-100.599998474120994,23.979999542236300,"10","8","1",-20.806314468383800,"5680",-69.485435485839801,13.306518554687500,"2414",,,,,,,,,,,,,,,,,,,,,,,,,,,,,,,,,,,,,,,,,,,,,,,,,./0.png
"0","0",-3.172039508819580,3.365961551666260,6.538001060485840,23.793317794799801,0.797449409961700,331.319885253906023,307.526458740233977,2.707126379013060,-77.759994506835895,24.090000152587901,349.025390625000000,313.923919677733977,-100.599998474120994,23.949998855590799,"10","8","1",-20.807062149047901,"5680",-69.489776611328097,13.306518554687500,"2415",,,,,,,,,,,,,,,,,,,,,,,,,,,,,,,,,,,,,,,,,,,,,,,,,./0.png
"0","0",-2.985163211822510,3.158967971801760,6.144131183624270,23.576231002807599,0.806017518043518,331.460601806641023,307.884185791016023,2.711978673934940,-77.750000000000000,24.090000152587901,355.123840332031023,312.301757812499943,-100.599998474120994,23.920000076293899,"10","8","1",-20.807809829711900,"5680",-69.494125366210895,13.263430595397899,"2416",,,,,,,,,,,,,,,,,,,,,,,,,,,,,,,,,,,,,,,,,,,,,,,,,./0.png
"0","0",-2.755403995513920,2.901137351989750,5.656541347503660,23.367736816406200,0.806017518043518,331.611846923828011,308.243988037108977,2.711978673934940,-77.750000000000000,24.079999923706101,353.886322021483977,311.663726806641023,-100.599998474120994,23.889999389648398,"10","8","1",-20.808555603027301,"5680",-69.498466491699205,13.263430595397899,"2417",,,,,,,,,,,,,,,,,,,,,,,,,,,,,,,,,,,,,,,,,,,,,,,,,./0.png
"0","0",0.000000000000000,0.000000000000000,0.000000000000000,0.000000000000000,1.227379918098450,0.000000000000000,0.000000000000000,2.338340520858760,-81.139999389648395,26.729999542236300,367.000000000000000,313.511566162108977,-101.150001525879006,42.409999847412102,"0","9","1",-20.202350616455099,"5702",-66.510406494140597,18.180513381958001,"1741",,,,,,,,,,,,,,,,,,,,,,,,,,,,,,,,,,,,,,,,,,,,,,,,,./0.png
"1","0",-3.797410249710080,3.902968645095830,7.700378894805910,27.446798324585000,0.782855093479156,328.720672607421989,301.273895263671989,1.663851022720340,-78.470001220703111,24.069999694824201,343.539062500000000,305.775512695311988,-100.180000305175994,24.689998626708999,"10","8","1",-20.499729156494102,"5770",-69.464653015136705,12.473531723022500,"2391",,,,,,,,,,,,,,,,,,,,,,,,,,,,,,,,,,,,,,,,,,,,,,,,,./0.png
"0","0",-0.229726552963257,1.184648633003230,1.414375185966490,21.011817932128899,0.815482318401337,331.721374511718977,310.709777832031023,2.115128278732300,-78.629997253417997,23.889999389648398,350.993469238281023,311.855438232421989,-101.119995117187997,23.699998855590799,"10","8","1",-20.369474411010700,"5816",-69.641838073730497,18.018516540527301,"2423",,,,,,,,,,,,,,,,,,,,,,,,,,,,,,,,,,,,,,,,,,,,,,,,,./0.png
"0","0",-0.186768651008606,0.979936122894287,1.166704773902890,20.725269317626999,1.280508041381840,328.424865722656023,307.699707031250000,2.079543590545650,-78.769996643066406,23.769998550415000,351.003662109375000,309.304687500000000,-101.309997558594006,23.119998931884801,"10","8","1",-20.269285202026399,"5851",-69.753257751464801,10.938921928405801,"2442",,,,,,,,,,,,,,,,,,,,,,,,,,,,,,,,,,,,,,,,,,,,,,,,,./0.png
"0","0",0.509459376335144,2.397613048553470,1.888153672218320,12.523550033569300,0.801531493663788,306.368743896483977,293.845306396483977,1.134934782981870,-86.750000000000000,30.679998397827099,355.504974365233977,295.350250244140966,-103.119995117187997,60.689998626708999,"10","8","1",-18.357538223266602,"5975",-62.155986785888707,7.457413196563720,"655",,,,,,,,,,,,,,,,,,,,,,,,,,,,,,,,,,,,,,,,,,,,,,,,,./0.png
"0","0",1.225832343101500,3.214214324951170,1.988381981849670,12.613062858581500,0.740449190139771,306.275756835938012,293.662597656250000,0.969951689243317,-86.759994506835895,30.689998626708999,346.982025146483977,294.059783935546989,-102.549995422362997,60.699996948242202,"10","8","1",-18.353261947631800,"5990",-62.159084320068402,5.133407592773440,"654",,,,,,,,,,,,,,,,,,,,,,,,,,,,,,,,,,,,,,,,,,,,,,,,,./0.png
"0","0",1.505242824554440,3.867152690887450,2.361909866333010,17.705389022827099,0.724950850009918,310.226715087891023,292.521270751953011,0.935984551906586,-87.459999084472699,30.969999313354499,331.577056884766023,295.220611572266023,-102.970001220702997,61.829998016357401,"10","8","1",-18.004589080810501,"6065",-61.860683441162102,5.128312110900880,"569",,,,,,,,,,,,,,,,,,,,,,,,,,,,,,,,,,,,,,,,,,,,,,,,,./0.png
"0","3",1.486501216888430,1.933313131332400,0.446811884641647,3.695354938507080,0.619161248207092,293.518920898438012,289.823638916016023,1.788397073745730,-80.119995117187500,23.269998550415000,330.886535644531023,305.605804443358977,-99.860000610351605,21.289999008178700,"10","7","1",-19.541469573974599,"6090",-70.208450317382798,15.463937759399400,"2501",,,,,,,,,,,,,,,,,,,,,,,,,,,,,,,,,,,,,,,,,,,,,,,,,./0.png
"0","0",1.880963206291200,3.613950490951540,1.732987284660340,14.388585090637200,0.912425637245178,309.146148681641023,294.757629394531023,1.209338903427120,-87.689994812011719,29.760000228881800,330.492828369140966,296.092376708983977,-102.680000305175994,58.409999847412102,"10","8","1",-17.599332809448200,"6263",-63.157352447509801,5.677228927612300,"831",,,,,,,,,,,,,,,,,,,,,,,,,,,,,,,,,,,,,,,,,,,,,,,,,./0.png
"0","0",1.941872000694270,3.538021802902220,1.596149802207950,14.315529823303200,0.917700171470642,309.163269042968977,294.847808837891023,1.154344558715820,-87.680000305175795,29.750000000000000,340.223052978516023,296.558807373046989,-102.680000305175994,58.399997711181598,"10","8","1",-17.600149154663100,"6263",-63.161182403564503,4.517185211181640,"832",,,,,,,,,,,,,,,,,,,,,,,,,,,,,,,,,,,,,,,,,,,,,,,,,./0.png
"0","0",0.733397245407104,2.247401237487790,1.514003992080690,14.900444984436000,0.784952342510223,308.772460937500057,293.872009277343977,0.986126482486725,-88.000000000000000,29.559999465942401,331.921234130859034,295.175354003906023,-102.229995727539006,57.930000305175803,"10","8","1",-17.379783630371101,"6349",-63.380950927734403,3.726066589355470,"869",,,,,,,,,,,,,,,,,,,,,,,,,,,,,,,,,,,,,,,,,,,,,,,,,./0.png
,,,,,,,,,,,,,,,,,,,,,,,,"0","0",0.000000000000000,0.000000000000000,0.000000000000000,0.000000000000000,0.327991396188736,0.000000000000000,0.000000000000000,0.690127491950989,-169.949996948241989,125.629997253417997,328.560424804688012,283.827728271483977,113.779998779297003,70.059997558593807,"0","8","0",-39.527957916259801,"1143",-71.128097534179702,17.331621170043899,"17",,,,,,,,,,,,,,,,,,,,,,,,,./0.png
,,,,,,,,,,,,,,,,,,,,,,,,"0","0",0.000000000000000,0.000000000000000,0.000000000000000,0.000000000000000,0.324684590101242,0.000000000000000,0.000000000000000,1.033033490180970,-169.959991455078011,125.629997253417997,367.000000000000000,287.336273193358977,113.779998779297003,70.049995422363295,"0","9","0",-39.530441284179702,"1143",-71.120857238769503,16.897994995117202,"18",,,,,,,,,,,,,,,,,,,,,,,,,./0.png
,,,,,,,,,,,,,,,,,,,,,,,,"0","0",0.000000000000000,0.000000000000000,0.000000000000000,0.000000000000000,0.324684590101242,0.000000000000000,0.000000000000000,1.033033490180970,-169.970001220703011,125.619995117187997,326.965881347656023,286.228668212891023,113.769996643065994,70.029998779296903,"0","8","0",-39.533145904541001,"1143",-71.112960815429702,16.897994995117202,"19",,,,,,,,,,,,,,,,,,,,,,,,,./0.png
,,,,,,,,,,,,,,,,,,,,,,,,"0","0",0.000000000000000,0.000000000000000,0.000000000000000,0.000000000000000,0.326517701148987,0.000000000000000,0.000000000000000,1.686495780944820,-169.979995727539006,125.619995117187997,344.347747802733977,290.207580566406023,113.769996643065994,70.019996643066406,"0","8","0",-39.536056518554702,"1143",-71.104469299316406,32.342494964599602,"20",,,,,,,,,,,,,,,,,,,,,,,,,./0.png
,,,,,,,,,,,,,,,,,,,,,,,,"0","0",0.000000000000000,0.000000000000000,0.000000000000000,0.000000000000000,0.326517701148987,0.000000000000000,0.000000000000000,1.686495780944820,-169.989990234375000,125.619995117187997,367.000000000000000,296.035430908203011,113.759994506835994,70.000000000000000,"0","9","0",-39.538665771484403,"1143",-71.096847534179702,32.342494964599602,"21",,,,,,,,,,,,,,,,,,,,,,,,,./0.png
,,,,,,,,,,,,,,,,,,,,,,,,"0","0",0.000000000000000,0.000000000000000,0.000000000000000,0.000000000000000,0.328572899103165,0.000000000000000,0.000000000000000,0.990978956222534,-170.000000000000000,125.619995117187997,367.000000000000000,290.405517578125000,113.759994506835994,69.989997863769503,"0","9","0",-39.541206359863303,"1143",-71.089431762695298,15.704431533813500,"22",,,,,,,,,,,,,,,,,,,,,,,,,./0.png
,,,,,,,,,,,,,,,,,,,,,,,,"0","0",0.748319745063782,1.665489196777340,0.917169451713562,1.357226014137270,0.328572899103165,284.351043701171989,282.993927001953011,0.990978956222534,-170.009994506835994,125.619995117187997,307.932250976561988,284.823913574218977,113.750000000000000,69.970001220703097,"10","8","0",-39.543704986572301,"1143",-71.082130432128906,15.704431533813500,"23",,,,,,,,,,,,,,,,,,,,,,,,,./0.png
,,,,,,,,,,,,,,,,,,,,,,,,"0","0",0.000000000000000,0.000000000000000,0.000000000000000,0.000000000000000,0.329802483320236,0.000000000000000,0.000000000000000,1.196398973464970,-169.940002441405994,125.619995117187997,329.147338867188012,285.037902832031023,113.759994506835994,70.080001831054702,"0","8","0",-39.531970977783203,"1144",-71.140159606933594,10.368699073791500,"16",,,,,,,,,,,,,,,,,,,,,,,,,./0.png
,,,,,,,,,,,,,,,,,,,,,,,,"0","0",0.000000000000000,0.000000000000000,0.000000000000000,0.000000000000000,0.329802483320236,0.000000000000000,0.000000000000000,1.196398973464970,-169.949996948241989,125.619995117187997,367.000000000000000,288.078399658203011,113.759994506835994,70.059997558593807,"0","9","0",-39.534626007080099,"1144",-71.132400512695298,10.368699073791500,"17",,,,,,,,,,,,,,,,,,,,,,,,,./0.png
,,,,,,,,,,,,,,,,,,,,,,,,"0","0",0.000000000000000,0.000000000000000,0.000000000000000,0.000000000000000,0.326355993747711,0.000000000000000,0.000000000000000,0.898782491683960,-169.959991455078011,125.619995117187997,345.413970947266023,284.056884765625000,113.750000000000000,70.049995422363295,"0","8","0",-39.537483215332003,"1144",-71.124061584472699,13.655503273010300,"18",,,,,,,,,,,,,,,,,,,,,,,,,./0.png
,,,,,,,,,,,,,,,,,,,,,,,,"0","0",0.000000000000000,0.000000000000000,0.000000000000000,0.000000000000000,0.326355993747711,0.000000000000000,0.000000000000000,0.898782491683960,-169.970001220703011,125.619995117187997,320.450988769531023,285.149658203125000,113.750000000000000,70.029998779296903,"0","8","0",-39.539970397949197,"1144",-71.116790771484403,13.655503273010300,"19",,,,,,,,,,,,,,,,,,,,,,,,,./0.png
,,,,,,,,,,,,,,,,,,,,,,,,"0","0",0.000000000000000,0.000000000000000,0.000000000000000,0.000000000000000,0.331046700477600,0.000000000000000,0.000000000000000,0.732181966304779,-169.979995727539006,125.610000610352003,322.081024169921989,287.294372558593977,113.739997863770000,70.019996643066406,"0","8","0",-39.542449951171903,"1144",-71.109550476074205,6.359766960144040,"20",,,,,,,,,,,,,,,,,,,,,,,,,./0.png
,,,,,,,,,,,,,,,,,,,,,,,,"0","0",0.000000000000000,0.000000000000000,0.000000000000000,0.000000000000000,0.331046700477600,0.000000000000000,0.000000000000000,0.732181966304779,-169.989990234375000,125.610000610352003,324.003326416016023,286.222167968750000,113.739997863770000,70.000000000000000,"0","8","0",-39.545707702636697,"1144",-71.100036621093807,6.359766960144040,"21",,,,,,,,,,,,,,,,,,,,,,,,,./0.png
,,,,,,,,,,,,,,,,,,,,,,,,"0","0",0.000000000000000,0.000000000000000,0.000000000000000,0.000000000000000,0.334012061357498,0.000000000000000,0.000000000000000,1.527982592582700,-170.009994506835994,125.610000610352003,367.000000000000000,291.906005859375000,113.729995727539006,69.970001220703097,"0","9","0",-39.550865173339801,"1144",-71.084945678710895,14.153424263000501,"23",,,,,,,,,,,,,,,,,,,,,,,,,./0.png
,,,,,,,,,,,,,,,,,,,,,,,,"0","0",0.806698858737946,1.656224846839900,0.849525988101959,1.399744987487790,0.334012061357498,284.314514160156023,282.914764404296989,1.527982592582700,-170.000000000000000,125.610000610352003,317.268585205078011,284.602935791016023,113.729995727539006,69.989997863769503,"10","8","0",-39.548477172851598,"1144",-71.091926574707003,14.153424263000501,"22",,,,,,,,,,,,,,,,,,,,,,,,,./0.png
,,,,,,,,,,,,,,,,,,,,,,,,"0","0",0.748527526855469,1.746721386909480,0.998193860054016,1.445578575134280,0.337863206863403,284.565338134766023,283.119903564453011,0.643220543861389,-170.019989013671989,125.610000610352003,301.983947753906023,284.873352050781023,113.720001220702997,69.959999084472699,"10","8","0",-39.553150177002003,"1144",-71.078277587890597,7.217152118682860,"24",,,,,,,,,,,,,,,,,,,,,,,,,./0.png
,,,,,,,,,,,,,,,,,,,,,,,,"0","0",0.000000000000000,0.000000000000000,0.000000000000000,0.000000000000000,0.329213559627533,0.000000000000000,0.000000000000000,0.520291984081268,-169.849990844726989,125.629997253417997,330.872467041016023,284.929321289061988,113.779998779297003,70.199996948242202,"0","8","0",-39.514225006103501,"1145",-71.215888977050795,9.259890556335449,"9",,,,,,,,,,,,,,,,,,,,,,,,,./0.png
,,,,,,,,,,,,,,,,,,,,,,,,"0","0",0.000000000000000,0.000000000000000,0.000000000000000,0.000000000000000,0.334012061357498,0.000000000000000,0.000000000000000,1.527982592582700,-170.000000000000000,125.599998474120994,347.216644287108977,285.336761474608977,113.699996948242003,69.970001220703097,"0","8","0",-39.557731628417997,"1145",-71.088630676269503,14.153424263000501,"23",,,,,,,,,,,,,,,,,,,,,,,,,./0.png
,,,,,,,,,,,,,,,,,,,,,,,,"0","0",0.710435211658478,1.406943321228030,0.696508109569550,1.190621137619020,0.327234029769897,283.621063232421989,282.430419921875000,0.479854941368103,-169.869995117188012,125.629997253417997,308.102203369140966,284.526977539061988,113.769996643065994,70.180000305175795,"10","8","0",-39.518833160400398,"1145",-71.202407836914105,3.686522960662840,"10",,,,,,,,,,,,,,,,,,,,,,,,,./0.png
,,,,,,,,,,,,,,,,,,,,,,,,"0","0",0.714274525642395,1.379726290702820,0.665451765060425,1.190003514289860,0.327234029769897,283.634429931641023,282.444396972656023,0.479854941368103,-169.879989624023011,125.619995117187997,302.236297607421989,283.391387939453011,113.769996643065994,70.169998168945298,"10","8","0",-39.522254943847699,"1145",-71.192398071289105,3.686522960662840,"11",,,,,,,,,,,,,,,,,,,,,,,,,./0.png
,,,,,,,,,,,,,,,,,,,,,,,,"0","0",0.957056701183319,1.642661452293400,0.685604751110077,1.408243775367740,0.327936142683029,283.959564208983977,282.551422119141023,0.479854941368103,-169.929992675780994,125.619995117187997,299.917968750000000,283.027008056641023,113.739997863770000,70.099998474121094,"10","8","0",-39.535648345947301,"1145",-71.153236389160199,7.293416500091550,"15",,,,,,,,,,,,,,,,,,,,,,,,,./0.png
,,,,,,,,,,,,,,,,,,,,,,,,"0","0",0.973746299743652,1.690496683120730,0.716750383377075,1.423050284385680,0.329802483320236,283.964355468750000,282.541351318358977,1.196398973464970,-169.929992675780994,125.610000610352003,307.783050537108977,283.658081054688012,113.739997863770000,70.080001831054702,"10","8","0",-39.537971496582003,"1145",-71.146461486816406,10.368699073791500,"16",,,,,,,,,,,,,,,,,,,,,,,,,./0.png
,,,,,,,,,,,,,,,,,,,,,,,,"0","0",0.903082072734833,1.620997309684750,0.717915236949921,1.375172257423400,0.329802483320236,283.939880371093977,282.564758300781023,1.196398973464970,-169.940002441405994,125.610000610352003,296.714447021483977,283.184295654296989,113.729995727539006,70.069999694824205,"10","8","0",-39.540260314941399,"1145",-71.139770507812500,10.368699073791500,"17",,,,,,,,,,,,,,,,,,,,,,,,,./0.png
,,,,,,,,,,,,,,,,,,,,,,,,"0","0",0.719581842422485,1.516537785530090,0.796955943107605,1.331036686897280,0.331046700477600,284.133941650391023,282.802856445311988,0.732181966304779,-169.979995727539006,125.610000610352003,301.012634277343977,284.978668212891023,113.709999084472997,70.000000000000000,"10","8","0",-39.551059722900398,"1145",-71.108192443847699,6.359766960144040,"21",,,,,,,,,,,,,,,,,,,,,,,,,./0.png
,,,,,,,,,,,,,,,,,,,,,,,,"0","0",0.716602504253387,1.575165510177610,0.858563005924225,1.367467522621150,0.334012061357498,284.258239746093977,282.890808105468977,1.527982592582700,-169.989990234375000,125.599998474120994,300.314727783203011,283.860992431641023,113.709999084472997,69.989997863769503,"10","8","0",-39.554149627685497,"1145",-71.099136352539105,14.153424263000501,"22",,,,,,,,,,,,,,,,,,,,,,,,,./0.png
,,,,,,,,,,,,,,,,,,,,,,,,"0","0",0.599585533142090,1.608019948005680,1.008434414863590,1.363120794296260,0.337863206863403,284.463256835938012,283.100250244141023,0.643220543861389,-170.009994506835994,125.599998474120994,295.127044677733977,284.169616699218977,113.689994812012003,69.949996948242202,"10","8","0",-39.560420989990199,"1145",-71.080757141113295,7.217152118682860,"24",,,,,,,,,,,,,,,,,,,,,,,,,./0.png
,,,,,,,,,,,,,,,,,,,,,,,,"0","0",0.538085937500000,1.256108283996580,0.718022346496582,0.944167971611023,0.327811747789383,283.381347656250000,282.437072753906023,0.643220543861389,-169.819992065430029,125.619995117187997,313.258056640625000,285.294128417968977,113.759994506835994,70.229995727539105,"10","8","0",-39.515476226806598,"1146",-71.236114501953097,5.111057281494140,"7",,,,,,,,,,,,,,,,,,,,,,,,,./0.png
,,,,,,,,,,,,,,,,,,,,,,,,"0","0",0.537557661533356,1.249996662139890,0.712439000606537,0.972208321094513,0.333149433135986,283.409698486328011,282.437316894531023,0.618958294391632,-169.830001831055000,125.619995117187997,316.907440185546989,286.641235351561988,113.759994506835994,70.220001220703097,"10","8","0",-39.518028259277301,"1146",-71.228660583496094,4.616880416870120,"8",,,,,,,,,,,,,,,,,,,,,,,,,./0.png
,,,,,,,,,,,,,,,,,,,,,,,,"0","0",0.536237359046936,1.249309182167050,0.713071823120117,1.003031373023990,0.333149433135986,283.425445556641023,282.422332763671989,0.618958294391632,-169.839996337890994,125.619995117187997,315.110626220703068,284.232574462891023,113.750000000000000,70.199996948242202,"10","8","0",-39.520606994628899,"1146",-71.221138000488295,4.616880416870120,"9",,,,,,,,,,,,,,,,,,,,,,,,,./0.png
,,,,,,,,,,,,,,,,,,,,,,,,"0","0",0.568196058273315,1.281274557113650,0.713078498840332,1.051416754722600,0.330507546663284,283.463470458983977,282.412017822266023,0.483089894056320,-169.860000610351989,125.619995117187997,305.107696533203011,284.523681640625000,113.750000000000000,70.180000305175795,"10","8","0",-39.524829864502003,"1146",-71.208778381347699,3.685591459274290,"10",,,,,,,,,,,,,,,,,,,,,,,,,./0.png
,,,,,,,,,,,,,,,,,,,,,,,,"0","0",0.573649466037750,1.256608366966250,0.682958900928497,1.055974364280700,0.330507546663284,283.484710693358977,282.428619384766023,0.483089894056320,-169.869995117188012,125.619995117187997,305.600402832031023,285.136505126953011,113.739997863770000,70.169998168945298,"10","8","0",-39.528335571289098,"1146",-71.198516845703097,3.685591459274290,"11",,,,,,,,,,,,,,,,,,,,,,,,,./0.png
,,,,,,,,,,,,,,,,,,,,,,,,"0","0",0.574643194675446,1.473162531852720,0.898519337177277,1.270143151283260,0.334191769361496,284.226043701171989,282.955932617188012,0.421625614166260,-170.000000000000000,125.599998474120994,298.369293212891023,284.655761718750000,113.669998168944986,69.970001220703097,"10","8","0",-39.563072204589801,"1146",-71.096817016601605,2.072896003723140,"23",,,,,,,,,,,,,,,,,,,,,,,,,./0.png
,,,,,,,,,,,,,,,,,,,,,,,,"0","0",0.000000000000000,0.000000000000000,0.000000000000000,0.000000000000000,0.327811747789383,0.000000000000000,0.000000000000000,0.643220543861389,-169.819992065430029,125.619995117187997,323.896881103516023,286.251464843750000,113.739997863770000,70.229995727539105,"0","8","0",-39.522632598877003,"1147",-71.239089965820298,5.111057281494140,"7",,,,,,,,,,,,,,,,,,,,,,,,,./0.png
,,,,,,,,,,,,,,,,,,,,,,,,"0","0",0.543036699295044,1.271219849586490,0.728183150291443,0.920787692070007,0.327811747789383,283.366424560546989,282.445556640625000,0.643220543861389,-169.809997558594006,125.619995117187997,312.609466552733977,285.441680908203011,113.739997863770000,70.250000000000000,"10","8","0",-39.519527435302699,"1147",-71.248153686523395,5.111057281494140,"6",,,,,,,,,,,,,,,,,,,,,,,,,./0.png
,,,,,,,,,,,,,,,,,,,,,,,,"0","0",0.481402873992920,1.186561584472660,0.705158710479736,0.906541645526886,0.333149433135986,283.348052978516023,282.441314697266023,0.618958294391632,-169.830001831055000,125.619995117187997,296.138610839843977,285.543212890625000,113.729995727539006,70.220001220703097,"10","8","0",-39.525089263916001,"1147",-71.231933593750000,4.616880416870120,"8",,,,,,,,,,,,,,,,,,,,,,,,,./0.png
,,,,,,,,,,,,,,,,,,,,,,,,"0","0",0.562432408332825,1.457348704338070,0.894916296005249,1.260279178619380,0.334191769361496,284.232818603516023,282.972534179688012,0.421625614166260,-169.989990234375000,125.589996337890994,301.556365966796989,285.945220947266023,113.649993896484006,69.979995727539105,"10","8","0",-39.568946838378899,"1147",-71.103446960449205,2.072896003723140,"23",,,,,,,,,,,,,,,,,,,,,,,,,./0.png
,,,,,,,,,,,,,,,,,,,,,,,,"0","0",0.000000000000000,0.000000000000000,0.000000000000000,0.000000000000000,0.326194256544113,0.000000000000000,0.000000000000000,1.227131128311160,-169.970001220703011,125.629997253417997,353.530395507811988,285.879943847656023,114.220001220702997,70.049995422363295,"0","8","0",-39.529422760009801,"1161",-71.125701904296903,21.492271423339801,"18",,,,,,,,,,,,,,,,,,,,,,,,,./0.png
,,,,,,,,,,,,,,,,,,,,,,,,"0","0",0.000000000000000,0.000000000000000,0.000000000000000,0.000000000000000,0.326194256544113,0.000000000000000,0.000000000000000,1.227131128311160,-169.970001220703011,125.619995117187997,355.477630615233977,287.229858398438012,114.220001220702997,70.029998779296903,"0","8","0",-39.532020568847699,"1161",-71.118247985839801,21.492271423339801,"19",,,,,,,,,,,,,,,,,,,,,,,,,./0.png
,,,,,,,,,,,,,,,,,,,,,,,,"0","0",0.000000000000000,0.000000000000000,0.000000000000000,0.000000000000000,0.327234059572220,0.000000000000000,0.000000000000000,1.508572816848750,-169.989990234375000,125.619995117187997,327.201690673828011,287.552001953125000,114.209999084472997,70.010002136230497,"0","8","0",-39.534915924072301,"1161",-71.109931945800795,28.094161987304702,"20",,,,,,,,,,,,,,,,,,,,,,,,,./0.png
,,,,,,,,,,,,,,,,,,,,,,,,"0","0",0.000000000000000,0.000000000000000,0.000000000000000,0.000000000000000,0.327234059572220,0.000000000000000,0.000000000000000,1.508572816848750,-170.000000000000000,125.619995117187997,367.000000000000000,292.860107421875000,114.209999084472997,70.000000000000000,"0","9","0",-39.537719726562493,"1161",-71.101875305175795,28.094161987304702,"21",,,,,,,,,,,,,,,,,,,,,,,,,./0.png
,,,,,,,,,,,,,,,,,,,,,,,,"0","0",0.000000000000000,0.000000000000000,0.000000000000000,0.000000000000000,0.329934656620026,0.000000000000000,0.000000000000000,1.553862333297730,-170.000000000000000,125.619995117187997,367.000000000000000,296.624420166016023,114.199996948242003,69.979995727539105,"0","9","0",-39.540370941162102,"1161",-71.094261169433594,29.017078399658200,"22",,,,,,,,,,,,,,,,,,,,,,,,,./0.png
,,,,,,,,,,,,,,,,,,,,,,,,"0","0",0.000000000000000,0.000000000000000,0.000000000000000,0.000000000000000,0.329934656620026,0.000000000000000,0.000000000000000,1.553862333297730,-170.009994506835994,125.619995117187997,341.469055175780966,287.927764892578011,114.199996948242003,69.970001220703097,"0","8","0",-39.542903900146499,"1161",-71.086982727050795,29.017078399658200,"23",,,,,,,,,,,,,,,,,,,,,,,,,./0.png
,,,,,,,,,,,,,,,,,,,,,,,,"0","0",0.981870293617249,2.049833536148070,1.067963242530820,1.815440058708190,0.326699733734131,284.585083007811988,282.769805908203011,0.533231794834137,-169.959991455078011,125.629997253417997,297.368927001953011,282.946624755858977,114.229995727539006,70.059997558593807,"10","8","0",-39.526859283447301,"1161",-71.133056640625000,9.884503364562990,"17",,,,,,,,,,,,,,,,,,,,,,,,,./0.png
,,,,,,,,,,,,,,,,,,,,,,,,"0","0",0.244656562805176,1.759322285652160,1.514665722846980,1.890814661979680,0.333203345537186,284.615600585938012,282.724945068358977,0.400598376989365,-170.019989013671989,125.619995117187997,297.587127685546989,284.678863525391023,114.189994812012003,69.949996948242202,"10","8","0",-39.545349121093800,"1161",-71.079963684082003,3.185776948928830,"24",,,,,,,,,,,,,,,,,,,,,,,,,./0.png
,,,,,,,,,,,,,,,,,,,,,,,,"0","0",0.000000000000000,0.000000000000000,0.000000000000000,0.000000000000000,0.321746170520782,0.000000000000000,0.000000000000000,0.923044741153717,-169.949996948241989,125.619995117187997,351.361236572266023,287.719177246093977,114.199996948242003,70.059997558593807,"0","8","0",-39.533329010009801,"1162",-71.137939453125000,7.194448947906490,"17",,,,,,,,,,,,,,,,,,,,,,,,,./0.png
,,,,,,,,,,,,,,,,,,,,,,,,"0","0",0.000000000000000,0.000000000000000,0.000000000000000,0.000000000000000,0.322420120239258,0.000000000000000,0.000000000000000,0.885842680931091,-169.959991455078011,125.619995117187997,345.175903320311988,285.454772949218977,114.189994812012003,70.049995422363295,"0","8","0",-39.536186218261697,"1162",-71.129730224609403,13.440710067749000,"18",,,,,,,,,,,,,,,,,,,,,,,,,./0.png
,,,,,,,,,,,,,,,,,,,,,,,,"0","0",0.000000000000000,0.000000000000000,0.000000000000000,0.000000000000000,0.325501054525375,0.000000000000000,0.000000000000000,0.633515655994415,-169.979995727539006,125.619995117187997,320.736358642578011,286.303497314453011,114.180000305175994,70.019996643066406,"0","8","0",-39.541351318359403,"1162",-71.114883422851605,7.325089454650880,"20",,,,,,,,,,,,,,,,,,,,,,,,,./0.png
,,,,,,,,,,,,,,,,,,,,,,,,"0","0",0.000000000000000,0.000000000000000,0.000000000000000,0.000000000000000,0.332259804010391,0.000000000000000,0.000000000000000,1.251393318176270,-170.009994506835994,125.610000610352003,339.278656005859034,287.052307128906023,114.169998168944986,69.970001220703097,"0","8","0",-39.550094604492202,"1162",-71.089729309082003,10.895483970642101,"23",,,,,,,,,,,,,,,,,,,,,,,,,./0.png
,,,,,,,,,,,,,,,,,,,,,,,,"0","0",0.000000000000000,0.000000000000000,0.000000000000000,0.000000000000000,0.337965905666351,0.000000000000000,0.000000000000000,1.031415939331050,-170.019989013671989,125.610000610352003,367.000000000000000,288.755310058593977,114.159996032715014,69.949996948242202,"0","9","0",-39.552528381347699,"1162",-71.082733154296903,16.389762878418001,"24",,,,,,,,,,,,,,,,,,,,,,,,,./0.png
,,,,,,,,,,,,,,,,,,,,,,,,"0","0",0.909563302993774,1.963527321815490,1.053964018821720,1.666140556335450,0.321746170520782,284.428131103516023,282.762115478516023,0.923044741153717,-169.940002441405994,125.619995117187997,295.731872558593977,283.217712402343977,114.199996948242003,70.080001831054702,"10","8","0",-39.530872344970703,"1162",-71.144989013671903,7.194448947906490,"16",,,,,,,,,,,,,,,,,,,,,,,,,./0.png
,,,,,,,,,,,,,,,,,,,,,,,,"0","0",0.743440032005310,1.870004773139950,1.126564741134640,1.673537492752080,0.322420120239258,284.547119140625000,282.873687744141023,0.885842680931091,-169.970001220703011,125.619995117187997,319.183807373046989,283.431427001953011,114.189994812012003,70.029998779296903,"10","8","0",-39.538990020752003,"1162",-71.121673583984403,13.440710067749000,"19",,,,,,,,,,,,,,,,,,,,,,,,,./0.png
,,,,,,,,,,,,,,,,,,,,,,,,"0","0",0.536808371543884,1.733137011528020,1.196328639984130,1.677522540092470,0.325501054525375,284.564941406250000,282.887664794921989,0.633515655994415,-169.989990234375000,125.610000610352003,316.190765380859034,286.212402343750000,114.180000305175994,70.000000000000000,"10","8","0",-39.544094085693402,"1162",-71.106994628906193,7.325089454650880,"21",,,,,,,,,,,,,,,,,,,,,,,,,./0.png
,,,,,,,,,,,,,,,,,,,,,,,,"0","0",0.449991583824158,1.733236789703370,1.283245205879210,1.748136043548580,0.332259804010391,284.625640869141023,282.877685546875000,1.251393318176270,-170.000000000000000,125.610000610352003,317.381622314453011,284.484039306641023,114.169998168944986,69.979995727539105,"10","8","0",-39.547451019287102,"1162",-71.097335815429702,10.895483970642101,"22",,,,,,,,,,,,,,,,,,,,,,,,,./0.png
,,,,,,,,,,,,,,,,,,,,,,,,"0","0",0.000000000000000,0.000000000000000,0.000000000000000,0.000000000000000,0.331675738096237,0.000000000000000,0.000000000000000,0.552641570568085,-169.860000610351989,125.629997253417997,337.941223144531023,285.853820800781023,114.209999084472997,70.180000305175795,"0","8","0",-39.516178131103501,"1163",-71.210716247558594,5.337378501892090,"10",,,,,,,,,,,,,,,,,,,,,,,,,./0.png
,,,,,,,,,,,,,,,,,,,,,,,,"0","0",0.000000000000000,0.000000000000000,0.000000000000000,0.000000000000000,0.332259804010391,0.000000000000000,0.000000000000000,1.251393318176270,-170.000000000000000,125.599998474120994,324.985504150391023,284.820617675781023,114.139999389647997,69.970001220703097,"0","8","0",-39.556018829345703,"1163",-71.096145629882798,10.895483970642101,"23",,,,,,,,,,,,,,,,,,,,,,,,,./0.png
,,,,,,,,,,,,,,,,,,,,,,,,"0","0",0.774221301078796,1.697559714317320,0.923338413238525,1.421926259994510,0.331675738096237,283.928436279296989,282.506652832031023,0.552641570568085,-169.879989624023011,125.629997253417997,309.194061279296932,285.251464843750000,114.209999084472997,70.159996032714801,"10","8","0",-39.520259857177699,"1163",-71.198997497558594,5.337378501892090,"11",,,,,,,,,,,,,,,,,,,,,,,,,./0.png
,,,,,,,,,,,,,,,,,,,,,,,,"0","0",0.822397828102112,1.740098476409910,0.917700648307800,1.466377139091490,0.323464751243591,284.030670166016023,282.564392089843977,0.360161334276199,-169.889999389648011,125.619995117187997,296.337951660156023,283.444793701171989,114.199996948242003,70.150001525878906,"10","8","0",-39.523956298828097,"1163",-71.188377380371094,1.767260432243350,"12",,,,,,,,,,,,,,,,,,,,,,,,,./0.png
,,,,,,,,,,,,,,,,,,,,,,,,"0","0",0.812989473342896,1.813084244728090,1.000094771385190,1.546351909637450,0.321847259998322,284.287231445311988,282.740966796875000,0.379571110010147,-169.929992675780994,125.619995117187997,295.583770751953011,282.980133056641023,114.180000305175994,70.089996337890597,"10","8","0",-39.534561157226598,"1163",-71.157867431640597,2.771244049072270,"15",,,,,,,,,,,,,,,,,,,,,,,,,./0.png
,,,,,,,,,,,,,,,,,,,,,,,,"0","0",0.770792126655579,1.831306457519530,1.060514330863950,1.540980935096740,0.321746170520782,284.321228027343977,282.780364990233977,0.923044741153717,-169.940002441405994,125.619995117187997,310.569976806641023,284.414611816406023,114.180000305175994,70.080001831054702,"10","8","0",-39.536930084228501,"1163",-71.151084899902301,7.194448947906490,"16",,,,,,,,,,,,,,,,,,,,,,,,,./0.png
,,,,,,,,,,,,,,,,,,,,,,,,"0","0",0.636565327644348,1.746113300323490,1.109547972679140,1.475250601768490,0.321746170520782,284.287750244141023,282.812652587891023,0.923044741153717,-169.949996948241989,125.610000610352003,299.263397216796989,283.254486083983977,114.169998168944986,70.059997558593807,"10","8","0",-39.539260864257798,"1163",-71.144378662109403,7.194448947906490,"17",,,,,,,,,,,,,,,,,,,,,,,,,./0.png
,,,,,,,,,,,,,,,,,,,,,,,,"0","0",0.228656649589539,1.509730339050290,1.281073689460750,1.522633194923400,0.332259804010391,284.449371337891023,282.926910400391023,1.251393318176270,-169.989990234375000,125.610000610352003,299.739807128906023,284.467498779296989,114.149993896484006,69.989997863769503,"10","8","0",-39.552700042724602,"1163",-71.105712890625000,10.895483970642101,"22",,,,,,,,,,,,,,,,,,,,,,,,,./0.png
,,,,,,,,,,,,,,,,,,,,,,,,"0","0",-0.007487177848816,1.476104259490970,1.483591437339780,1.571986436843870,0.337965905666351,284.469665527343977,282.897827148438012,1.031415939331050,-170.019989013671989,125.599998474120994,317.573150634766023,284.036987304688012,114.139999389647997,69.949996948242202,"10","8","0",-39.559646606445298,"1163",-71.085685729980497,16.389762878418001,"24",,,,,,,,,,,,,,,,,,,,,,,,,./0.png
,,,,,,,,,,,,,,,,,,,,,,,,"0","0",0.000000000000000,0.000000000000000,0.000000000000000,0.000000000000000,0.333742499351501,0.000000000000000,0.000000000000000,0.665865242481232,-169.839996337890994,125.619995117187997,320.938873291016023,286.800018310546989,114.199996948242003,70.220001220703097,"0","8","0",-39.516521453857401,"1164",-71.233283996582003,5.365022659301760,"8",,,,,,,,,,,,,,,,,,,,,,,,,./0.png
,,,,,,,,,,,,,,,,,,,,,,,,"0","0",0.000000000000000,0.000000000000000,0.000000000000000,0.000000000000000,0.334471940994263,0.000000000000000,0.000000000000000,0.521909415721893,-169.860000610351989,125.619995117187997,327.721130371093977,285.543212890625000,114.189994812012003,70.180000305175795,"0","8","0",-39.522102355957003,"1164",-71.217254638671903,3.018339395523070,"10",,,,,,,,,,,,,,,,,,,,,,,,,./0.png
,,,,,,,,,,,,,,,,,,,,,,,,"0","0",0.793373465538025,1.673552989959720,0.880179524421692,1.297357082366940,0.333742499351501,283.886077880858977,282.588836669921989,0.665865242481232,-169.849990844726989,125.619995117187997,300.905670166016023,284.659057617188012,114.189994812012003,70.199996948242202,"10","8","0",-39.519069671630902,"1164",-71.225967407226605,5.365022659301760,"9",,,,,,,,,,,,,,,,,,,,,,,,,./0.png
,,,,,,,,,,,,,,,,,,,,,,,,"0","0",0.695197939872742,1.627708077430730,0.932510137557983,1.359003782272340,0.334471940994263,283.923248291016023,282.564392089843977,0.521909415721893,-169.869995117188012,125.619995117187997,300.684356689453011,284.371612548828011,114.180000305175994,70.159996032714801,"10","8","0",-39.526508331298800,"1164",-71.204582214355497,3.018339395523070,"11",,,,,,,,,,,,,,,,,,,,,,,,,./0.png
,,,,,,,,,,,,,,,,,,,,,,,,"0","0",0.685262680053711,1.608091950416560,0.922829270362854,1.361611843109130,0.326309740543365,283.974700927733977,282.613220214843977,0.373101204633713,-169.879989624023011,125.619995117187997,297.459197998046989,284.678863525391023,114.180000305175994,70.150001525878906,"10","8","0",-39.529731750488303,"1164",-71.195327758789105,2.253417015075680,"12",,,,,,,,,,,,,,,,,,,,,,,,,./0.png
,,,,,,,,,,,,,,,,,,,,,,,,"0","0",0.836664855480194,1.628886938095090,0.792222082614899,1.062473297119140,0.317945092916489,283.701232910156023,282.638732910156023,0.342369049787521,-169.739990234375000,125.629997253417997,295.598632812499943,284.000488281250000,114.220001220702997,70.349998474121094,"10","8","0",-39.496936798095703,"1165",-71.313087463378906,1.198627591133120,"0",,,,,,,,,,,,,,,,,,,,,,,,,./0.png
,,,,,,,,,,,,,,,,,,,,,,,,"0","0",0.839876353740692,1.599407315254210,0.759530961513519,1.110780715942380,0.331046640872955,283.788482666016023,282.677764892578011,0.573668837547302,-169.809997558594006,125.619995117187997,297.690399169921989,283.724639892578011,114.180000305175994,70.250000000000000,"10","8","0",-39.517116546630902,"1165",-71.255149841308594,5.897375106811520,"6",,,,,,,,,,,,,,,,,,,,,,,,,./0.png
,,,,,,,,,,,,,,,,,,,,,,,,"0","0",0.795401155948639,1.574707031250000,0.779305875301361,1.124795675277710,0.331046640872955,283.793182373046989,282.668518066406023,0.573668837547302,-169.819992065430029,125.619995117187997,319.914947509766023,286.020202636718977,114.180000305175994,70.229995727539105,"10","8","0",-39.520866394042997,"1165",-71.244361877441406,5.897375106811520,"7",,,,,,,,,,,,,,,,,,,,,,,,,./0.png
,,,,,,,,,,,,,,,,,,,,,,,,"0","0",0.754709482192993,1.579982519149780,0.825273036956787,1.173378467559810,0.333742499351501,283.816833496093977,282.643554687500000,0.665865242481232,-169.830001831055000,125.619995117187997,311.598327636718977,285.634857177733977,114.169998168944986,70.220001220703097,"10","8","0",-39.523651123046903,"1165",-71.236366271972699,5.365022659301760,"8",,,,,,,,,,,,,,,,,,,,,,,,,./0.png
,,,,,,,,,,,,,,,,,,,,,,,,"0","0",0.632620513439178,1.567539930343630,0.934919416904449,1.265370726585390,0.334471940994263,283.858764648438012,282.593536376953011,0.521909415721893,-169.849990844726989,125.610000610352003,296.029296875000000,284.599639892578011,114.159996032715014,70.189994812011705,"10","8","0",-39.528739929199197,"1165",-71.221748352050795,3.018339395523070,"10",,,,,,,,,,,,,,,,,,,,,,,,,./0.png
,,,,,,,,,,,,,,,,,,,,,,,,"0","0",0.742999136447906,1.533715963363650,0.790716826915741,1.002997398376460,0.326868176460266,283.677093505858977,282.674072265625000,0.432947993278503,-169.739990234375000,125.629997253417997,317.992614746093977,285.156219482421989,114.189994812012003,70.349998474121094,"10","8","0",-39.504203796386697,"1166",-71.315856933593807,5.205962657928470,"0",,,,,,,,,,,,,,,,,,,,,,,,,./0.png
,,,,,,,,,,,,,,,,,,,,,,,,"0","0",0.911036312580109,1.671725749969480,0.760689437389374,1.149203538894650,0.325087547302246,283.870849609375000,282.721649169921989,0.402215838432312,-169.800003051758011,125.619995117187997,304.662872314453011,284.876647949218977,114.159996032715014,70.260002136230497,"10","8","0",-39.521335601806598,"1166",-71.266601562500000,3.761306762695310,"5",,,,,,,,,,,,,,,,,,,,,,,,,./0.png
,,,,,,,,,,,,,,,,,,,,,,,,"0","0",0.568141341209412,1.731455206871030,1.163313865661620,1.635355949401860,0.327386111021042,284.534912109375000,282.899566650391023,0.830848336219788,-169.919998168945000,125.579994201660000,313.017700195311988,282.795745849608977,114.040000915527003,70.069999694824205,"10","8","0",-39.570755004882798,"1168",-71.171333312988295,8.031801223754879,"17",,,,,,,,,,,,,,,,,,,,,,,,,./0.png
,,,,,,,,,,,,,,,,,,,,,,,,"0","0",0.496791362762451,1.672129869461060,1.175338506698610,1.591958880424500,0.332238554954529,284.509704589843977,282.917724609375000,0.682040035724640,-169.929992675780994,125.579994201660000,300.730621337891023,281.316162109375000,114.029998779297003,70.049995422363295,"10","8","0",-39.574050903320298,"1168",-71.161796569824205,5.563118934631350,"18",,,,,,,,,,,,,,,,,,,,,,,,,./0.png
,,,,,,,,,,,,,,,,,,,,,,,,"0","0",0.000000000000000,0.000000000000000,0.000000000000000,0.000000000000000,0.327386111021042,0.000000000000000,0.000000000000000,0.830848336219788,-169.919998168945000,125.569999694824006,335.993194580078011,289.095458984375000,114.009994506835994,70.069999694824205,"0","8","0",-39.579082489013707,"1169",-71.170829772949205,8.031801223754879,"17",,,,,,,,,,,,,,,,,,,,,,,,,./0.png
,,,,,,,,,,,,,,,,,,,,,,,,"0","0",0.000000000000000,0.000000000000000,0.000000000000000,0.000000000000000,0.332238554954529,0.000000000000000,0.000000000000000,0.682040035724640,-169.929992675780994,125.569999694824006,332.593994140625000,287.474761962891023,114.000000000000000,70.049995422363295,"0","8","0",-39.583091735839801,"1169",-71.159202575683594,5.563118934631350,"18",,,,,,,,,,,,,,,,,,,,,,,,,./0.png
,,,,,,,,,,,,,,,,,,,,,,,,"0","0",0.741019010543823,1.794647336006160,1.053628325462340,1.781953334808350,0.324406534433365,284.659362792968977,282.877410888671989,0.473385006189346,-169.889999389648011,125.579994201660000,297.145477294921989,284.192840576171989,114.029998779297003,70.119995117187500,"10","8","0",-39.569858551025398,"1169",-71.197540283203097,3.576127767562870,"14",,,,,,,,,,,,,,,,,,,,,,,,,./0.png
,,,,,,,,,,,,,,,,,,,,,,,,"0","0",0.696005821228027,1.797515511512760,1.101509690284730,1.785378098487850,0.324406534433365,284.683258056641023,282.897827148438012,0.473385006189346,-169.899993896484006,125.579994201660000,318.578491210938012,285.031311035156023,114.019996643065994,70.099998474121094,"10","8","0",-39.573062896728501,"1169",-71.188247680664105,3.576127767562870,"15",,,,,,,,,,,,,,,,,,,,,,,,,./0.png
,,,,,,,,,,,,,,,,,,,,,,,,"0","0",0.642612934112549,1.795004248619080,1.152391314506530,1.767490983009340,0.327386111021042,284.684143066406023,282.916687011718977,0.830848336219788,-169.910003662109006,125.569999694824006,305.626373291016023,285.765625000000000,114.019996643065994,70.080001831054702,"10","8","0",-39.576065063476598,"1169",-71.179557800292997,8.031801223754879,"16",,,,,,,,,,,,,,,,,,,,,,,,,./0.png
,,,,,,,,,,,,,,,,,,,,,,,,"0","0",0.418913125991821,1.636515259742740,1.217602133750920,1.652206420898440,0.332238554954529,284.629974365233977,282.977813720703011,0.682040035724640,-169.949996948241989,125.569999694824006,295.974456787108977,284.103332519531023,114.000000000000000,70.029998779296903,"10","8","0",-39.586875915527301,"1169",-71.148216247558594,5.563118934631350,"19",,,,,,,,,,,,,,,,,,,,,,,,,./0.png
,,,,,,,,,,,,,,,,,,,,,,,,"0","0",0.315490126609802,1.552601933479310,1.237111806869510,1.607212781906130,0.337193101644516,284.599548339843977,282.992401123046989,0.434565454721451,-169.959991455078011,125.569999694824006,307.996978759766023,284.027038574218977,113.989997863770000,70.010002136230497,"10","8","0",-39.589660644531200,"1169",-71.140151977539105,2.315673351287840,"20",,,,,,,,,,,,,,,,,,,,,,,,,./0.png
,,,,,,,,,,,,,,,,,,,,,,,,"0","0",0.242466568946838,1.503612041473390,1.261145472526550,1.608489394187930,0.337193101644516,284.611175537108977,283.002685546875000,0.434565454721451,-169.970001220703011,125.559997558594006,309.069549560546989,284.922729492188012,113.989997863770000,70.000000000000000,"10","8","0",-39.592216491699197,"1169",-71.132751464843807,2.315673351287840,"21",,,,,,,,,,,,,,,,,,,,,,,,,./0.png
,,,,,,,,,,,,,,,,,,,,,,,,"0","0",0.554794073104858,1.767282009124760,1.212487936019900,1.747252941131590,0.332068264484406,284.716430664061988,282.969177246093977,0.392510950565338,-169.919998168945000,125.559997558594006,306.138519287108977,284.312042236328011,113.979995727539006,70.059997558593807,"10","8","0",-39.587783813476598,"1170",-71.169219970703097,2.892751455307010,"17",,,,,,,,,,,,,,,,,,,,,,,,,./0.png
,,,,,,,,,,,,,,,,,,,,,,,,"0","0",1.348777770996090,2.109874963760380,0.761097252368927,1.794366121292110,0.331289350986481,284.872589111328011,283.078216552733977,0.487942337989807,-169.789993286133011,125.549995422362997,307.543243408203011,286.293762207031023,113.930000305175994,70.229995727539105,"10","8","0",-39.581565856933601,"1174",-71.282173156738295,7.615473270416260,"7",,,,,,,,,,,,,,,,,,,,,,,,,./0.png
,,,,,,,,,,,,,,,,,,,,,,,,"0","0",1.231680631637570,2.056215524673460,0.824534952640533,1.807475924491880,0.329698801040649,284.837768554688012,283.030334472656023,0.547789156436920,-169.800003051758011,125.549995422362997,311.555816650391023,284.560028076171989,113.919998168944986,70.209999084472699,"10","8","0",-39.585617065429702,"1174",-71.270385742187500,3.522973775863650,"8",,,,,,,,,,,,,,,,,,,,,,,,,./0.png
,,,,,,,,,,,,,,,,,,,,,,,,"0","0",0.670244932174683,1.731184959411620,1.060940027236940,1.764359474182130,0.334382742643356,284.650817871093977,282.886383056641023,0.601166009902954,-169.849990844726989,125.540000915527003,295.209960937500057,283.890899658203011,113.899993896484006,70.150001525878906,"10","8","0",-39.599369049072301,"1174",-71.230400085449205,3.211985111236570,"12",,,,,,,,,,,,,,,,,,,,,,,,,./0.png
,,,,,,,,,,,,,,,,,,,,,,,,"0","0",0.633245587348938,1.740129232406620,1.106883645057680,1.759874105453490,0.334382742643356,284.671936035156023,282.912048339843977,0.601166009902954,-169.860000610351989,125.540000915527003,306.744506835938012,284.810760498046989,113.889999389647997,70.129997253417997,"10","8","0",-39.602359771728501,"1174",-71.221702575683594,3.211985111236570,"13",,,,,,,,,,,,,,,,,,,,,,,,,./0.png
,,,,,,,,,,,,,,,,,,,,,,,,"0","0",0.000000000000000,0.000000000000000,0.000000000000000,0.000000000000000,0.332854479551315,0.000000000000000,0.000000000000000,0.614105880260468,-169.819992065430029,125.540000915527003,324.139495849608977,286.657440185546989,113.879997253417997,70.180000305175795,"0","8","0",-39.599308013916001,"1175",-71.254364013671903,6.793562889099120,"10",,,,,,,,,,,,,,,,,,,,,,,,,./0.png
,,,,,,,,,,,,,,,,,,,,,,,,"0","0",0.000000000000000,0.000000000000000,0.000000000000000,0.000000000000000,0.332854479551315,0.000000000000000,0.000000000000000,0.614105880260468,-169.830001831055000,125.540000915527003,321.118194580078011,285.595581054688012,113.879997253417997,70.159996032714801,"0","8","0",-39.602062225341797,"1175",-71.246368408203097,6.793562889099120,"11",,,,,,,,,,,,,,,,,,,,,,,,,./0.png
,,,,,,,,,,,,,,,,,,,,,,,,"0","0",1.170984983444210,1.992050647735600,0.821065723896027,1.725874304771420,0.329698801040649,284.764709472656023,283.038879394531023,0.547789156436920,-169.789993286133011,125.549995422362997,307.384735107421989,283.877593994141023,113.899993896484006,70.220001220703097,"10","8","0",-39.590469360351598,"1175",-71.280120849609403,3.522973775863650,"8",,,,,,,,,,,,,,,,,,,,,,,,,./0.png
,,,,,,,,,,,,,,,,,,,,,,,,"0","0",1.024857640266420,1.935827612876890,0.910969972610474,1.753228545188900,0.329698801040649,284.735015869141023,282.981842041016023,0.547789156436920,-169.809997558594006,125.540000915527003,303.056854248046989,283.983886718750000,113.889999389647997,70.199996948242202,"10","8","0",-39.596103668212898,"1175",-71.263687133789105,3.522973775863650,"9",,,,,,,,,,,,,,,,,,,,,,,,,./0.png
,,,,,,,,,,,,,,,,,,,,,,,,"0","0",0.643838286399841,1.712594151496890,1.068755865097050,1.701177120208740,0.334382742643356,284.598144531250000,282.896942138671989,0.601166009902954,-169.839996337890994,125.540000915527003,313.610107421875000,285.326934814453011,113.869995117187997,70.150001525878906,"10","8","0",-39.604743957519503,"1175",-71.238555908203097,3.211985111236570,"12",,,,,,,,,,,,,,,,,,,,,,,,,./0.png
,,,,,,,,,,,,,,,,,,,,,,,,"0","0",0.594705224037170,1.712649703025820,1.117944478988650,1.676156401634220,0.334382742643356,284.591247558593977,282.915100097656023,0.601166009902954,-169.849990844726989,125.540000915527003,316.855499267578011,284.817352294921989,113.869995117187997,70.129997253417997,"10","8","0",-39.608039855957003,"1175",-71.228965759277301,3.211985111236570,"13",,,,,,,,,,,,,,,,,,,,,,,,,./0.png
,,,,,,,,,,,,,,,,,,,,,,,,"0","0",0.000000000000000,0.000000000000000,0.000000000000000,0.000000000000000,0.338648855686188,0.000000000000000,0.000000000000000,0.528379380702972,-169.690002441405994,125.549995422362997,335.706085205078011,288.254394531250000,113.889999389647997,70.360000610351605,"0","8","0",-39.577495574951200,"1177",-71.365539550781193,4.655598163604740,"0",,,,,,,,,,,,,,,,,,,,,,,,,./0.png
,,,,,,,,,,,,,,,,,,,,,,,,"0","0",1.142632126808170,1.839496493339540,0.696864366531372,1.442094206810000,0.338648855686188,284.491516113281023,283.049346923828011,0.528379380702972,-169.699996948241989,125.540000915527003,296.685943603516023,284.682159423828011,113.889999389647997,70.339996337890597,"10","8","0",-39.581142425537102,"1177",-71.354934692382798,4.655598163604740,"1",,,,,,,,,,,,,,,,,,,,,,,,,./0.png
,,,,,,,,,,,,,,,,,,,,,,,,"0","0",0.000000000000000,0.000000000000000,0.000000000000000,0.000000000000000,0.339474618434906,0.000000000000000,0.000000000000000,0.528379380702972,-169.789993286133011,125.519996643065994,324.016265869140966,286.371795654296989,113.809997558594006,70.189994812011705,"0","8","0",-39.615024566650398,"1178",-71.280151367187500,4.562951087951660,"10",,,,,,,,,,,,,,,,,,,,,,,,,./0.png
,,,,,,,,,,,,,,,,,,,,,,,,"0","0",0.000000000000000,0.000000000000000,0.000000000000000,0.000000000000000,0.354949474334717,0.000000000000000,0.000000000000000,0.568816363811493,-169.849990844726989,125.509994506835994,320.529357910156023,287.732025146483977,113.779998779297003,70.110000610351605,"0","8","0",-39.631038665771499,"1178",-71.233383178710895,2.566865205764770,"15",,,,,,,,,,,,,,,,,,,,,,,,,./0.png
,,,,,,,,,,,,,,,,,,,,,,,,"0","0",1.008403301239010,1.713618993759160,0.705215692520142,1.318288683891300,0.338636428117752,284.364074707031023,283.045715332031023,0.523526906967163,-169.690002441405994,125.540000915527003,302.069305419921989,285.814636230468977,113.860000610352003,70.339996337890597,"10","8","0",-39.586868286132798,"1178",-71.362205505371094,3.024555444717410,"1",,,,,,,,,,,,,,,,,,,,,,,,,./0.png
,,,,,,,,,,,,,,,,,,,,,,,,"0","0",1.133470296859740,1.862151265144350,0.728680968284607,1.576306819915770,0.348434597253799,284.776306152343977,283.200042724608977,0.512204527854919,-169.779998779296989,125.519996643065994,308.283020019531023,284.500549316406023,113.819999694824006,70.209999084472699,"10","8","0",-39.610908508300803,"1178",-71.292190551757798,7.936488151550290,"9",,,,,,,,,,,,,,,,,,,,,,,,,./0.png
,,,,,,,,,,,,,,,,,,,,,,,,"0","0",0.761190414428711,1.695943951606750,0.934753537178040,1.487470030784610,0.354949474334717,284.726043701171989,283.238616943358977,0.568816363811493,-169.839996337890994,125.509994506835994,300.631866455078011,285.428558349608977,113.790000915527003,70.129997253417997,"10","8","0",-39.627147674560497,"1178",-71.244766235351605,2.566865205764770,"14",,,,,,,,,,,,,,,,,,,,,,,,,./0.png
,,,,,,,,,,,,,,,,,,,,,,,,"0","0",0.646045327186584,1.679476380348210,1.033431053161620,1.458060860633850,0.348103761672974,284.717468261718977,283.259399414061988,0.429713010787964,-169.860000610351989,125.509994506835994,306.616790771483977,285.323638916016023,113.769996643065994,70.089996337890597,"10","8","0",-39.634181976318402,"1178",-71.224197387695298,3.905770778656010,"16",,,,,,,,,,,,,,,,,,,,,,,,,./0.png
,,,,,,,,,,,,,,,,,,,,,,,,"0","0",0.839340865612030,1.570722341537480,0.731381475925446,1.341080904006960,0.338636428117752,284.421691894531023,283.080505371093977,0.523526906967163,-169.679992675780994,125.529998779297003,307.579711914061988,286.007171630858977,113.839996337890994,70.360000610351605,"10","8","0",-39.590774536132798,"1179",-71.374740600585895,3.024555444717410,"0",,,,,,,,,,,,,,,,,,,,,,,,,./0.png
,,,,,,,,,,,,,,,,,,,,,,,,"0","0",0.940309166908264,1.696593642234800,0.756284475326538,1.393649458885190,0.338636428117752,284.424499511718977,283.030822753906023,0.523526906967163,-169.690002441405994,125.529998779297003,311.079864501953011,286.238433837891023,113.829994201660000,70.339996337890597,"10","8","0",-39.594295501708999,"1179",-71.364463806152301,3.024555444717410,"1",,,,,,,,,,,,,,,,,,,,,,,,,./0.png
,,,,,,,,,,,,,,,,,,,,,,,,"0","0",0.987102031707764,1.784196496009830,0.797094464302063,1.566989541053770,0.339474618434906,284.739166259766023,283.172271728516023,0.528379380702972,-169.789993286133011,125.509994506835994,308.531066894531023,284.338531494141023,113.779998779297003,70.199996948242202,"10","8","0",-39.620548248291001,"1179",-71.287963867187500,4.562951087951660,"10",,,,,,,,,,,,,,,,,,,,,,,,,./0.png
,,,,,,,,,,,,,,,,,,,,,,,,"0","0",0.846198022365570,1.697479128837590,0.851281106472015,1.521551847457890,0.340240806341171,284.678222656250000,283.156646728516023,0.420008152723312,-169.809997558594006,125.509994506835994,300.327239990233977,284.695343017578011,113.769996643065994,70.159996032714801,"10","8","0",-39.626976013183601,"1179",-71.269172668457003,3.841493129730220,"12",,,,,,,,,,,,,,,,,,,,,,,,,./0.png
,,,,,,,,,,,,,,,,,,,,,,,,"0","0",0.737734436988831,1.711278200149540,0.973543763160706,1.486715912818910,0.354949474334717,284.670989990233977,283.184204101561988,0.568816363811493,-169.830001831055000,125.509994506835994,303.178619384766023,285.198913574218977,113.759994506835994,70.129997253417997,"10","8","0",-39.632946014404297,"1179",-71.251716613769503,2.566865205764770,"14",,,,,,,,,,,,,,,,,,,,,,,,,./0.png
,,,,,,,,,,,,,,,,,,,,,,,,"0","0",0.646295547485352,1.671211957931520,1.024916410446170,1.440930604934690,0.354949474334717,284.631286621093977,283.190216064453011,0.568816363811493,-169.839996337890994,125.509994506835994,297.707580566406023,285.484283447266023,113.759994506835994,70.110000610351605,"10","8","0",-39.636180877685497,"1179",-71.242240905761705,2.566865205764770,"15",,,,,,,,,,,,,,,,,,,,,,,,,./0.png
,,,,,,,,,,,,,,,,,,,,,,,,"0","0",0.709202051162720,1.844330310821530,1.135128259658810,1.768259525299070,0.332223027944565,284.962188720703011,283.193939208983977,0.394128441810608,-169.919998168945000,125.569999694824006,304.601074218750000,284.991851806641023,114.419998168944986,70.059997558593807,"10","8","0",-39.585689544677699,"1188",-71.174552917480497,2.962756633758540,"17",,,,,,,,,,,,,,,,,,,,,,,,,./0.png
,,,,,,,,,,,,,,,,,,,,,,,,"0","0",0.553784966468811,1.716024518013000,1.162239551544190,1.601347565650940,0.338055759668350,284.786163330078011,283.184844970703011,0.373101204633713,-169.940002441405994,125.559997558594006,299.156036376953011,283.401397705078011,114.419998168944986,70.040000915527301,"10","8","0",-39.589263916015597,"1188",-71.164360046386705,1.672051072120670,"18",,,,,,,,,,,,,,,,,,,,,,,,,./0.png
,,,,,,,,,,,,,,,,,,,,,,,,"0","0",0.983108103275299,1.787427902221680,0.804319798946381,1.726347565650940,0.331642597913742,285.283691406250000,283.557464599608977,0.447505325078964,-169.789993286133011,125.559997558594006,300.255249023438012,285.382690429688012,114.369995117187997,70.229995727539105,"10","8","0",-39.579429626464801,"1192",-71.285957336425795,5.632509708404540,"7",,,,,,,,,,,,,,,,,,,,,,,,,./0.png
,,,,,,,,,,,,,,,,,,,,,,,,"0","0",0.930689692497253,1.732496261596680,0.801806569099426,1.689653992652890,0.334101915359497,285.272125244141023,283.582550048828011,0.551024079322815,-169.800003051758011,125.549995422362997,307.973022460938012,285.376129150391023,114.369995117187997,70.209999084472699,"10","8","0",-39.583137512207003,"1192",-71.275360107421903,3.504102945327760,"8",,,,,,,,,,,,,,,,,,,,,,,,,./0.png
,,,,,,,,,,,,,,,,,,,,,,,,"0","0",0.518204867839813,1.410284042358400,0.892079174518585,1.473486781120300,0.336546123027802,285.042388916016023,283.568817138671989,0.627045691013336,-169.869995117188012,125.540000915527003,302.552917480468977,284.404693603516023,114.339996337890994,70.119995117187500,"10","8","0",-39.600700378417997,"1192",-71.225166320800795,4.663362503051760,"13",,,,,,,,,,,,,,,,,,,,,,,,,./0.png
,,,,,,,,,,,,,,,,,,,,,,,,"0","0",0.000000000000000,0.000000000000000,0.000000000000000,0.000000000000000,0.334888190031052,0.000000000000000,0.000000000000000,0.581756234169006,-169.839996337890994,125.540000915527003,322.744323730468977,285.853820800781023,114.319999694824006,70.159996032714801,"0","8","0",-39.600410461425803,"1193",-71.249435424804702,5.963040828704830,"11",,,,,,,,,,,,,,,,,,,,,,,,,./0.png
,,,,,,,,,,,,,,,,,,,,,,,,"0","0",0.000000000000000,0.000000000000000,0.000000000000000,0.000000000000000,0.336546123027802,0.000000000000000,0.000000000000000,0.627045691013336,-169.849990844726989,125.540000915527003,322.536224365233977,286.248199462891023,114.319999694824006,70.139999389648395,"0","8","0",-39.603118896484403,"1193",-71.241691589355497,4.663362503051760,"12",,,,,,,,,,,,,,,,,,,,,,,,,./0.png
,,,,,,,,,,,,,,,,,,,,,,,,"0","0",0.000000000000000,0.000000000000000,0.000000000000000,0.000000000000000,0.336546123027802,0.000000000000000,0.000000000000000,0.627045691013336,-169.860000610351989,125.540000915527003,321.218414306641023,285.634857177733977,114.309997558594006,70.129997253417997,"0","8","0",-39.606113433837898,"1193",-71.233123779296903,4.663362503051760,"13",,,,,,,,,,,,,,,,,,,,,,,,,./0.png
,,,,,,,,,,,,,,,,,,,,,,,,"0","0",0.864697635173798,1.642703890800480,0.778006255626678,1.623657584190370,0.334101915359497,285.239166259766023,283.615570068358977,0.551024079322815,-169.789993286133011,125.549995422362997,308.328063964843977,284.325286865233977,114.339996337890994,70.220001220703097,"10","8","0",-39.588050842285199,"1193",-71.284812927246094,3.504102945327760,"8",,,,,,,,,,,,,,,,,,,,,,,,,./0.png
,,,,,,,,,,,,,,,,,,,,,,,,"0","0",0.824443995952606,1.594025373458860,0.769581377506256,1.593979597091670,0.334101915359497,285.229736328125000,283.635711669921989,0.551024079322815,-169.809997558594006,125.549995422362997,301.415405273438012,284.027038574218977,114.329994201660000,70.189994812011705,"10","8","0",-39.593410491943402,"1193",-71.269454956054702,3.504102945327760,"9",,,,,,,,,,,,,,,,,,,,,,,,,./0.png
,,,,,,,,,,,,,,,,,,,,,,,,"0","0",0.759546935558319,1.530127525329590,0.770580589771271,1.573121190071110,0.334888190031052,285.213897705078011,283.640686035156023,0.581756234169006,-169.830001831055000,125.540000915527003,316.318664550780966,285.372833251953011,114.329994201660000,70.180000305175795,"10","8","0",-39.597511291503899,"1193",-71.257720947265597,5.963040828704830,"10",,,,,,,,,,,,,,,,,,,,,,,,,./0.png
,,,,,,,,,,,,,,,,,,,,,,,,"0","0",0.433166503906250,1.346884846687320,0.913718342781067,1.371913909912110,0.333742499351501,284.992889404296989,283.620849609375000,0.436182945966721,-169.869995117188012,125.540000915527003,312.386718750000000,285.097076416016023,114.309997558594006,70.110000610351605,"10","8","0",-39.609188079833999,"1193",-71.224319458007798,4.918027400970460,"14",,,,,,,,,,,,,,,,,,,,,,,,,./0.png
,,,,,,,,,,,,,,,,,,,,,,,,"0","0",0.620256364345551,1.403649806976320,0.783393442630768,1.447677373886110,0.334530502557755,285.094512939453011,283.646728515625000,0.379571110010147,-169.830001831055000,125.529998779297003,301.541412353516023,283.344665527343977,114.299995422362997,70.159996032714801,"10","8","0",-39.605869293212898,"1194",-71.257286071777301,2.175890922546390,"11",,,,,,,,,,,,,,,,,,,,,,,,,./0.png
,,,,,,,,,,,,,,,,,,,,,,,,"0","0",0.817528426647186,1.487418770790100,0.669890344142914,1.631498575210570,0.344633519649506,285.141296386718977,283.509735107421989,0.510587096214294,-169.690002441405994,125.549995422362997,316.163299560546989,285.310516357421989,114.339996337890994,70.349998474121094,"10","8","0",-39.574413299560497,"1195",-71.370811462402301,4.072160720825200,"0",,,,,,,,,,,,,,,,,,,,,,,,,./0.png
,,,,,,,,,,,,,,,,,,,,,,,,"0","0",0.809633314609528,1.503083467483520,0.693450152873993,1.597238302230830,0.344633519649506,285.080505371093977,283.483215332031023,0.510587096214294,-169.709991455078011,125.549995422362997,314.853729248046989,285.791778564453011,114.329994201660000,70.330001831054702,"10","8","0",-39.578960418701200,"1195",-71.357803344726605,4.072160720825200,"1",,,,,,,,,,,,,,,,,,,,,,,,,./0.png
,,,,,,,,,,,,,,,,,,,,,,,,"0","0",0.000000000000000,0.000000000000000,0.000000000000000,0.000000000000000,0.353229284286499,0.000000000000000,0.000000000000000,0.602783501148224,-169.800003051758011,125.519996643065994,327.007934570311988,285.369567871093977,114.250000000000000,70.189994812011705,"0","8","0",-39.612812042236293,"1196",-71.284446716308594,4.018616199493410,"10",,,,,,,,,,,,,,,,,,,,,,,,,./0.png
,,,,,,,,,,,,,,,,,,,,,,,,"0","0",0.000000000000000,0.000000000000000,0.000000000000000,0.000000000000000,0.348111093044281,0.000000000000000,0.000000000000000,0.494412273168564,-169.869995117188012,125.509994506835994,321.130737304688012,287.145965576171989,114.220001220702997,70.089996337890597,"0","8","0",-39.632507324218800,"1196",-71.227859497070298,7.001888275146480,"16",,,,,,,,,,,,,,,,,,,,,,,,,./0.png
,,,,,,,,,,,,,,,,,,,,,,,,"0","0",0.686900615692139,1.508235812187190,0.821335196495056,1.628874540328980,0.345309913158417,284.966278076171989,283.337402343750000,0.536466777324677,-169.699996948241989,125.540000915527003,312.681304931641023,285.438415527343977,114.309997558594006,70.339996337890597,"10","8","0",-39.584537506103501,"1196",-71.365425109863295,4.690597534179690,"1",,,,,,,,,,,,,,,,,,,,,,,,,./0.png
,,,,,,,,,,,,,,,,,,,,,,,,"0","0",0.330312311649323,1.315475463867190,0.985163152217865,1.227906107902530,0.349600136280060,284.909576416016023,283.681579589843977,0.552641570568085,-169.860000610351989,125.509994506835994,305.339355468750000,285.438415527343977,114.220001220702997,70.099998474121094,"10","8","0",-39.629119873046903,"1196",-71.237609863281193,4.873872756958010,"15",,,,,,,,,,,,,,,,,,,,,,,,,./0.png
,,,,,,,,,,,,,,,,,,,,,,,,"0","0",0.449215054512024,1.576083064079280,1.126868009567260,1.739164590835570,0.345309913158417,284.784301757811988,283.045166015625000,0.536466777324677,-169.699996948241989,125.529998779297003,317.413330078125000,288.394989013671989,114.279998779297003,70.339996337890597,"10","8","0",-39.591487884521499,"1197",-71.369110107421903,4.690597534179690,"1",,,,,,,,,,,,,,,,,,,,,,,,,./0.png
,,,,,,,,,,,,,,,,,,,,,,,,"0","0",0.450822234153748,1.476719617843630,1.025897383689880,1.502668857574460,0.353229284286499,284.854766845703011,283.351959228516023,0.602783501148224,-169.789993286133011,125.519996643065994,313.808380126953011,284.348449707031023,114.229995727539006,70.189994812011705,"10","8","0",-39.618453979492202,"1197",-71.291816711425795,4.018616199493410,"10",,,,,,,,,,,,,,,,,,,,,,,,,./0.png
,,,,,,,,,,,,,,,,,,,,,,,,"0","0",0.378616809844971,1.406040787696840,1.027423977851870,1.446409583091740,0.353229284286499,284.819030761718977,283.372467041016023,0.602783501148224,-169.800003051758011,125.519996643065994,300.563751220703068,284.209381103516023,114.220001220702997,70.169998168945298,"10","8","0",-39.622066497802699,"1197",-71.281425476074205,4.018616199493410,"11",,,,,,,,,,,,,,,,,,,,,,,,,./0.png
,,,,,,,,,,,,,,,,,,,,,,,,"0","0",0.312392950057983,1.345152139663700,1.032759189605710,1.408004760742190,0.348261296749115,284.820831298828011,283.412719726561988,0.408685773611069,-169.809997558594006,125.509994506835994,298.808410644531023,284.566619873046989,114.220001220702997,70.159996032714801,"10","8","0",-39.625141143798800,"1197",-71.272590637207003,2.909965515136720,"12",,,,,,,,,,,,,,,,,,,,,,,,,./0.png
,,,,,,,,,,,,,,,,,,,,,,,,"0","0",0.201187968254089,1.286913275718690,1.085725307464600,1.234204769134520,0.349600136280060,284.809906005858977,283.575561523438012,0.552641570568085,-169.849990844726989,125.509994506835994,310.488555908203011,286.127746582031023,114.199996948242003,70.110000610351605,"10","8","0",-39.634300231933601,"1197",-71.246261596679702,4.873872756958010,"15",,,,,,,,,,,,,,,,,,,,,,,,,./0.png
,,,,,,,,,,,,,,,,,,,,,,,,"0","0",0.311978578567505,1.602392077445980,1.290413498878480,1.792986989021300,0.339295804500580,284.671905517578011,282.878967285156023,0.397363394498825,-169.690002441405994,125.529998779297003,306.005554199219034,285.484283447266023,114.250000000000000,70.339996337890597,"10","8","0",-39.598056793212898,"1198",-71.373901367187500,2.849719285964970,"1",,,,,,,,,,,,,,,,,,,,,,,,,./0.png
,,,,,,,,,,,,,,,,,,,,,,,,"0","0",0.268509507179260,1.579811334609990,1.311301827430730,1.726794481277470,0.343123912811279,284.571990966796989,282.845123291016023,0.431330502033234,-169.699996948241989,125.519996643065994,296.521453857421989,285.326934814453011,114.239997863770000,70.319999694824205,"10","8","0",-39.601413726806598,"1198",-71.364265441894503,2.157577276229860,"2",,,,,,,,,,,,,,,,,,,,,,,,,./0.png
,,,,,,,,,,,,,,,,,,,,,,,,"0","0",0.293877959251404,1.603282928466800,1.309404969215390,1.694502234458920,0.343123912811279,284.560272216796989,282.865478515625000,0.431330502033234,-169.709991455078011,125.519996643065994,305.091827392578011,285.428558349608977,114.239997863770000,70.299995422363295,"10","8","0",-39.604682922363303,"1198",-71.354888916015597,2.157577276229860,"3",,,,,,,,,,,,,,,,,,,,,,,,,./0.png
,,,,,,,,,,,,,,,,,,,,,,,,"0","0",0.312370896339417,1.558161854743960,1.245790958404540,1.571937084198000,0.340751588344574,284.612396240233977,283.040344238281023,0.373101204633713,-169.750000000000000,125.519996643065994,295.070343017578011,282.899719238281023,114.220001220702997,70.239997863769503,"10","8","0",-39.615772247314503,"1198",-71.323074340820298,1.572632908821110,"7",,,,,,,,,,,,,,,,,,,,,,,,,./0.png
,,,,,,,,,,,,,,,,,,,,,,,,"0","0",0.265033006668091,1.485988020896910,1.220955014228820,1.497529149055480,0.340661704540253,284.590118408203011,283.092468261718977,0.363396316766739,-169.759994506835994,125.509994506835994,297.191040039061988,282.553894042968977,114.209999084472997,70.220001220703097,"10","8","0",-39.618679046630902,"1198",-71.314720153808594,1.101746678352360,"8",,,,,,,,,,,,,,,,,,,,,,,,,./0.png
,,,,,,,,,,,,,,,,,,,,,,,,,,,,,,,,,,,,,,,,,,,,,,,,"0","0",0.000000000000000,0.000000000000000,0.000000000000000,0.000000000000000,0.445265710353851,0.000000000000000,0.000000000000000,0.703067302703857,140.649993896484006,133.139999389648011,335.591430664061988,280.016021728516023,-85.689994812011719,68.699996948242202,"0","8","0",-23.400074005126999,"218",-57.995586395263707,11.044735908508301,"6311",./0.png
,,,,,,,,,,,,,,,,,,,,,,,,,,,,,,,,,,,,,,,,,,,,,,,,"0","0",0.000000000000000,0.000000000000000,0.000000000000000,0.000000000000000,0.450491398572922,0.000000000000000,0.000000000000000,0.652925431728363,140.639999389648011,133.139999389648011,323.168365478516023,286.508209228516023,-85.689994812011719,68.720001220703097,"0","8","0",-23.400585174560501,"218",-57.988147735595703,8.697734832763670,"6312",./0.png
,,,,,,,,,,,,,,,,,,,,,,,,,,,,,,,,,,,,,,,,,,,,,,,,"0","0",0.000000000000000,0.000000000000000,0.000000000000000,0.000000000000000,0.364407211542130,0.000000000000000,0.000000000000000,0.673952639102936,153.089996337890994,139.550003051758011,331.702087402343977,285.448242187500000,-82.229995727539105,25.739999771118200,"0","8","0",-22.315069198608398,"232",-68.881698608398395,4.486464023590090,"4044",./0.png
,,,,,,,,,,,,,,,,,,,,,,,,,,,,,,,,,,,,,,,,,,,,,,,,"0","0",-0.979855775833130,0.979048848152161,1.958904623985290,5.919279098510740,0.399742096662521,292.602447509766023,286.683135986328011,0.437800437211990,140.639999389648011,133.139999389648011,297.110412597656023,277.360412597656023,-86.169998168945298,68.720001220703097,"10","8","0",-23.395309448242202,"235",-57.995483398437507,1.635205984115600,"6312",./0.png
,,,,,,,,,,,,,,,,,,,,,,,,,,,,,,,,,,,,,,,,,,,,,,,,"0","0",0.000000000000000,0.000000000000000,0.000000000000000,0.000000000000000,0.471908181905746,0.000000000000000,0.000000000000000,0.804968595504761,140.649993896484006,133.139999389648011,338.138580322266023,284.368316650391023,-86.139999389648395,68.720001220703097,"0","8","0",-23.402456283569300,"236",-57.996032714843800,7.155098915100100,"6312",./0.png
,,,,,,,,,,,,,,,,,,,,,,,,,,,,,,,,,,,,,,,,,,,,,,,,"0","0",0.000000000000000,0.000000000000000,0.000000000000000,0.000000000000000,0.471908181905746,0.000000000000000,0.000000000000000,0.804968595504761,140.639999389648011,133.129989624023011,321.027069091796989,287.016754150391023,-86.139999389648395,68.729995727539105,"0","8","0",-23.402921676635700,"236",-57.988578796386697,7.155098915100100,"6313",./0.png
,,,,,,,,,,,,,,,,,,,,,,,,,,,,,,,,,,,,,,,,,,,,,,,,"0","0",0.480315268039703,1.045179605484010,0.564864337444305,-1.011854648590090,0.444340676069260,286.326354980468977,287.338287353516023,0.576903820037842,155.629989624023011,138.720001220703011,308.925964355468977,290.515350341796989,-82.400001525878906,18.209999084472699,"10","8","0",-23.822385787963899,"739",-70.315490722656193,1.662206172943120,"3799",./0.png
,,,,,,,,,,,,,,,,,,,,,,,,,,,,,,,,,,,,,,,,,,,,,,,,"0","0",0.490026831626892,1.058749794960020,0.568722963333130,-1.072738766670230,0.437026858329773,286.202697753906023,287.275451660156023,0.630280673503876,155.629989624023011,138.720001220703011,311.990875244140966,290.075439453125000,-82.309997558593807,18.180000305175799,"10","8","0",-23.825286865234400,"740",-70.320312500000000,2.423205137252810,"3798",./0.png
,,,,,,,,,,,,,,,,,,,,,,,,,,,,,,,,,,,,,,,,,,,,,,,,"0","0",0.234005689620972,0.622745037078857,0.388739347457886,0.855380594730377,0.509110271930695,291.384918212891023,290.529754638671989,0.568816363811493,149.089996337890994,135.009994506835994,309.562164306641023,290.408660888671989,-83.779998779296889,50.549999237060497,"10","8","0",-25.292543411254901,"975",-64.679710388183594,1.429795861244200,"5020",./0.png
,,,,,,,,,,,,,,,,,,,,,,,,,,,,,,,,,,,,,,,,,,,,,,,,"0","0",0.288560628890991,0.491448849439621,0.202888235449791,3.811513423919680,0.535625696182251,295.288909912108977,291.477569580078011,0.678805112838745,145.050003051758011,132.440002441405994,311.220001220703068,291.834686279296932,-85.180000305175795,63.000000000000000,"10","8","0",-26.107809066772500,"1114",-60.853084564208999,1.903031945228580,"5920",./0.png
,,,,,,,,,,,,,,,,,,,,,,,,,,,,,,,,,,,,,,,,,,,,,,,,"0","0",0.281330078840256,0.475235372781754,0.193905293941498,3.823288917541500,0.535625696182251,295.322662353516023,291.499603271483977,0.678805112838745,145.050003051758011,132.440002441405994,305.276367187500057,291.371612548828011,-85.180000305175795,63.020000457763707,"10","8","0",-26.108205795288100,"1114",-60.847785949707003,1.903031945228580,"5921",./0.png
,,,,,,,,,,,,,,,,,,,,,,,,,,,,,,,,,,,,,,,,,,,,,,,,"0","0",0.416726768016815,0.624940276145935,0.208213508129120,3.459078073501590,0.535080373287201,294.939239501953011,291.480102539061988,0.615723311901093,145.050003051758011,132.429992675780994,308.930603027343977,291.474334716796989,-85.720001220703111,63.020000457763707,"10","8","0",-26.111173629760700,"1130",-60.853507995605497,2.143689155578610,"5921",./0.png
,,,,,,,,,,,,,,,,,,,,,,,,,,,,,,,,,,,,,,,,,,,,,,,,"0","0",0.418565988540649,0.623748958110809,0.205182954668999,3.444296598434450,0.535455822944641,294.941284179688012,291.496978759766023,0.609253406524658,145.039993286133011,132.429992675780994,310.477539062499943,291.629791259766023,-85.720001220703111,63.029998779296903,"10","8","0",-26.111536026001001,"1130",-60.848217010497997,1.965850472450260,"5922",./0.png
,,,,,,,,,,,,,,,,,,,,,,,,,,,,,,,,,,,,,,,,,,,,,,,,"0","0",0.000000000000000,0.000000000000000,0.000000000000000,0.000000000000000,0.483470469713211,0.000000000000000,0.000000000000000,0.610870897769928,142.349990844726989,129.849990844726989,327.758392333983977,293.956176757811988,-87.349998474121094,70.040000915527301,"0","8","0",-27.305582046508800,"1449",-57.860370635986293,6.173978328704830,"6392",./0.png
,,,,,,,,,,,,,,,,,,,,,,,,,,,,,,,,,,,,,,,,,,,,,,,,"0","0",0.172693133354187,1.478364109992980,1.305670976638790,0.142966389656067,0.388265043497086,283.655487060546989,283.512420654296989,0.507352113723755,155.470001220703011,135.959991455078011,299.624664306641023,285.932159423828011,-82.180000305175795,27.869998931884801,"10","8","0",-26.432607650756800,"1482",-69.479217529296903,1.815003156661990,"4112",./0.png
,,,,,,,,,,,,,,,,,,,,,,,,,,,,,,,,,,,,,,,,,,,,,,,,"0","0",0.097782075405121,0.479958921670914,0.382176846265793,2.676210403442380,0.511719346046448,294.625976562499943,291.949615478516023,0.615723311901093,144.639999389648011,130.110000610351989,309.041809082031023,292.122833251953011,-86.319999694824205,66.479995727539105,"10","8","0",-28.134048461914102,"1718",-59.684623718261697,1.825324773788450,"6163",./0.png
,,,,,,,,,,,,,,,,,,,,,,,,,,,,,,,,,,,,,,,,,,,,,,,,"0","0",0.131291806697845,0.490328282117844,0.359036475419998,2.649017572402950,0.511719346046448,294.631927490233977,291.982849121093977,0.615723311901093,144.649993896484006,130.110000610351989,310.865203857421989,292.407165527343977,-86.290000915527301,66.479995727539105,"10","8","0",-28.140821456909201,"1719",-59.685104370117202,1.825324773788450,"6163",./0.png
,,,,,,,,,,,,,,,,,,,,,,,,,,,,,,,,,,,,,,,,,,,,,,,,"0","0",0.138510882854462,0.562300026416779,0.423789143562317,0.046159293502569,0.465095430612564,288.003540039061988,287.957672119141023,0.515439510345459,156.720001220703011,135.360000610351989,300.135925292968977,289.383972167968977,-80.919998168945298,24.430000305175799,"10","8","0",-27.357671737670898,"1785",-70.221649169921903,0.708056151866913,"4001",./0.png
,,,,,,,,,,,,,,,,,,,,,,,,,,,,,,,,,,,,,,,,,,,,,,,,"0","0",0.150174215435982,0.347581624984741,0.197407409548759,1.947557687759400,0.535523176193237,294.863250732421989,292.915588378906023,0.617340803146362,146.360000610351989,130.589996337890994,304.590332031250000,292.961578369140966,-85.869995117187500,63.109996795654297,"10","8","0",-28.428646087646499,"1841",-61.160724639892599,2.188691139221190,"5927",./0.png
,,,,,,,,,,,,,,,,,,,,,,,,,,,,,,,,,,,,,,,,,,,,,,,,"0","0",0.153206408023834,0.345380753278732,0.192174345254898,1.961121201515200,0.535496234893799,294.874206542968977,292.912994384766023,0.699832379817963,146.360000610351989,130.589996337890994,319.633666992188012,293.406311035156023,-85.879997253417997,63.129997253417997,"10","8","0",-28.428993225097699,"1841",-61.155265808105497,2.202709436416630,"5928",./0.png
,,,,,,,,,,,,,,,,,,,,,,,,,,,,,,,,,,,,,,,,,,,,,,,,"0","0",0.169745251536369,0.354789704084396,0.185044452548027,1.965638279914860,0.535496234893799,294.876739501953011,292.911041259766023,0.699832379817963,146.349990844726989,130.580001831055000,319.577789306641023,293.013793945311988,-85.879997253417997,63.139999389648402,"10","8","0",-28.429340362548800,"1841",-61.149810791015597,2.202709436416630,"5929",./0.png
,,,,,,,,,,,,,,,,,,,,,,,,,,,,,,,,,,,,,,,,,,,,,,,,"0","0",0.386596858501434,0.591817736625671,0.205220878124237,0.610009193420410,0.504845023155212,293.077728271483977,292.467864990233977,0.572051346302032,145.809997558594006,130.179992675780994,308.967742919921989,293.084411621093977,-86.110000610351605,64.540000915527301,"10","8","0",-28.580722808837901,"1875",-60.595787048339801,2.009937524795530,"6029",./0.png
,,,,,,,,,,,,,,,,,,,,,,,,,,,,,,,,,,,,,,,,,,,,,,,,"0","0",0.386603832244873,0.589977502822876,0.203373685479164,0.606495618820190,0.503551006317139,293.087219238281023,292.480773925780966,0.606018483638763,145.809997558594006,130.179992675780994,318.732604980468977,293.136596679688012,-86.069999694824205,64.519996643066406,"10","8","0",-28.586833953857401,"1876",-60.602226257324197,3.064491748809810,"6028",./0.png
,,,,,,,,,,,,,,,,,,,,,,,,,,,,,,,,,,,,,,,,,,,,,,,,"0","0",0.389080166816711,0.576103568077087,0.187023386359215,0.325333416461945,0.502997338771820,292.918670654296932,292.593505859375000,0.617340803146362,145.809997558594006,130.179992675780994,318.659881591796989,293.391021728516023,-86.599998474121094,64.540000915527301,"10","8","0",-28.586391448974599,"1892",-60.601535797119098,3.419666528701780,"6029",./0.png
,,,,,,,,,,,,,,,,,,,,,,,,,,,,,,,,,,,,,,,,,,,,,,,,"0","0",0.000000000000000,0.000000000000000,0.000000000000000,0.000000000000000,0.427556395530701,0.000000000000000,0.000000000000000,0.588226139545441,143.979995727539006,127.360000610352003,329.364868164061988,290.894256591796989,-87.639999389648395,70.110000610351605,"0","8","0",-30.478830337524400,"2423",-58.182876586914098,3.905371189117430,"6395",./0.png
,,,,,,,,,,,,,,,,,,,,,,,,,,,,,,,,,,,,,,,,,,,,,,,,"0","0",-1.191007852554320,0.814185440540314,2.005193233489990,2.861949920654300,0.427556395530701,290.238983154296932,287.377105712891023,0.588226139545441,143.989990234375000,127.360000610352003,307.749267578125000,290.364715576171989,-87.639999389648395,70.089996337890597,"10","8","0",-30.478523254394499,"2423",-58.191673278808601,3.905371189117430,"6394",./0.png
,,,,,,,,,,,,,,,,,,,,,,,,,,,,,,,,,,,,,,,,,,,,,,,,"0","0",-1.098078250885010,0.811100900173187,1.909179210662840,2.769754171371460,0.429005384445190,290.253234863281023,287.483520507811988,0.528379380702972,143.979995727539006,127.349998474120994,315.690734863281023,290.110076904296932,-87.610000610351605,70.110000610351605,"10","8","0",-30.486263275146499,"2424",-58.183280944824197,4.830932617187500,"6395",./0.png
,,,,,,,,,,,,,,,,,,,,,,,,,,,,,,,,,,,,,,,,,,,,,,,,"0","0",-2.620520591735840,1.455443859100340,4.075964450836180,4.575037479400630,0.430406242609024,289.570220947266023,284.995178222656023,0.505734622478485,143.970001220703011,127.360000610352003,315.004302978516023,290.537292480468977,-88.089996337890597,70.110000610351605,"10","8","0",-30.477502822876001,"2441",-58.186859130859403,3.661987304687500,"6395",./0.png
,,,,,,,,,,,,,,,,,,,,,,,,,,,,,,,,,,,,,,,,,,,,,,,,"0","0",0.000000000000000,0.000000000000000,0.000000000000000,0.000000000000000,0.421928912401199,0.000000000000000,0.000000000000000,0.551024079322815,143.970001220703011,127.349998474120994,329.270416259766023,290.427490234375000,-88.059997558593807,70.129997253417997,"0","8","0",-30.485193252563501,"2442",-58.178459167480497,6.295569896698000,"6396",./0.png
,,,,,,,,,,,,,,,,,,,,,,,,,,,,,,,,,,,,,,,,,,,,,,,,"0","0",-2.835071563720700,1.632548689842220,4.467620372772221,4.892687320709230,0.423782289028168,289.358001708983977,284.465362548828011,0.551024079322815,143.979995727539006,127.349998474120994,304.948669433593977,290.430633544921989,-88.059997558593807,70.110000610351605,"10","8","0",-30.484930038452099,"2442",-58.187316894531200,6.185687541961670,"6395",./0.png
,,,,,,,,,,,,,,,,,,,,,,,,,,,,,,,,,,,,,,,,,,,,,,,,"0","0",-0.140317559242249,1.574585556983950,1.714903116226200,1.941301703453060,0.485111743211746,293.393951416016023,291.452667236328011,0.560728967189789,145.979995727539006,127.709999084472997,303.266113281250000,291.368499755859034,-86.839996337890597,66.839996337890597,"10","8","0",-31.048444747924801,"2618",-59.891525268554702,1.368309855461120,"6186",./0.png
,,,,,,,,,,,,,,,,,,,,,,,,,,,,,,,,,,,,,,,,,,,,,,,,"0","0",-0.082418799400330,1.552757143974300,1.635175943374630,1.886401534080510,0.485111743211746,293.424163818358977,291.537780761718977,0.560728967189789,145.979995727539006,127.709999084472997,303.674530029296932,290.012451171875000,-86.809997558593807,66.839996337890597,"10","8","0",-31.055288314819300,"2619",-59.891941070556598,1.368309855461120,"6186",./0.png
,,,,,,,,,,,,,,,,,,,,,,,,,,,,,,,,,,,,,,,,,,,,,,,,"0","0",0.000000000000000,0.000000000000000,0.000000000000000,0.000000000000000,0.585106790065765,0.000000000000000,0.000000000000000,0.848640620708466,155.830001831055000,130.300003051758011,322.759246826171989,297.699584960938012,-82.639999389648395,40.419998168945298,"0","8","0",-32.069313049316399,"3128",-68.386619567871094,3.972404241561890,"4567",./0.png
,,,,,,,,,,,,,,,,,,,,,,,,,,,,,,,,,,,,,,,,,,,,,,,,"0","0",0.415940880775452,1.570534586906430,1.154593706130980,1.261820077896120,0.539191067218781,293.982513427733977,292.720794677733977,0.686892509460449,153.349990844726989,128.919998168945000,305.368194580078011,294.418579101561988,-84.290000915527301,50.349998474121101,"10","8","0",-32.675170898437500,"3248",-66.106483459472699,3.494028568267820,"5011",./0.png
,,,,,,,,,,,,,,,,,,,,,,,,,,,,,,,,,,,,,,,,,,,,,,,,"0","0",0.417875885963440,1.632006287574770,1.214130401611330,1.222609400749210,0.549002289772034,293.691558837891023,292.469055175780966,0.919809758663177,153.360000610351989,128.910003662109006,317.693817138671989,295.509887695311988,-84.220001220703111,50.349998474121101,"10","8","0",-32.684917449951200,"3250",-66.107986450195298,4.385914802551271,"5011",./0.png
,,,,,,,,,,,,,,,,,,,,,,,,,,,,,,,,,,,,,,,,,,,,,,,,"0","0",0.000000000000000,0.000000000000000,0.000000000000000,0.000000000000000,0.549002289772034,0.000000000000000,0.000000000000000,0.919809758663177,153.360000610351989,128.899993896484006,330.180786132811988,295.515899658203011,-84.180000305175795,50.349998474121101,"0","8","0",-32.689750671386697,"3251",-66.109169006347699,4.385914802551271,"5011",./0.png
,,,,,,,,,,,,,,,,,,,,,,,,,,,,,,,,,,,,,,,,,,,,,,,,"0","0",0.454288125038147,1.652994394302370,1.198706269264220,1.167739272117610,0.537410318851471,293.306701660156023,292.138977050780966,0.670717716217041,153.349990844726989,128.899993896484006,310.677459716796989,293.959228515625000,-84.180000305175795,50.399997711181598,"10","8","0",-32.690769195556598,"3251",-66.097274780273395,3.161223173141480,"5013",./0.png
,,,,,,,,,,,,,,,,,,,,,,,,,,,,,,,,,,,,,,,,,,,,,,,,"0","0",0.000000000000000,0.000000000000000,0.000000000000000,0.000000000000000,0.541319251060486,0.000000000000000,0.000000000000000,1.131699800491330,153.360000610351989,128.899993896484006,336.645355224608977,296.394561767578011,-84.139999389648395,50.349998474121101,"0","8","0",-32.694610595703097,"3252",-66.110061645507798,6.983027935028080,"5011",./0.png
,,,,,,,,,,,,,,,,,,,,,,,,,,,,,,,,,,,,,,,,,,,,,,,,"0","0",0.000000000000000,0.000000000000000,0.000000000000000,0.000000000000000,0.529261648654938,0.000000000000000,0.000000000000000,0.837318241596222,153.349990844726989,128.889999389648011,331.698669433593977,294.236267089843977,-84.150001525878906,50.399997711181598,"0","8","0",-32.695545196533203,"3252",-66.099151611328097,3.652594327926640,"5013",./0.png
,,,,,,,,,,,,,,,,,,,,,,,,,,,,,,,,,,,,,,,,,,,,,,,,"0","0",0.462738752365112,1.617216467857360,1.154477715492250,1.165893197059630,0.519420981407166,293.200469970703068,292.034637451171989,0.838935732841492,153.339996337890994,128.889999389648011,312.459075927733977,293.983612060546989,-84.150001525878906,50.419998168945298,"10","8","0",-32.696067810058601,"3252",-66.093025207519503,3.797716379165650,"5014",./0.png
,,,,,,,,,,,,,,,,,,,,,,,,,,,,,,,,,,,,,,,,,,,,,,,,"0","0",0.000000000000000,0.000000000000000,0.000000000000000,0.000000000000000,0.541319251060486,0.000000000000000,0.000000000000000,1.131699800491330,153.369995117188012,128.899993896484006,327.146820068358977,294.564239501953011,-84.099998474121094,50.349998474121101,"0","8","0",-32.699474334716797,"3253",-66.110877990722699,6.983027935028080,"5011",./0.png
,,,,,,,,,,,,,,,,,,,,,,,,,,,,,,,,,,,,,,,,,,,,,,,,"0","0",0.000000000000000,0.000000000000000,0.000000000000000,0.000000000000000,0.519420981407166,0.000000000000000,0.000000000000000,0.838935732841492,153.349990844726989,128.889999389648011,328.648101806641023,293.433868408203011,-84.110000610351605,50.419998168945298,"0","8","0",-32.700881958007798,"3253",-66.094512939453097,3.797716379165650,"5014",./0.png
,,,,,,,,,,,,,,,,,,,,,,,,,,,,,,,,,,,,,,,,,,,,,,,,"0","0",0.456743597984314,1.631041169166560,1.174297571182250,1.180350661277770,0.529261648654938,293.289031982421989,292.108764648438012,0.837318241596222,153.360000610351989,128.889999389648011,309.686889648438012,292.530578613281023,-84.110000610351605,50.369998931884801,"10","8","0",-32.699897766113303,"3253",-66.105987548828097,3.652594327926640,"5012",./0.png
,,,,,,,,,,,,,,,,,,,,,,,,,,,,,,,,,,,,,,,,,,,,,,,,"0","0",0.000000000000000,0.000000000000000,0.000000000000000,0.000000000000000,0.517288088798523,0.000000000000000,0.000000000000000,1.067000508308410,153.360000610351989,128.889999389648011,336.280029296875000,295.226654052733977,-84.069999694824205,50.369998931884801,"0","8","0",-32.704772949218800,"3254",-66.106674194335895,6.517881870269780,"5012",./0.png
,,,,,,,,,,,,,,,,,,,,,,,,,,,,,,,,,,,,,,,,,,,,,,,,"0","0",0.000000000000000,0.000000000000000,0.000000000000000,0.000000000000000,0.510479211807251,0.000000000000000,0.000000000000000,1.833686590194700,153.349990844726989,128.879989624023011,335.998260498046989,294.084136962891023,-84.069999694824205,50.419998168945298,"0","8","0",-32.705703735351598,"3254",-66.095863342285199,15.727494239807100,"5014",./0.png
,,,,,,,,,,,,,,,,,,,,,,,,,,,,,,,,,,,,,,,,,,,,,,,,"0","0",0.000000000000000,0.000000000000000,0.000000000000000,0.000000000000000,0.517288088798523,0.000000000000000,0.000000000000000,1.067000508308410,153.369995117188012,128.889999389648011,329.800659179688012,294.464141845703068,-84.029998779296889,50.369998931884801,"0","8","0",-32.709625244140597,"3255",-66.107635498046903,6.517881870269780,"5012",./0.png
,,,,,,,,,,,,,,,,,,,,,,,,,,,,,,,,,,,,,,,,,,,,,,,,"0","0",0.000000000000000,0.000000000000000,0.000000000000000,0.000000000000000,0.510479211807251,0.000000000000000,0.000000000000000,1.833686590194700,153.349990844726989,128.879989624023011,347.107788085938012,298.533752441406023,-84.040000915527301,50.419998168945298,"0","8","0",-32.710559844970703,"3255",-66.096817016601605,15.727494239807100,"5014",./0.png
,,,,,,,,,,,,,,,,,,,,,,,,,,,,,,,,,,,,,,,,,,,,,,,,"0","0",0.000000000000000,0.000000000000000,0.000000000000000,0.000000000000000,0.501262784004211,0.000000000000000,0.000000000000000,1.206103920936580,153.360000610351989,128.879989624023011,341.805267333983977,294.281860351561988,-84.000000000000000,50.419998168945298,"0","8","0",-32.715438842773402,"3256",-66.097518920898395,4.188831329345700,"5014",./0.png
,,,,,,,,,,,,,,,,,,,,,,,,,,,,,,,,,,,,,,,,,,,,,,,,"0","0",0.000000000000000,0.000000000000000,0.000000000000000,0.000000000000000,0.501262784004211,0.000000000000000,0.000000000000000,1.206103920936580,153.349990844726989,128.869995117188012,320.880462646483977,291.636016845703068,-84.000000000000000,50.439998626708999,"0","8","0",-32.715980529785199,"3256",-66.091270446777301,4.188831329345700,"5015",./0.png
,,,,,,,,,,,,,,,,,,,,,,,,,,,,,,,,,,,,,,,,,,,,,,,,"0","0",0.478623747825623,1.627809882164000,1.149186134338380,1.184260010719300,0.506400644779205,293.134552001953011,291.950439453125000,0.657777845859528,153.369995117188012,128.879989624023011,302.808837890625000,292.277435302733977,-83.989997863769503,50.369998931884801,"10","8","0",-32.714462280273402,"3256",-66.108825683593807,1.794863343238830,"5012",./0.png
,,,,,,,,,,,,,,,,,,,,,,,,,,,,,,,,,,,,,,,,,,,,,,,,"0","0",0.493366360664368,1.605629801750180,1.112263441085820,1.169338703155520,0.506400644779205,293.029418945311988,291.860260009766023,0.657777845859528,153.360000610351989,128.879989624023011,306.072113037108977,291.340484619140966,-83.989997863769503,50.399997711181598,"10","8","0",-32.714939117431598,"3256",-66.103309631347699,1.794863343238830,"5013",./0.png
,,,,,,,,,,,,,,,,,,,,,,,,,,,,,,,,,,,,,,,,,,,,,,,,"0","0",0.525723576545715,1.545193552970890,1.019469976425170,1.167362809181210,0.501262784004211,292.877655029296932,291.710266113281023,1.206103920936580,153.360000610351989,128.869995117188012,316.753173828125000,291.387207031250000,-83.959999084472699,50.419998168945298,"10","8","0",-32.720329284667997,"3257",-66.098114013671903,4.188831329345700,"5014",./0.png
,,,,,,,,,,,,,,,,,,,,,,,,,,,,,,,,,,,,,,,,,,,,,,,,"0","0",0.547677159309387,1.513359189033510,0.965682029724121,1.141425728797910,0.501262784004211,292.766754150391023,291.625305175780966,1.206103920936580,153.349990844726989,128.869995117188012,303.107879638671989,290.872375488281023,-83.959999084472699,50.439998626708999,"10","8","0",-32.720863342285199,"3257",-66.091964721679702,4.188831329345700,"5015",./0.png
,,,,,,,,,,,,,,,,,,,,,,,,,,,,,,,,,,,,,,,,,,,,,,,,"0","0",0.000000000000000,0.000000000000000,0.000000000000000,0.000000000000000,0.504925847053528,0.000000000000000,0.000000000000000,0.675570130348206,153.360000610351989,128.879989624023011,323.860809326171989,293.696838378906023,-84.830001831054702,50.399997711181598,"0","8","0",-32.711875915527301,"3266",-66.108222961425795,4.046622276306150,"5013",./0.png
,,,,,,,,,,,,,,,,,,,,,,,,,,,,,,,,,,,,,,,,,,,,,,,,"0","0",0.000000000000000,0.000000000000000,0.000000000000000,0.000000000000000,0.500342965126038,0.000000000000000,0.000000000000000,1.796484470367430,153.349990844726989,128.879989624023011,340.560882568358977,298.580749511718977,-84.830001831054702,50.450000762939503,"0","8","0",-32.712772369384801,"3266",-66.097206115722699,10.270527839660600,"5015",./0.png
,,,,,,,,,,,,,,,,,,,,,,,,,,,,,,,,,,,,,,,,,,,,,,,,"0","0",0.164687275886536,0.841101765632629,0.676414489746094,0.685434699058533,0.500342965126038,291.262390136718977,290.576934814453011,1.796484470367430,153.349990844726989,128.879989624023011,307.618560791016023,291.986602783203011,-84.830001831054702,50.419998168945298,"10","8","0",-32.712310791015597,"3266",-66.102905273437500,10.270527839660600,"5014",./0.png
,,,,,,,,,,,,,,,,,,,,,,,,,,,,,,,,,,,,,,,,,,,,,,,,"0","0",0.161158442497253,0.806314289569855,0.645155847072601,0.663783431053162,0.498186320066452,291.209442138671989,290.545593261718977,0.932749629020691,153.339996337890994,128.869995117188012,302.573120117188012,291.287536621093977,-84.839996337890597,50.469997406005902,"10","8","0",-32.713279724121101,"3266",-66.090881347656193,5.177824974060060,"5016",./0.png
,,,,,,,,,,,,,,,,,,,,,,,,,,,,,,,,,,,,,,,,,,,,,,,,"0","0",0.000000000000000,0.000000000000000,0.000000000000000,0.000000000000000,0.500342965126038,0.000000000000000,0.000000000000000,1.796484470367430,153.349990844726989,128.869995117188012,331.241058349608977,293.167266845703068,-84.799995422363295,50.439998626708999,"0","8","0",-32.717658996582003,"3267",-66.097839355468807,10.270527839660600,"5015",./0.png
,,,,,,,,,,,,,,,,,,,,,,,,,,,,,,,,,,,,,,,,,,,,,,,,"0","0",0.000000000000000,0.000000000000000,0.000000000000000,0.000000000000000,0.498186320066452,0.000000000000000,0.000000000000000,0.932749629020691,153.339996337890994,128.869995117188012,328.956939697266023,291.850189208983977,-84.799995422363295,50.469997406005902,"0","8","0",-32.718154907226598,"3267",-66.091644287109403,5.177824974060060,"5016",./0.png
,,,,,,,,,,,,,,,,,,,,,,,,,,,,,,,,,,,,,,,,,,,,,,,,"0","0",0.210234224796295,0.865538656711578,0.655304431915283,-0.776129961013794,0.461860448122025,288.072448730468977,288.848602294921989,0.538084268569946,159.059997558594006,130.429992675780994,301.735321044921989,290.411804199219034,-81.830001831054702,27.859998703002901,"10","8","0",-32.803028106689503,"3438",-70.950592041015597,1.159930586814880,"4111",./0.png
,,,,,,,,,,,,,,,,,,,,,,,,,,,,,,,,,,,,,,,,,,,,,,,,"0","0",0.330805778503418,1.188527464866640,0.857721686363220,-1.156544089317320,0.414751350879669,285.690765380858977,286.847442626953011,0.470150053501129,159.699996948241989,130.599990844726989,301.933807373046989,286.890625000000000,-80.569999694824205,24.629999160766602,"10","8","0",-32.788234710693402,"3452",-71.485633850097699,0.782260298728943,"4007",./0.png
,,,,,,,,,,,,,,,,,,,,,,,,,,,,,,,,,,,,,,,,,,,,,,,,"0","0",0.227585077285767,0.793185174465179,0.565600097179413,-1.040166735649110,0.434767663478851,286.504608154296989,287.544555664061988,0.526761889457703,159.529998779296989,130.410003662109006,307.669464111328011,288.353454589843977,-82.250000000000000,25.859998703002901,"10","8","0",-32.937549591064503,"3493",-71.322181701660199,1.335222363471980,"4047",./0.png
,,,,,,,,,,,,,,,,,,,,,,,,,,,,,,,,,,,,,,,,,,,,,,,,"0","0",0.284279882907867,1.099769711494450,0.815489828586578,-0.560058295726776,0.475424438714981,288.793426513671989,289.353485107421989,0.549406647682190,158.899993896484006,129.889999389648011,309.871917724608977,291.701232910156023,-81.470001220703111,29.799999237060501,"10","8","0",-33.293640136718800,"3575",-70.725990295410199,1.183406472206120,"4173",./0.png
,,,,,,,,,,,,,,,,,,,,,,,,,,,,,,,,,,,,,,,,,,,,,,,,"0","0",0.280145287513733,1.123842597007750,0.843697309494019,-0.547212302684784,0.478167206048965,288.830444335938012,289.377655029296932,0.593078613281250,158.899993896484006,129.889999389648011,311.944702148438012,291.281280517578011,-81.409996032714801,29.799999237060501,"10","8","0",-33.297428131103501,"3576",-70.726623535156193,1.838102698326110,"4173",./0.png
,,,,,,,,,,,,,,,,,,,,,,,,,,,,,,,,,,,,,,,,,,,,,,,,"0","0",0.000000000000000,0.000000000000000,0.000000000000000,0.000000000000000,0.450538098812103,0.000000000000000,0.000000000000000,0.921427249908447,158.759994506835994,129.039993286133011,340.203186035156023,291.050476074219034,-81.290000915527301,32.329998016357401,"0","8","0",-34.106903076171903,"3807",-70.458328247070298,8.098084449768070,"4254",./0.png
,,,,,,,,,,,,,,,,,,,,,,,,,,,,,,,,,,,,,,,,,,,,,,,,"0","0",0.000000000000000,0.000000000000000,0.000000000000000,0.000000000000000,0.447856992483139,0.000000000000000,0.000000000000000,0.829230844974518,158.750000000000000,129.039993286133011,329.692840576171989,291.843994140625000,-82.769996643066406,32.369998931884801,"0","8","0",-34.106712341308601,"3812",-70.458732604980497,6.558650970458980,"4255",./0.png
,,,,,,,,,,,,,,,,,,,,,,,,,,,,,,,,,,,,,,,,,,,,,,,,"0","0",0.072112083435059,1.612720489501950,1.540608406066890,-0.247556224465370,0.445325285196304,286.654296875000000,286.901580810546989,0.586608707904816,158.739990234375000,129.039993286133011,301.854003906250000,290.493408203125000,-82.769996643066406,32.399997711181598,"10","8","0",-34.107357025146499,"3812",-70.453041076660199,2.434241294860840,"4256",./0.png
,,,,,,,,,,,,,,,,,,,,,,,,,,,,,,,,,,,,,,,,,,,,,,,,"0","0",0.325231909751892,1.555073261260990,1.229841351509090,-0.301080673933029,0.409301996231079,284.446716308593977,284.747833251953011,0.664247751235962,160.970001220703011,126.949996948242003,301.839172363281023,289.535888671875000,-82.279998779296889,27.680000305175799,"10","8","0",-36.715267181396499,"4644",-71.943458557128906,1.930882692337040,"4105",./0.png
,,,,,,,,,,,,,,,,,,,,,,,,,,,,,,,,,,,,,,,,,,,,,,,,"0","0",0.339312314987183,1.616561770439150,1.277249455451970,-0.305639237165451,0.403448253870010,284.319702148438012,284.625396728516023,0.546171665191650,160.970001220703011,126.949996948242003,302.564453125000000,288.697967529296932,-82.290000915527301,27.709999084472699,"10","8","0",-36.715908050537102,"4644",-71.938034057617202,1.082603096961980,"4106",./0.png
,,,,,,,,,,,,,,,,,,,,,,,,,,,,,,,,,,,,,,,,,,,,,,,,"0","0",0.308129906654358,1.554418206214900,1.246288299560550,-0.275798350572586,0.409301996231079,284.503692626953011,284.779479980468977,0.664247751235962,160.970001220703011,126.949996948242003,316.251129150391023,291.190887451171989,-82.220001220703111,27.670000076293899,"10","8","0",-36.718994140625000,"4645",-71.944175720214801,1.930882692337040,"4105",./0.png
,,,,,,,,,,,,,,,,,,,,,,,,,,,,,,,,,,,,,,,,,,,,,,,,"0","0",0.321893334388733,1.620048642158510,1.298155307769780,-0.281056046485901,0.403448253870010,284.372161865233977,284.653259277343977,0.546171665191650,160.970001220703011,126.949996948242003,302.639434814453011,289.820159912108977,-82.220001220703111,27.709999084472699,"10","8","0",-36.719635009765597,"4645",-71.938743591308594,1.082603096961980,"4106",./0.png
,,,,,,,,,,,,,,,,,,,,,,,,,,,,,,,,,,,,,,,,,,,,,,,,"0","0",0.300383687019348,1.636768460273740,1.336384773254390,-0.273626297712326,0.403756290674210,284.381713867188012,284.655426025391023,1.498867988586430,160.970001220703011,126.939994812012003,304.943359375000000,291.418334960938012,-82.159996032714801,27.709999084472699,"10","8","0",-36.723361968994098,"4646",-71.939445495605497,4.153387546539310,"4106",./0.png
,,,,,,,,,,,,,,,,,,,,,,,,,,,,,,,,,,,,,,,,,,,,,,,,"0","0",0.324332594871521,1.699930191040040,1.375597596168520,-0.275615602731705,0.403756290674210,284.262420654296989,284.538085937500000,1.498867988586430,160.959991455078011,126.939994812012003,308.223663330078011,290.537292480468977,-82.159996032714801,27.739999771118200,"10","8","0",-36.724002838134801,"4646",-71.934005737304702,4.153387546539310,"4107",./0.png
,,,,,,,,,,,,,,,,,,,,,,,,,,,,,,,,,,,,,,,,,,,,,,,,"0","0",0.000000000000000,0.000000000000000,0.000000000000000,0.000000000000000,0.403756290674210,0.000000000000000,0.000000000000000,1.498867988586430,160.970001220703011,126.939994812012003,345.464996337891023,294.096313476561988,-82.099998474121094,27.709999084472699,"0","8","0",-36.727088928222699,"4647",-71.940147399902301,4.153387546539310,"4106",./0.png
,,,,,,,,,,,,,,,,,,,,,,,,,,,,,,,,,,,,,,,,,,,,,,,,"0","0",0.000000000000000,0.000000000000000,0.000000000000000,0.000000000000000,0.403756290674210,0.000000000000000,0.000000000000000,1.498867988586430,160.970001220703011,126.939994812012003,337.678009033203011,291.268829345703068,-82.099998474121094,27.739999771118200,"0","8","0",-36.727729797363303,"4647",-71.934715270996094,4.153387546539310,"4107",./0.png
,,,,,,,,,,,,,,,,,,,,,,,,,,,,,,,,,,,,,,,,,,,,,,,,"0","0",0.269577741622925,1.615278124809270,1.345700383186340,-0.256490021944046,0.409224927425385,284.453674316406023,284.710235595703011,0.609253406524658,160.979995727539006,126.939994812012003,309.928070068358977,290.305023193358977,-82.099998474121094,27.670000076293899,"10","8","0",-36.726448059082003,"4647",-71.945587158203097,3.029911279678340,"4105",./0.png
,,,,,,,,,,,,,,,,,,,,,,,,,,,,,,,,,,,,,,,,,,,,,,,,"0","0",0.121738672256470,1.483285069465640,1.361546397209170,-0.178386032581329,0.402215838432312,284.441314697266023,284.619598388671989,0.492794781923294,161.009994506835994,126.930000305175994,302.954498291016023,287.042602539061988,-81.709999084472699,27.579999923706101,"10","8","0",-36.746852874755902,"4653",-71.966102600097699,1.369937658309940,"4102",./0.png
,,,,,,,,,,,,,,,,,,,,,,,,,,,,,,,,,,,,,,,,,,,,,,,,"0","0",0.125318884849548,1.609377861022950,1.484058976173400,-0.200938910245895,0.394643098115921,284.201934814453011,284.402770996093977,0.476619988679886,160.989990234375000,126.919998168944986,297.106903076171989,286.884155273438012,-81.720001220703111,27.639999389648398,"10","8","0",-36.748153686523402,"4653",-71.955207824707003,1.241736769676210,"4104",./0.png
,,,,,,,,,,,,,,,,,,,,,,,,,,,,,,,,,,,,,,,,,,,,,,,,"0","0",0.101044893264771,1.605009198188780,1.503964304924010,-0.207262083888054,0.382438480854034,284.115051269531023,284.322235107421989,0.547789156436920,161.000000000000000,126.919998168944986,315.742767333983977,288.904846191406023,-81.650001525878906,27.639999389648398,"10","8","0",-36.751873016357401,"4654",-71.955940246582003,2.504632949829100,"4104",./0.png
,,,,,,,,,,,,,,,,,,,,,,,,,,,,,,,,,,,,,,,,,,,,,,,,"0","0",-0.651897192001343,0.933663010597229,1.585560202598570,0.476773053407669,0.527166247367859,290.684753417968977,290.207885742188012,0.583373725414276,158.179992675780994,125.509994506835994,308.114105224608977,293.779266357421989,-83.000000000000000,41.169998168945298,"10","8","0",-37.480834960937507,"4788",-69.378196716308594,0.872187554836273,"4601",./0.png
,,,,,,,,,,,,,,,,,,,,,,,,,,,,,,,,,,,,,,,,,,,,,,,,"0","0",0.000000000000000,0.000000000000000,0.000000000000000,0.000000000000000,0.510789275169373,0.000000000000000,0.000000000000000,0.656160354614258,157.869995117188012,125.379997253417997,320.863067626953011,293.806732177733977,-82.970001220703111,42.419998168945298,"0","8","0",-37.530017852783203,"4793",-69.093528747558594,2.374639749526980,"4658",./0.png
,,,,,,,,,,,,,,,,,,,,,,,,,,,,,,,,,,,,,,,,,,,,,,,,"0","0",-2.205037117004390,2.122181892395020,4.327219009399410,6.523808956146240,0.400800526142120,285.855346679688012,279.331787109375000,0.462062656879425,157.949996948241989,125.219993591309006,299.028625488281023,283.006927490233977,-83.229995727539105,42.399997711181598,"10","8","0",-37.711559295654297,"4851",-69.138252258300795,0.998907029628754,"4657",./0.png
,,,,,,,,,,,,,,,,,,,,,,,,,,,,,,,,,,,,,,,,,,,,,,,,"0","0",-0.214570403099060,1.109815955162050,1.324386358261110,7.996259689331050,0.357735157012939,282.168426513671989,274.172149658203011,0.416773170232773,162.849990844726989,126.449996948242003,296.301818847656023,275.645416259766023,-81.519996643066406,20.340000152587901,"10","8","0",-37.609752655029297,"4966",-73.445968627929702,0.383549481630325,"3868",./0.png
,,,,,,,,,,,,,,,,,,,,,,,,,,,,,,,,,,,,,,,,,,,,,,,,"0","0",-0.262221336364746,1.166312098503110,1.428533434867860,8.003225326538089,0.357735157012939,281.987335205078011,273.984130859375000,0.416773170232773,162.849990844726989,126.449996948242003,299.787628173828011,275.437103271483977,-81.439994812011719,20.340000152587901,"10","8","0",-37.613292694091797,"4967",-73.446716308593807,0.383549481630325,"3868",./0.png
,,,,,,,,,,,,,,,,,,,,,,,,,,,,,,,,,,,,,,,,,,,,,,,,"0","0",0.389419615268707,0.910214900970459,0.520795285701752,0.954649448394775,0.441520690917969,287.413299560546989,286.458679199218977,0.541319191455841,161.449996948241989,125.959999084472997,308.237915039061988,288.270355224608977,-81.309997558593807,27.769998550415000,"10","8","0",-37.812347412109403,"4979",-72.200065612792997,1.516337633132930,"4108",./0.png
,,,,,,,,,,,,,,,,,,,,,,,,,,,,,,,,,,,,,,,,,,,,,,,,"0","0",0.000000000000000,0.000000000000000,0.000000000000000,0.000000000000000,0.436102092266083,0.000000000000000,0.000000000000000,1.257863283157350,161.449996948241989,125.959999084472997,328.943298339843977,289.576995849608977,-81.239997863769503,27.739999771118200,"0","8","0",-37.815422058105497,"4980",-72.206306457519503,6.233323574066160,"4107",./0.png
,,,,,,,,,,,,,,,,,,,,,,,,,,,,,,,,,,,,,,,,,,,,,,,,"0","0",0.437476873397827,0.974753439426422,0.537276566028595,0.889351725578308,0.442248523235321,287.327209472656023,286.437988281250000,0.931132137775421,161.449996948241989,125.959999084472997,311.579193115233977,289.168457031250000,-81.239997863769503,27.769998550415000,"10","8","0",-37.816078186035199,"4980",-72.200767517089801,3.714046955108640,"4108",./0.png
,,,,,,,,,,,,,,,,,,,,,,,,,,,,,,,,,,,,,,,,,,,,,,,,"0","0",0.000000000000000,0.000000000000000,0.000000000000000,0.000000000000000,0.436102092266083,0.000000000000000,0.000000000000000,1.257863283157350,161.459991455078011,125.959999084472997,328.809112548828011,289.542205810546989,-81.180000305175795,27.739999771118200,"0","8","0",-37.819145202636697,"4981",-72.207038879394503,6.233323574066160,"4107",./0.png
,,,,,,,,,,,,,,,,,,,,,,,,,,,,,,,,,,,,,,,,,,,,,,,,"0","0",0.000000000000000,0.000000000000000,0.000000000000000,0.000000000000000,0.442248523235321,0.000000000000000,0.000000000000000,0.931132137775421,161.449996948241989,125.949996948242003,322.513702392578011,289.769683837891023,-81.180000305175795,27.769998550415000,"0","8","0",-37.819805145263707,"4981",-72.201492309570298,3.714046955108640,"4108",./0.png
,,,,,,,,,,,,,,,,,,,,,,,,,,,,,,,,,,,,,,,,,,,,,,,,"0","0",0.706206083297729,1.316953182220460,0.610747098922729,0.661118566989899,0.433271467685699,286.963195800781023,286.302154541016023,0.612488389015198,161.459991455078011,125.949996948242003,307.450683593750000,287.268554687500000,-81.110000610351605,27.739999771118200,"10","8","0",-37.822872161865199,"4982",-72.207763671875014,1.359418153762820,"4107",./0.png
,,,,,,,,,,,,,,,,,,,,,,,,,,,,,,,,,,,,,,,,,,,,,,,,"0","0",0.545242905616760,1.108545541763310,0.563302636146545,0.783165514469147,0.440469205379486,287.154602050781023,286.371490478516023,0.649690449237823,161.449996948241989,125.949996948242003,315.550903320311988,289.165283203125000,-81.119995117187500,27.769998550415000,"10","8","0",-37.823535919189503,"4982",-72.202201843261719,1.589452981948850,"4108",./0.png
,,,,,,,,,,,,,,,,,,,,,,,,,,,,,,,,,,,,,,,,,,,,,,,,"0","0",0.772346198558807,1.393905043601990,0.621558845043182,0.588786661624908,0.433271467685699,286.842895507811988,286.254119873046989,0.612488389015198,161.459991455078011,125.949996948242003,298.676055908203011,286.563385009766023,-81.049995422363295,27.739999771118200,"10","8","0",-37.826599121093800,"4983",-72.208480834960895,1.359418153762820,"4107",./0.png
,,,,,,,,,,,,,,,,,,,,,,,,,,,,,,,,,,,,,,,,,,,,,,,,"0","0",0.593734502792358,1.168064951896670,0.574330449104309,0.723353803157806,0.440469205379486,287.052032470703011,286.328674316406023,0.649690449237823,161.449996948241989,125.949996948242003,318.171905517578011,288.850769042968977,-81.059997558593807,27.769998550415000,"10","8","0",-37.827262878417997,"4983",-72.202926635742202,1.589452981948850,"4108",./0.png
,,,,,,,,,,,,,,,,,,,,,,,,,,,,,,,,,,,,,,,,,,,,,,,,"0","0",0.022229909896851,0.757152557373047,0.734922647476196,1.262454390525820,0.428711712360382,287.094879150391023,285.832183837891023,0.494412273168564,161.410003662109006,125.889999389647997,308.916687011718977,287.081359863281023,-82.080001831054702,28.079999923706101,"10","8","0",-37.878261566162102,"4999",-72.162818908691406,1.006021618843080,"4118",./0.png
,,,,,,,,,,,,,,,,,,,,,,,,,,,,,,,,,,,,,,,,,,,,,,,,"0","0",0.000000000000000,0.000000000000000,0.000000000000000,0.000000000000000,0.421394586563110,0.000000000000000,0.000000000000000,2.466121673583980,161.419998168945000,125.879997253417997,331.585113525391023,293.345062255859034,-82.009994506835895,28.049999237060501,"0","8","0",-37.881347656250000,"5000",-72.169143676757798,15.630274772644000,"4117",./0.png
,,,,,,,,,,,,,,,,,,,,,,,,,,,,,,,,,,,,,,,,,,,,,,,,"0","0",0.000000000000000,0.000000000000000,0.000000000000000,0.000000000000000,0.422318816184998,0.000000000000000,0.000000000000000,0.847023129463196,161.410003662109006,125.879997253417997,328.366729736328011,289.551696777343977,-82.019996643066406,28.079999923706101,"0","8","0",-37.881999969482401,"5000",-72.163574218750000,3.251583576202390,"4118",./0.png
,,,,,,,,,,,,,,,,,,,,,,,,,,,,,,,,,,,,,,,,,,,,,,,,"0","0",0.000000000000000,0.000000000000000,0.000000000000000,0.000000000000000,0.421394586563110,0.000000000000000,0.000000000000000,2.466121673583980,161.419998168945000,125.879997253417997,339.292541503906023,291.162811279296932,-81.949996948242202,28.049999237060501,"0","8","0",-37.885082244872997,"5001",-72.169891357421903,15.630274772644000,"4117",./0.png
,,,,,,,,,,,,,,,,,,,,,,,,,,,,,,,,,,,,,,,,,,,,,,,,"0","0",-0.000549197196960,0.723883092403412,0.724432289600372,1.251929283142090,0.422318816184998,286.914184570311988,285.662139892578011,0.847023129463196,161.410003662109006,125.879997253417997,299.492950439453011,286.573120117188012,-81.949996948242202,28.079999923706101,"10","8","0",-37.885730743408203,"5001",-72.164314270019503,3.251583576202390,"4118",./0.png
,,,,,,,,,,,,,,,,,,,,,,,,,,,,,,,,,,,,,,,,,,,,,,,,"0","0",0.000000000000000,0.000000000000000,0.000000000000000,0.000000000000000,0.441175997257233,0.000000000000000,0.000000000000000,0.520291984081268,157.569992065430029,124.559997558594006,320.216339111328011,284.530303955078011,-83.659996032714801,44.639999389648402,"0","8","0",-38.272426605224602,"5009",-68.697486877441406,1.420321583747860,"4758",./0.png
,,,,,,,,,,,,,,,,,,,,,,,,,,,,,,,,,,,,,,,,,,,,,,,,"0","0",-3.824297666549680,1.752994775772090,5.577292442321780,8.560961723327640,0.454489886760712,289.649536132811988,281.088439941406023,0.504117131233215,157.569992065430029,124.559997558594006,306.028625488281023,283.960632324218977,-83.619995117187500,44.639999389648402,"10","8","0",-38.276901245117202,"5010",-68.698280334472699,0.890927970409393,"4758",./0.png
,,,,,,,,,,,,,,,,,,,,,,,,,,,,,,,,,,,,,,,,,,,,,,,,"0","0",-3.170288085937500,2.226073741912840,5.396361827850340,6.258007526397710,0.491177260875702,290.606109619140966,284.348236083983977,0.544554173946381,157.599990844726989,124.479995727539006,310.051300048828011,288.247985839843977,-83.839996337890597,44.659999847412102,"10","8","0",-38.358425140380902,"5037",-68.713073730468807,0.958243489265442,"4759",./0.png
,,,,,,,,,,,,,,,,,,,,,,,,,,,,,,,,,,,,,,,,,,,,,,,,"0","0",0.701388180255890,1.588184833526610,0.886796653270721,2.113081216812130,0.353410154581070,281.272521972656023,279.159484863281023,0.453975230455399,161.769989013671989,125.860000610352003,295.179840087891023,280.931152343750000,-81.479995727539105,26.579999923706101,"10","8","0",-37.976638793945298,"5038",-72.459251403808594,1.485029578208920,"4070",./0.png
,,,,,,,,,,,,,,,,,,,,,,,,,,,,,,,,,,,,,,,,,,,,,,,,"0","0",1.026498675346370,1.945702672004700,0.919203996658325,2.173079252243040,0.347854375839233,281.658874511718977,279.485961914061988,0.549406647682190,161.750000000000000,125.849998474120994,314.758056640625000,280.160491943358977,-81.290000915527301,26.680000305175799,"10","8","0",-37.989627838134801,"5041",-72.445564270019503,2.980653524398800,"4073",./0.png
,,,,,,,,,,,,,,,,,,,,,,,,,,,,,,,,,,,,,,,,,,,,,,,,"0","0",0.477661013603210,1.521177053451540,1.043516039848330,2.176457881927490,0.313339531421661,279.447418212891023,277.271148681641023,0.523526906967163,161.669998168945000,125.699996948242003,319.163818359375000,278.584930419921989,-81.110000610351605,27.359998703002901,"10","8","0",-38.123054504394503,"5077",-72.354919433593807,3.159666776657100,"4095",./0.png
,,,,,,,,,,,,,,,,,,,,,,,,,,,,,,,,,,,,,,,,,,,,,,,,"0","0",0.383162498474121,1.475739002227780,1.092576503753660,1.965225577354430,0.310019433498383,279.303222656250000,277.338165283203011,0.360161334276199,161.660003662109006,125.699996948242003,296.294586181641023,277.176757812500000,-81.110000610351605,27.389999389648398,"10","8","0",-38.123722076416001,"5077",-72.349342346191406,0.754905402660370,"4096",./0.png
,,,,,,,,,,,,,,,,,,,,,,,,,,,,,,,,,,,,,,,,,,,,,,,,"0","0",0.000000000000000,0.000000000000000,0.000000000000000,0.000000000000000,0.315552949905396,0.000000000000000,0.000000000000000,0.766149044036865,161.669998168945000,125.689994812012003,323.366668701171989,277.610687255858977,-81.040000915527301,27.359998703002901,"0","8","0",-38.126781463622997,"5078",-72.355537414550795,3.386819601058960,"4095",./0.png
,,,,,,,,,,,,,,,,,,,,,,,,,,,,,,,,,,,,,,,,,,,,,,,,"0","0",0.351287841796875,1.459403395652770,1.108115553855900,1.972076416015620,0.314446210861206,279.315216064453011,277.343414306641023,0.984508991241455,161.669998168945000,125.689994812012003,318.568298339843977,277.733825683593977,-81.049995422363295,27.389999389648398,"10","8","0",-38.127456665039098,"5078",-72.349906921386705,3.362683534622190,"4096",./0.png
,,,,,,,,,,,,,,,,,,,,,,,,,,,,,,,,,,,,,,,,,,,,,,,,"0","0",0.000000000000000,0.000000000000000,0.000000000000000,0.000000000000000,0.315552949905396,0.000000000000000,0.000000000000000,0.766149044036865,161.669998168945000,125.689994812012003,321.240295410156023,276.046447753906023,-80.979995727539105,27.359998703002901,"0","8","0",-38.130512237548800,"5079",-72.356155395507798,3.386819601058960,"4095",./0.png
,,,,,,,,,,,,,,,,,,,,,,,,,,,,,,,,,,,,,,,,,,,,,,,,"0","0",0.000000000000000,0.000000000000000,0.000000000000000,0.000000000000000,0.314446210861206,0.000000000000000,0.000000000000000,0.984508991241455,161.669998168945000,125.689994812012003,346.314788818358977,278.738311767578011,-80.989997863769503,27.389999389648398,"0","8","0",-38.131191253662102,"5079",-72.350502014160199,3.362683534622190,"4096",./0.png
,,,,,,,,,,,,,,,,,,,,,,,,,,,,,,,,,,,,,,,,,,,,,,,,"0","0",0.213216423988342,1.406969308853150,1.193752884864810,1.764565229415890,0.314446210861206,279.204498291016023,277.440307617188012,0.984508991241455,161.660003662109006,125.689994812012003,304.983184814453011,278.263519287108977,-80.989997863769503,27.420000076293899,"10","8","0",-38.131862640380902,"5079",-72.344917297363295,3.362683534622190,"4097",./0.png
,,,,,,,,,,,,,,,,,,,,,,,,,,,,,,,,,,,,,,,,,,,,,,,,"0","0",0.000000000000000,0.000000000000000,0.000000000000000,0.000000000000000,0.314531356096268,0.000000000000000,0.000000000000000,0.627045691013336,161.679992675780994,125.689994812012003,321.304321289061988,275.570037841796989,-80.919998168945298,27.359998703002901,"0","8","0",-38.134235382080099,"5080",-72.356773376464801,4.697908878326420,"4095",./0.png
,,,,,,,,,,,,,,,,,,,,,,,,,,,,,,,,,,,,,,,,,,,,,,,,"0","0",0.000000000000000,0.000000000000000,0.000000000000000,0.000000000000000,0.315042167901993,0.000000000000000,0.000000000000000,1.076705455780030,161.669998168945000,125.689994812012003,350.085540771483977,278.204010009766023,-80.919998168945298,27.389999389648398,"0","8","0",-38.134918212890597,"5080",-72.351135253906193,3.822377204895020,"4096",./0.png
,,,,,,,,,,,,,,,,,,,,,,,,,,,,,,,,,,,,,,,,,,,,,,,,"0","0",0.166209936141968,1.399393320083620,1.233183383941650,1.718818664550780,0.315042167901993,279.240692138671989,277.522155761718977,1.076705455780030,161.660003662109006,125.680000305175994,303.546478271483977,277.547302246093977,-80.930000305175795,27.420000076293899,"10","8","0",-38.135589599609403,"5080",-72.345558166503906,3.822377204895020,"4097",./0.png
,,,,,,,,,,,,,,,,,,,,,,,,,,,,,,,,,,,,,,,,,,,,,,,,"0","0",0.241183996200562,1.414249897003170,1.173065900802610,1.858597159385680,0.315042167901993,279.439147949218977,277.580657958983977,1.076705455780030,161.669998168945000,125.680000305175994,312.773406982421989,276.826171875000000,-80.860000610351605,27.389999389648398,"10","8","0",-38.138648986816399,"5081",-72.351760864257798,3.822377204895020,"4096",./0.png
,,,,,,,,,,,,,,,,,,,,,,,,,,,,,,,,,,,,,,,,,,,,,,,,"0","0",-0.304511427879333,0.939705610275269,1.244217038154600,2.534749507904050,0.404642045497894,285.064239501953011,282.529388427733977,0.486324846744537,162.639999389648011,125.860000610352003,301.604187011718977,282.119232177733977,-81.869995117187500,22.680000305175799,"10","8","0",-38.166782379150398,"5123",-73.202125549316406,0.554327964782715,"3944",./0.png
,,,,,,,,,,,,,,,,,,,,,,,,,,,,,,,,,,,,,,,,,,,,,,,,"0","0",-0.222075998783112,0.978576838970184,1.200652837753300,2.339902162551880,0.404642045497894,284.937438964843977,282.597442626953011,0.486324846744537,162.639999389648011,125.860000610352003,297.285339355468977,283.927429199218977,-81.869995117187500,22.709999084472699,"10","8","0",-38.167423248291001,"5123",-73.196952819824205,0.554327964782715,"3945",./0.png
,,,,,,,,,,,,,,,,,,,,,,,,,,,,,,,,,,,,,,,,,,,,,,,,"0","0",0.000000000000000,0.000000000000000,0.000000000000000,0.000000000000000,0.285169005393982,0.000000000000000,0.000000000000000,0.575286328792572,162.379989624023011,125.629997253417997,329.310913085938012,270.271514892578011,-81.430000305175795,24.379999160766602,"0","8","0",-38.334938049316399,"5163",-72.946746826171903,4.074915885925291,"3999",./0.png
,,,,,,,,,,,,,,,,,,,,,,,,,,,,,,,,,,,,,,,,,,,,,,,,"0","0",-0.124211788177490,1.646586179733280,1.770797967910770,10.006348609924300,0.292789757251740,278.771697998046989,268.765350341796989,0.403833329677582,162.379989624023011,125.629997253417997,302.259643554688012,270.142761230468977,-81.360000610351605,24.379999160766602,"10","8","0",-38.338588714599602,"5164",-72.947334289550795,1.559690475463870,"3999",./0.png
,,,,,,,,,,,,,,,,,,,,,,,,,,,,,,,,,,,,,,,,,,,,,,,,"0","0",1.437308073043820,3.806851148605350,2.369543075561520,10.306164741516101,0.301851183176041,281.474670410156023,271.168426513671989,0.377953618764877,162.339996337890994,125.559997558594006,296.438842773438012,273.202056884766023,-80.349998474121094,24.729999542236300,"10","8","0",-38.400390625000000,"5179",-72.899955749511719,1.077492117881770,"4010",./0.png
,,,,,,,,,,,,,,,,,,,,,,,,,,,,,,,,,,,,,,,,,,,,,,,,"0","0",1.538975477218630,3.700645685195920,2.161670207977290,10.396981239318800,0.331675678491592,281.895660400391023,271.498565673828011,0.452357769012451,162.339996337890994,125.559997558594006,305.396972656250000,273.099121093750000,-80.269996643066406,24.699998855590799,"10","8","0",-38.403366088867202,"5180",-72.906044006347699,1.706379890441890,"4009",./0.png
,,,,,,,,,,,,,,,,,,,,,,,,,,,,,,,,,,,,,,,,,,,,,,,,"0","0",1.502825021743770,3.840111017227170,2.337285995483400,10.432054519653301,0.316309660673141,281.807037353516023,271.374908447266023,0.597931027412415,162.339996337890994,125.559997558594006,308.450958251953011,273.213104248046989,-80.279998779296889,24.729999542236300,"10","8","0",-38.404033660888707,"5180",-72.900695800781193,0.996830105781555,"4010",./0.png
,,,,,,,,,,,,,,,,,,,,,,,,,,,,,,,,,,,,,,,,,,,,,,,,"0","0",1.395839929580690,3.918498992919920,2.522659063339230,10.437389373779300,0.316309660673141,281.662048339843977,271.224578857421989,0.597931027412415,162.330001831055000,125.559997558594006,295.104370117188012,273.791931152343977,-80.279998779296889,24.760000228881800,"10","8","0",-38.404712677002003,"5180",-72.895263671875014,0.996830105781555,"4011",./0.png
,,,,,,,,,,,,,,,,,,,,,,,,,,,,,,,,,,,,,,,,,,,,,,,,"0","0",1.474001407623290,3.762683391571040,2.288681983947750,10.459448814392101,0.316309660673141,282.076141357421989,271.616699218750000,0.597931027412415,162.339996337890994,125.549995422362997,304.241119384766023,273.224121093750000,-80.209999084472699,24.729999542236300,"10","8","0",-38.407695770263707,"5181",-72.901290893554702,0.996830105781555,"4010",./0.png
,,,,,,,,,,,,,,,,,,,,,,,,,,,,,,,,,,,,,,,,,,,,,,,,"0","0",1.396277666091920,3.875882387161250,2.479604721069340,10.490274429321300,0.316309660673141,281.970611572266023,271.480285644531023,0.597931027412415,162.330001831055000,125.549995422362997,303.487823486328011,273.810180664061988,-80.209999084472699,24.760000228881800,"10","8","0",-38.408370971679702,"5181",-72.895904541015597,0.996830105781555,"4011",./0.png
,,,,,,,,,,,,,,,,,,,,,,,,,,,,,,,,,,,,,,,,,,,,,,,,"0","0",1.216444730758670,2.727206707000730,1.510761976242070,10.149777412414601,0.345401793718338,282.556274414061988,272.406555175781023,0.475002497434616,162.389999389648011,125.569999694824006,302.474792480468977,273.802886962891023,-80.099998474121094,24.479999542236300,"10","8","0",-38.406124114990199,"5182",-72.943756103515597,0.912583172321320,"4002",./0.png
,,,,,,,,,,,,,,,,,,,,,,,,,,,,,,,,,,,,,,,,,,,,,,,,"0","0",1.442564725875850,3.683134555816650,2.240569829940800,10.464331626892101,0.335518538951874,282.334869384766023,271.870513916016023,0.437800437211990,162.339996337890994,125.549995422362997,295.550354003906023,273.510253906250000,-80.139999389648395,24.729999542236300,"10","8","0",-38.411369323730497,"5182",-72.901802062988281,1.448152542114260,"4010",./0.png
,,,,,,,,,,,,,,,,,,,,,,,,,,,,,,,,,,,,,,,,,,,,,,,,"0","0",1.243632078170780,2.823590993881230,1.579958915710450,10.273413658142101,0.345401793718338,282.919616699218977,272.646118164061988,0.475002497434616,162.379989624023011,125.559997558594006,297.604370117188012,272.752777099608977,-80.029998779296889,24.510000228881800,"10","8","0",-38.410442352294901,"5183",-72.939086914062500,0.912583172321320,"4003",./0.png
,,,,,,,,,,,,,,,,,,,,,,,,,,,,,,,,,,,,,,,,,,,,,,,,"0","0",1.479886293411250,3.491477012634280,2.011590719223020,10.449604988098100,0.347929120063782,282.706848144531023,272.257171630858977,0.421625614166260,162.349990844726989,125.549995422362997,297.604370117188012,274.527191162108977,-80.059997558593807,24.699998855590799,"10","8","0",-38.414363861083999,"5183",-72.907722473144503,1.042028784751890,"4009",./0.png
,,,,,,,,,,,,,,,,,,,,,,,,,,,,,,,,,,,,,,,,,,,,,,,,"0","0",1.377748489379880,3.705948352813720,2.328199863433840,10.556998252868700,0.347506910562515,282.806640625000000,272.249572753906023,0.465297609567642,162.330001831055000,125.549995422362997,300.236450195311988,273.495605468750000,-82.220001220703111,24.750000000000000,"10","8","0",-38.406562805175803,"5184",-72.903457641601605,0.833866536617279,"4011",./0.png
,,,,,,,,,,,,,,,,,,,,,,,,,,,,,,,,,,,,,,,,,,,,,,,,"0","0",1.312116146087650,3.840954542160030,2.528838396072390,10.542753219604499,0.330597341060638,282.641937255858977,272.099121093750000,0.513822019100189,162.330001831055000,125.549995422362997,304.617218017578011,274.156585693358977,-82.220001220703111,24.779998779296900,"10","8","0",-38.407211303710902,"5184",-72.898056030273395,0.865889310836792,"4012",./0.png
,,,,,,,,,,,,,,,,,,,,,,,,,,,,,,,,,,,,,,,,,,,,,,,,"0","0",1.147189617156980,3.888770818710330,2.741581201553340,10.417845726013200,0.330597341060638,282.358306884766023,271.940490722656023,0.513822019100189,162.319992065430029,125.549995422362997,299.679107666016023,273.169006347656023,-82.229995727539105,24.819999694824201,"10","8","0",-38.407863616943402,"5184",-72.892608642578097,0.865889310836792,"4013",./0.png
,,,,,,,,,,,,,,,,,,,,,,,,,,,,,,,,,,,,,,,,,,,,,,,,"0","0",1.374457359313960,3.601855993270870,2.227398633956910,10.562264442443800,0.347506910562515,283.126983642578011,272.564666748046989,0.465297609567642,162.330001831055000,125.549995422362997,296.831726074219034,273.286529541016023,-82.150001525878906,24.750000000000000,"10","8","0",-38.410232543945298,"5185",-72.903953552246094,0.833866536617279,"4011",./0.png
,,,,,,,,,,,,,,,,,,,,,,,,,,,,,,,,,,,,,,,,,,,,,,,,"0","0",1.297316551208500,3.721065521240230,2.423748970031740,10.509202003479000,0.330597341060638,282.914520263671989,272.405273437500000,0.513822019100189,162.330001831055000,125.549995422362997,295.919494628906023,273.930664062500000,-82.150001525878906,24.779998779296900,"10","8","0",-38.410873413085902,"5185",-72.898612976074205,0.865889310836792,"4012",./0.png
,,,,,,,,,,,,,,,,,,,,,,,,,,,,,,,,,,,,,,,,,,,,,,,,"0","0",0.954128503799438,2.687029600143430,1.732901096343990,10.348278999328601,0.349485963582993,283.835327148438012,273.487152099608977,0.594696104526520,162.379989624023011,125.559997558594006,295.824005126953011,272.881896972656023,-82.069999694824205,24.539999008178700,"10","8","0",-38.409431457519503,"5186",-72.941406250000000,1.152630329132080,"4004",./0.png
,,,,,,,,,,,,,,,,,,,,,,,,,,,,,,,,,,,,,,,,,,,,,,,,"0","0",1.346055269241330,3.319031715393070,1.972976446151730,10.526621818542500,0.354712963104248,283.564971923828011,273.038269042968977,0.437800437211990,162.339996337890994,125.549995422362997,296.456817626953011,274.972320556641023,-82.080001831054702,24.719999313354499,"10","8","0",-38.413246154785199,"5186",-72.909873962402301,1.176389336586000,"4010",./0.png
,,,,,,,,,,,,,,,,,,,,,,,,,,,,,,,,,,,,,,,,,,,,,,,,"0","0",0.762923598289490,2.565713167190550,1.802789568901060,10.333467483520501,0.349485963582993,284.142059326171989,273.808563232421989,0.594696104526520,162.379989624023011,125.559997558594006,310.488555908203011,273.326934814453011,-82.000000000000000,24.539999008178700,"10","8","0",-38.413051605224602,"5187",-72.942321777343807,1.152630329132080,"4004",./0.png
,,,,,,,,,,,,,,,,,,,,,,,,,,,,,,,,,,,,,,,,,,,,,,,,"0","0",0.850289463996887,2.650507688522340,1.800218224525450,10.457790374755900,0.349485963582993,284.175842285156023,273.717987060546989,0.594696104526520,162.369995117188012,125.559997558594006,310.091522216796989,274.214813232421989,-82.000000000000000,24.569999694824201,"10","8","0",-38.413734436035199,"5187",-72.936622619628906,1.152630329132080,"4005",./0.png
,,,,,,,,,,,,,,,,,,,,,,,,,,,,,,,,,,,,,,,,,,,,,,,,"0","0",0.544156908988953,2.420381307601930,1.876224398612980,10.293372154235801,0.351191669702530,284.420989990233977,274.127593994141023,0.848640620708466,162.379989624023011,125.549995422362997,315.481689453125000,272.786010742188012,-81.930000305175795,24.539999008178700,"10","8","0",-38.416671752929702,"5188",-72.943214416503906,2.338299512863160,"4004",./0.png
,,,,,,,,,,,,,,,,,,,,,,,,,,,,,,,,,,,,,,,,,,,,,,,,"0","0",0.637404799461365,2.493549346923830,1.856144547462460,10.417621612548800,0.351191669702530,284.462097167968977,274.044464111328011,0.848640620708466,162.369995117188012,125.549995422362997,313.193603515625000,274.360229492188012,-81.930000305175795,24.569999694824201,"10","8","0",-38.417354583740199,"5188",-72.937538146972699,2.338299512863160,"4005",./0.png
,,,,,,,,,,,,,,,,,,,,,,,,,,,,,,,,,,,,,,,,,,,,,,,,"0","0",0.848359942436218,2.666057348251340,1.817697405815120,10.515855789184601,0.357330739498138,284.463745117188012,273.947814941406023,0.470150053501129,162.369995117188012,125.549995422362997,301.951538085938012,274.650421142578011,-81.930000305175795,24.600000381469702,"10","8","0",-38.418018341064503,"5188",-72.932075500488281,0.796535551548004,"4006",./0.png
,,,,,,,,,,,,,,,,,,,,,,,,,,,,,,,,,,,,,,,,,,,,,,,,"0","0",0.000000000000000,0.000000000000000,0.000000000000000,0.000000000000000,0.351191669702530,0.000000000000000,0.000000000000000,0.848640620708466,162.379989624023011,125.549995422362997,326.984283447266023,274.392913818358977,-81.860000610351605,24.569999694824201,"0","8","0",-38.420978546142599,"5189",-72.938423156738281,2.338299512863160,"4005",./0.png
,,,,,,,,,,,,,,,,,,,,,,,,,,,,,,,,,,,,,,,,,,,,,,,,"0","0",0.643373489379883,2.518484115600590,1.875110626220700,10.411656379699700,0.357330739498138,284.668914794921989,274.257141113281023,0.470150053501129,162.369995117188012,125.549995422362997,300.594726562499943,275.095031738281023,-81.860000610351605,24.600000381469702,"10","8","0",-38.421653747558601,"5189",-72.932838439941406,0.796535551548004,"4006",./0.png
,,,,,,,,,,,,,,,,,,,,,,,,,,,,,,,,,,,,,,,,,,,,,,,,"0","0",0.886347651481628,2.845670700073240,1.959323048591610,9.589304924011230,0.372930914163589,283.649139404296989,274.059844970703011,1.864418625831600,162.330001831055000,125.519996643065994,314.093627929688012,276.506439208983977,-81.669998168945298,24.840000152587901,"10","8","0",-38.437755584716797,"5192",-72.892448425292997,5.293530941009520,"4014",./0.png
,,,,,,,,,,,,,,,,,,,,,,,,,,,,,,,,,,,,,,,,,,,,,,,,"0","0",0.878578424453735,2.920735597610470,2.042157173156740,9.397780418396000,0.372930914163589,283.277557373046989,273.879760742188012,1.864418625831600,162.319992065430029,125.519996643065994,302.335418701171989,275.235595703125000,-81.680000305175795,24.879999160766602,"10","8","0",-38.438388824462898,"5192",-72.887252807617202,5.293530941009520,"4015",./0.png
,,,,,,,,,,,,,,,,,,,,,,,,,,,,,,,,,,,,,,,,,,,,,,,,"0","0",0.000000000000000,0.000000000000000,0.000000000000000,0.000000000000000,0.372930914163589,0.000000000000000,0.000000000000000,1.864418625831600,162.330001831055000,125.519996643065994,348.941589355468977,280.071075439453011,-81.599998474121094,24.840000152587901,"0","8","0",-38.441413879394503,"5193",-72.893096923828097,5.293530941009520,"4014",./0.png
,,,,,,,,,,,,,,,,,,,,,,,,,,,,,,,,,,,,,,,,,,,,,,,,"0","0",0.000000000000000,0.000000000000000,0.000000000000000,0.000000000000000,0.372930914163589,0.000000000000000,0.000000000000000,1.864418625831600,162.319992065430029,125.519996643065994,338.577392578125000,277.014007568358977,-81.610000610351605,24.879999160766602,"0","8","0",-38.442050933837898,"5193",-72.887855529785199,5.293530941009520,"4015",./0.png
,,,,,,,,,,,,,,,,,,,,,,,,,,,,,,,,,,,,,,,,,,,,,,,,"0","0",0.762282967567444,2.552914857864380,1.790631890296940,9.562552452087401,0.371143192052841,284.037536621093977,274.475036621093977,0.453975230455399,162.330001831055000,125.519996643065994,299.800384521483977,275.978515625000000,-81.599998474121094,24.809999465942401,"10","8","0",-38.440780639648402,"5193",-72.898292541503906,1.174351215362550,"4013",./0.png
,,,,,,,,,,,,,,,,,,,,,,,,,,,,,,,,,,,,,,,,,,,,,,,,"0","0",0.801487088203430,2.769421577453610,1.967934489250180,9.084140777587891,0.358993172645569,283.037139892578011,273.953094482421989,0.426478058099747,162.319992065430029,125.519996643065994,297.015472412108977,275.638214111328011,-81.610000610351605,24.909999847412099,"10","8","0",-38.442684173583999,"5193",-72.882644653320298,0.959357023239136,"4016",./0.png
,,,,,,,,,,,,,,,,,,,,,,,,,,,,,,,,,,,,,,,,,,,,,,,,"0","0",0.000000000000000,0.000000000000000,0.000000000000000,0.000000000000000,0.371483713388443,0.000000000000000,0.000000000000000,1.804571866989140,162.330001831055000,125.519996643065994,349.854370117188012,279.366943359375000,-81.529998779296889,24.840000152587901,"0","8","0",-38.445087432861293,"5194",-72.893646240234403,5.086261749267580,"4014",./0.png
,,,,,,,,,,,,,,,,,,,,,,,,,,,,,,,,,,,,,,,,,,,,,,,,"0","0",0.000000000000000,0.000000000000000,0.000000000000000,0.000000000000000,0.371483713388443,0.000000000000000,0.000000000000000,1.804571866989140,162.319992065430029,125.509994506835994,338.015136718750000,277.691619873046989,-81.540000915527301,24.879999160766602,"0","8","0",-38.445716857910199,"5194",-72.888442993164105,5.086261749267580,"4015",./0.png
,,,,,,,,,,,,,,,,,,,,,,,,,,,,,,,,,,,,,,,,,,,,,,,,"0","0",0.650213360786438,2.382918357849120,1.732704997062680,9.348063468933111,0.374037653207779,284.036621093750000,274.688507080078011,0.513822019100189,162.339996337890994,125.519996643065994,302.364532470703068,276.740997314453011,-81.529998779296889,24.809999465942401,"10","8","0",-38.444438934326200,"5194",-72.898925781250000,1.981792926788330,"4013",./0.png
,,,,,,,,,,,,,,,,,,,,,,,,,,,,,,,,,,,,,,,,,,,,,,,,"0","0",0.737175583839417,2.610990762710570,1.873815178871150,8.900837898254389,0.361438333988190,283.066009521483977,274.165161132811988,0.441035389900208,162.319992065430029,125.509994506835994,297.652587890625000,275.878326416016023,-81.540000915527301,24.909999847412099,"10","8","0",-38.446353912353501,"5194",-72.883216857910199,1.131542205810550,"4016",./0.png
,,,,,,,,,,,,,,,,,,,,,,,,,,,,,,,,,,,,,,,,,,,,,,,,"0","0",-0.370178699493408,1.576369762420650,1.946548461914060,8.975188255310060,0.362440556287766,285.015319824218977,276.039916992188012,0.407068282365799,162.389999389648011,125.529998779297003,301.904266357421989,273.631072998046989,-81.439994812011719,24.559999465942401,"10","8","0",-38.442676544189503,"5195",-72.944007873535199,0.629328846931458,"4005",./0.png
,,,,,,,,,,,,,,,,,,,,,,,,,,,,,,,,,,,,,,,,,,,,,,,,"0","0",0.661458849906921,2.332162141799930,1.670703291893010,9.007047653198240,0.371483713388443,283.769500732421989,274.762420654296989,1.804571866989140,162.330001831055000,125.509994506835994,308.294891357421989,276.060729980468977,-81.459999084472699,24.840000152587901,"10","8","0",-38.448734283447301,"5195",-72.894363403320298,5.086261749267580,"4014",./0.png
,,,,,,,,,,,,,,,,,,,,,,,,,,,,,,,,,,,,,,,,,,,,,,,,"0","0",0.709783554077148,2.416210889816280,1.706427335739140,8.864165306091310,0.371483713388443,283.445800781250000,274.581604003906023,1.804571866989140,162.319992065430029,125.509994506835994,314.292694091796989,276.470855712891023,-81.470001220703111,24.869998931884801,"10","8","0",-38.449382781982401,"5195",-72.889022827148395,5.086261749267580,"4015",./0.png
,,,,,,,,,,,,,,,,,,,,,,,,,,,,,,,,,,,,,,,,,,,,,,,,"0","0",0.000000000000000,0.000000000000000,0.000000000000000,0.000000000000000,0.372439473867416,0.000000000000000,0.000000000000000,0.693362414836884,162.399993896484006,125.529998779297003,334.132446289061988,278.169006347656023,-81.360000610351605,24.500000000000000,"0","8","0",-38.445049285888707,"5196",-72.955085754394503,4.519556522369380,"4003",./0.png
,,,,,,,,,,,,,,,,,,,,,,,,,,,,,,,,,,,,,,,,,,,,,,,,"0","0",-0.420612335205078,1.441854953765870,1.862467288970950,8.724453926086429,0.371042549610138,285.029510498046989,276.304870605468977,0.457210212945938,162.389999389648011,125.529998779297003,300.217620849608977,276.310577392578011,-81.369995117187500,24.559999465942401,"10","8","0",-38.446292877197301,"5196",-72.944931030273395,1.215114474296570,"4005",./0.png
,,,,,,,,,,,,,,,,,,,,,,,,,,,,,,,,,,,,,,,,,,,,,,,,"0","0",0.000000000000000,0.000000000000000,0.000000000000000,0.000000000000000,0.359554797410965,0.000000000000000,0.000000000000000,1.270803093910220,160.580001831055000,124.069999694824006,347.602294921875000,292.425689697266023,-82.269996643066406,35.020000457763700,"0","8","0",-39.517940521240199,"5457",-71.208839416503906,8.507918357849119,"4338",./0.png
,,,,,,,,,,,,,,,,,,,,,,,,,,,,,,,,,,,,,,,,,,,,,,,,"0","0",1.753369569778440,3.498506784439090,1.745137214660640,-0.129247099161148,0.350961923599243,280.249145507811988,280.378387451171989,0.439417898654938,160.580001831055000,124.069999694824006,301.088775634766023,283.140808105468977,-82.259994506835895,34.989997863769503,"10","8","0",-39.517318725585902,"5457",-71.214775085449205,1.648347735404970,"4337",./0.png
,,,,,,,,,,,,,,,,,,,,,,,,,,,,,,,,,,,,,,,,,,,,,,,,"0","0",1.726059556007390,3.473412752151490,1.747353196144100,0.181694909930229,0.359554797410965,280.969512939453011,280.787811279296989,1.270803093910220,160.569992065430029,124.069999694824006,308.997863769531023,284.424530029296989,-82.269996643066406,35.049999237060497,"10","8","0",-39.518577575683601,"5457",-71.202781677246094,8.507918357849119,"4339",./0.png
,,,,,,,,,,,,,,,,,,,,,,,,,,,,,,,,,,,,,,,,,,,,,,,,"0","0",0.000000000000000,0.000000000000000,0.000000000000000,0.000000000000000,0.321436911821365,0.000000000000000,0.000000000000000,1.379174351692200,160.610000610351989,124.069999694824006,347.339385986328011,287.071685791016023,-82.199996948242202,34.889999389648402,"0","8","0",-39.519180297851598,"5458",-71.235679626464801,4.917530536651610,"4334",./0.png
,,,,,,,,,,,,,,,,,,,,,,,,,,,,,,,,,,,,,,,,,,,,,,,,"0","0",0.000000000000000,0.000000000000000,0.000000000000000,0.000000000000000,0.321436911821365,0.000000000000000,0.000000000000000,1.379174351692200,160.599990844726989,124.069999694824006,320.232482910156023,283.940704345703011,-82.199996948242202,34.919998168945298,"0","8","0",-39.519924163818402,"5458",-71.228622436523395,4.917530536651610,"4335",./0.png
,,,,,,,,,,,,,,,,,,,,,,,,,,,,,,,,,,,,,,,,,,,,,,,,"0","0",0.000000000000000,0.000000000000000,0.000000000000000,0.000000000000000,0.342975586652756,0.000000000000000,0.000000000000000,1.109055042266850,160.580001831055000,124.069999694824006,323.470458984375000,287.100738525391023,-82.209999084472699,34.989997863769503,"0","8","0",-39.521312713622997,"5458",-71.215400695800795,7.137817859649660,"4337",./0.png
,,,,,,,,,,,,,,,,,,,,,,,,,,,,,,,,,,,,,,,,,,,,,,,,"0","0",0.000000000000000,0.000000000000000,0.000000000000000,0.000000000000000,0.354601263999939,0.000000000000000,0.000000000000000,1.055678129196170,160.580001831055000,124.059997558594006,332.471008300780966,290.418090820311988,-82.209999084472699,35.020000457763700,"0","8","0",-39.521942138671903,"5458",-71.209403991699205,6.545641422271730,"4338",./0.png
,,,,,,,,,,,,,,,,,,,,,,,,,,,,,,,,,,,,,,,,,,,,,,,,"0","0",0.000000000000000,0.000000000000000,0.000000000000000,0.000000000000000,0.354601263999939,0.000000000000000,0.000000000000000,1.055678129196170,160.569992065430029,124.059997558594006,322.992614746093977,288.513092041016023,-82.220001220703111,35.049999237060497,"0","8","0",-39.522579193115199,"5458",-71.203330993652301,6.545641422271730,"4339",./0.png
,,,,,,,,,,,,,,,,,,,,,,,,,,,,,,,,,,,,,,,,,,,,,,,,"0","0",0.000000000000000,0.000000000000000,0.000000000000000,0.000000000000000,0.363719820976257,0.000000000000000,0.000000000000000,3.845832824707030,160.479995727539006,124.029998779297003,321.400878906250000,284.612854003906023,-82.269996643066406,35.430000305175803,"0","8","0",-39.530780792236293,"5458",-71.124946594238295,21.945909500122099,"4351",./0.png
,,,,,,,,,,,,,,,,,,,,,,,,,,,,,,,,,,,,,,,,,,,,,,,,"0","0",0.000000000000000,0.000000000000000,0.000000000000000,0.000000000000000,0.372727930545807,0.000000000000000,0.000000000000000,3.111496448516850,160.470001220703011,124.029998779297003,335.888610839843977,287.100738525391023,-82.279998779296889,35.500000000000000,"0","8","0",-39.532241821289098,"5458",-71.110908508300795,12.972915649414100,"4353",./0.png
,,,,,,,,,,,,,,,,,,,,,,,,,,,,,,,,,,,,,,,,,,,,,,,,"0","0",1.614278078079220,3.243258476257320,1.628980398178100,-0.631892383098602,0.306954711675644,279.092193603516023,279.723907470703011,0.525144398212433,160.610000610351989,124.079994201660000,301.514465332031023,281.210662841796989,-82.189994812011719,34.860000610351598,"10","8","0",-39.518455505371101,"5458",-71.242568969726605,2.024617910385130,"4333",./0.png
,,,,,,,,,,,,,,,,,,,,,,,,,,,,,,,,,,,,,,,,,,,,,,,,"0","0",1.751708865165710,3.544288158416750,1.792579293251040,0.335699111223221,0.351788520812988,281.308654785156023,280.973022460938012,0.916574835777283,160.559997558594006,124.059997558594006,309.584899902343977,287.342712402343977,-82.220001220703111,35.079998016357401,"10","8","0",-39.523258209228501,"5458",-71.196868896484403,3.522709369659420,"4340",./0.png
,,,,,,,,,,,,,,,,,,,,,,,,,,,,,,,,,,,,,,,,,,,,,,,,"0","0",0.835580468177795,2.001145362854000,1.165564894676210,0.848245441913605,0.372727930545807,283.903320312500000,283.055084228516023,3.111496448516850,160.479995727539006,124.029998779297003,300.844390869140966,284.523681640625000,-82.269996643066406,35.459999084472699,"10","8","0",-39.531517028808601,"5458",-71.117866516113295,12.972915649414100,"4352",./0.png
,,,,,,,,,,,,,,,,,,,,,,,,,,,,,,,,,,,,,,,,,,,,,,,,"0","0",0.000000000000000,0.000000000000000,0.000000000000000,0.000000000000000,0.321436911821365,0.000000000000000,0.000000000000000,1.379174351692200,160.610000610351989,124.069999694824006,330.771484375000000,283.267852783203011,-82.150001525878906,34.889999389648402,"0","8","0",-39.523151397705099,"5459",-71.236465454101605,4.917530536651610,"4334",./0.png
,,,,,,,,,,,,,,,,,,,,,,,,,,,,,,,,,,,,,,,,,,,,,,,,"0","0",0.000000000000000,0.000000000000000,0.000000000000000,0.000000000000000,0.342975586652756,0.000000000000000,0.000000000000000,1.109055042266850,160.589996337890994,124.059997558594006,338.409912109375000,294.773345947266023,-82.159996032714801,34.989997863769503,"0","8","0",-39.525299072265597,"5459",-71.216056823730497,7.137817859649660,"4337",./0.png
,,,,,,,,,,,,,,,,,,,,,,,,,,,,,,,,,,,,,,,,,,,,,,,,"0","0",0.000000000000000,0.000000000000000,0.000000000000000,0.000000000000000,0.351788520812988,0.000000000000000,0.000000000000000,0.916574835777283,160.559997558594006,124.049995422362997,335.112396240233977,289.917938232421989,-82.180000305175795,35.110000610351598,"0","8","0",-39.527927398681598,"5459",-71.191093444824205,3.522709369659420,"4341",./0.png
,,,,,,,,,,,,,,,,,,,,,,,,,,,,,,,,,,,,,,,,,,,,,,,,"0","0",0.000000000000000,0.000000000000000,0.000000000000000,0.000000000000000,0.349546641111374,0.000000000000000,0.000000000000000,1.351677179336550,160.500000000000000,124.029998779297003,336.136901855468977,289.428314208983977,-82.209999084472699,35.369998931884801,"0","8","0",-39.533374786377003,"5459",-71.139152526855497,18.908121109008800,"4349",./0.png
,,,,,,,,,,,,,,,,,,,,,,,,,,,,,,,,,,,,,,,,,,,,,,,,"0","0",0.000000000000000,0.000000000000000,0.000000000000000,0.000000000000000,0.363719820976257,0.000000000000000,0.000000000000000,3.845832824707030,160.489990234375000,124.029998779297003,345.240692138671989,299.936218261718977,-82.220001220703111,35.399997711181598,"0","8","0",-39.534076690673800,"5459",-71.132415771484403,21.945909500122099,"4350",./0.png
,,,,,,,,,,,,,,,,,,,,,,,,,,,,,,,,,,,,,,,,,,,,,,,,"0","0",0.000000000000000,0.000000000000000,0.000000000000000,0.000000000000000,0.363719820976257,0.000000000000000,0.000000000000000,3.845832824707030,160.489990234375000,124.029998779297003,367.000000000000000,300.487152099608977,-82.220001220703111,35.430000305175803,"0","9","0",-39.534778594970703,"5459",-71.125717163085895,21.945909500122099,"4351",./0.png
,,,,,,,,,,,,,,,,,,,,,,,,,,,,,,,,,,,,,,,,,,,,,,,,"0","0",0.000000000000000,0.000000000000000,0.000000000000000,0.000000000000000,0.372727930545807,0.000000000000000,0.000000000000000,3.111496448516850,160.479995727539006,124.029998779297003,356.242370605468977,301.865783691406023,-82.220001220703111,35.459999084472699,"0","8","0",-39.535495758056598,"5459",-71.118858337402301,12.972915649414100,"4352",./0.png
,,,,,,,,,,,,,,,,,,,,,,,,,,,,,,,,,,,,,,,,,,,,,,,,"0","0",0.000000000000000,0.000000000000000,0.000000000000000,0.000000000000000,0.372727930545807,0.000000000000000,0.000000000000000,3.111496448516850,160.470001220703011,124.029998779297003,349.740722656250000,294.254516601561988,-82.229995727539105,35.500000000000000,"0","8","0",-39.536209106445298,"5459",-71.112014770507798,12.972915649414100,"4353",./0.png
,,,,,,,,,,,,,,,,,,,,,,,,,,,,,,,,,,,,,,,,,,,,,,,,"0","0",0.000000000000000,0.000000000000000,0.000000000000000,0.000000000000000,0.383730322122574,0.000000000000000,0.000000000000000,2.056898832321170,160.459991455078011,124.019996643065994,331.303649902343977,291.477447509766023,-82.229995727539105,35.529998779296903,"0","8","0",-39.536930084228501,"5459",-71.105102539062500,15.884176254272500,"4354",./0.png
,,,,,,,,,,,,,,,,,,,,,,,,,,,,,,,,,,,,,,,,,,,,,,,,"0","0",0.000000000000000,0.000000000000000,0.000000000000000,0.000000000000000,0.383730322122574,0.000000000000000,0.000000000000000,2.056898832321170,160.459991455078011,124.019996643065994,350.423187255859034,292.057830810546989,-82.239997863769503,35.559997558593800,"0","8","0",-39.537666320800803,"5459",-71.098037719726605,15.884176254272500,"4355",./0.png
,,,,,,,,,,,,,,,,,,,,,,,,,,,,,,,,,,,,,,,,,,,,,,,,"0","0",0.000000000000000,0.000000000000000,0.000000000000000,0.000000000000000,0.385535567998886,0.000000000000000,0.000000000000000,1.225513696670530,160.449996948241989,124.019996643065994,339.568298339843977,293.443054199219034,-82.239997863769503,35.590000152587898,"0","8","0",-39.538417816162102,"5459",-71.090835571289105,15.982238769531200,"4356",./0.png
,,,,,,,,,,,,,,,,,,,,,,,,,,,,,,,,,,,,,,,,,,,,,,,,"0","0",1.600947618484500,3.203977584838870,1.603029966354370,-0.713353514671326,0.306954711675644,278.899169921875000,279.612335205078011,0.525144398212433,160.619995117188012,124.069999694824006,300.198791503906023,280.002258300781023,-82.139999389648395,34.829998016357401,"10","8","0",-39.521770477294901,"5459",-71.249557495117202,2.024617910385130,"4332",./0.png
,,,,,,,,,,,,,,,,,,,,,,,,,,,,,,,,,,,,,,,,,,,,,,,,"0","0",1.735146641731260,3.451206207275390,1.716059565544130,-0.470660239458084,0.321436911821365,279.443420410156023,279.913848876953011,1.379174351692200,160.599990844726989,124.069999694824006,310.797668457031023,281.953674316406023,-82.150001525878906,34.919998168945298,"10","8","0",-39.523899078369098,"5459",-71.229347229003906,4.917530536651610,"4335",./0.png
,,,,,,,,,,,,,,,,,,,,,,,,,,,,,,,,,,,,,,,,,,,,,,,,"0","0",1.831877827644350,3.680973291397090,1.849095463752750,0.345307052135468,0.351788520812988,281.223236083983977,280.877929687500000,0.916574835777283,160.559997558594006,124.059997558594006,308.970062255859034,288.589630126953011,-82.169998168945298,35.079998016357401,"10","8","0",-39.527267456054702,"5459",-71.197380065917997,3.522709369659420,"4340",./0.png
,,,,,,,,,,,,,,,,,,,,,,,,,,,,,,,,,,,,,,,,,,,,,,,,"0","0",1.656640887260440,3.424706935882570,1.768066048622130,0.602055907249451,0.349605172872543,281.963439941406023,281.361358642578011,0.457210212945938,160.550003051758011,124.049995422362997,314.893829345703068,284.814056396483977,-82.180000305175795,35.139999389648402,"10","8","0",-39.528583526611293,"5459",-71.184883117675795,2.017647981643680,"4342",./0.png
,,,,,,,,,,,,,,,,,,,,,,,,,,,,,,,,,,,,,,,,,,,,,,,,"0","0",0.000000000000000,0.000000000000000,0.000000000000000,0.000000000000000,0.357229650020599,0.000000000000000,0.000000000000000,0.905252456665039,160.500000000000000,124.029998779297003,324.447052001953011,290.411804199219034,-82.159996032714801,35.369998931884801,"0","8","0",-39.537429809570298,"5460",-71.139297485351605,2.585013151168820,"4349",./0.png
,,,,,,,,,,,,,,,,,,,,,,,,,,,,,,,,,,,,,,,,,,,,,,,,"0","0",0.000000000000000,0.000000000000000,0.000000000000000,0.000000000000000,0.370559453964233,0.000000000000000,0.000000000000000,0.819525957107544,160.489990234375000,124.029998779297003,324.695556640625000,287.837951660156023,-82.169998168945298,35.399997711181598,"0","8","0",-39.538120269775398,"5460",-71.132698059082003,2.829597473144530,"4350",./0.png
,,,,,,,,,,,,,,,,,,,,,,,,,,,,,,,,,,,,,,,,,,,,,,,,"0","0",0.000000000000000,0.000000000000000,0.000000000000000,0.000000000000000,0.381041556596756,0.000000000000000,0.000000000000000,0.914957344532013,160.470001220703011,124.019996643065994,324.509368896483977,288.359863281250000,-82.180000305175795,35.500000000000000,"0","8","0",-39.540252685546903,"5460",-71.112365722656193,2.529035806655880,"4353",./0.png
,,,,,,,,,,,,,,,,,,,,,,,,,,,,,,,,,,,,,,,,,,,,,,,,"0","0",0.000000000000000,0.000000000000000,0.000000000000000,0.000000000000000,0.393319725990295,0.000000000000000,0.000000000000000,1.650911211967470,160.459991455078011,124.019996643065994,348.368774414061988,300.576812744140966,-82.189994812011719,35.559997558593800,"0","8","0",-39.541656494140597,"5460",-71.098953247070298,5.969453811645510,"4355",./0.png
,,,,,,,,,,,,,,,,,,,,,,,,,,,,,,,,,,,,,,,,,,,,,,,,"0","0",0.000000000000000,0.000000000000000,0.000000000000000,0.000000000000000,0.396208077669144,0.000000000000000,0.000000000000000,1.775457262992860,160.449996948241989,124.009994506835994,356.542144775391023,296.143280029296932,-82.189994812011719,35.590000152587898,"0","8","0",-39.542388916015597,"5460",-71.091911315917997,6.560733795166020,"4356",./0.png
,,,,,,,,,,,,,,,,,,,,,,,,,,,,,,,,,,,,,,,,,,,,,,,,"0","0",0.000000000000000,0.000000000000000,0.000000000000000,0.000000000000000,0.396208077669144,0.000000000000000,0.000000000000000,1.775457262992860,160.440002441405994,124.009994506835994,329.670989990233977,288.251190185546989,-82.199996948242202,35.619998931884801,"0","8","0",-39.543144226074197,"5460",-71.084655761718807,6.560733795166020,"4357",./0.png
,,,,,,,,,,,,,,,,,,,,,,,,,,,,,,,,,,,,,,,,,,,,,,,,"0","0",1.316389322280880,2.767383813858030,1.450994491577150,-0.600256741046906,0.334536999464035,278.329650878906023,278.929779052733977,0.544554173946381,160.739990234375000,124.110000610352003,297.054199218750000,282.929870605468977,-82.019996643066406,34.319999694824197,"10","8","0",-39.514911651611293,"5460",-71.352302551269503,1.278279781341550,"4316",./0.png
,,,,,,,,,,,,,,,,,,,,,,,,,,,,,,,,,,,,,,,,,,,,,,,,"0","0",1.342430830001830,2.760519742965700,1.418088912963870,-0.648118555545807,0.334536999464035,278.341979980468977,278.990020751953011,0.544554173946381,160.729995727539006,124.099998474120994,308.226043701171989,284.744812011718977,-82.019996643066406,34.349998474121101,"10","8","0",-39.515529632568402,"5460",-71.346488952636705,1.278279781341550,"4317",./0.png
,,,,,,,,,,,,,,,,,,,,,,,,,,,,,,,,,,,,,,,,,,,,,,,,"0","0",1.369759798049930,2.744127750396730,1.374367952346800,-0.669418454170227,0.337601751089096,278.392578125000000,279.061859130858977,0.523526906967163,160.720001220703011,124.099998474120994,309.274475097656023,286.388031005858977,-82.019996643066406,34.380001068115199,"10","8","0",-39.516159057617202,"5460",-71.340568542480497,3.401760816574100,"4318",./0.png
,,,,,,,,,,,,,,,,,,,,,,,,,,,,,,,,,,,,,,,,,,,,,,,,"0","0",1.736322283744810,3.439854145050050,1.703531861305240,-0.582418203353882,0.310495138168335,279.253997802733977,279.836151123046989,0.407068282365799,160.599990844726989,124.059997558594006,296.352386474608977,281.858947753906023,-82.099998474121094,34.919998168945298,"10","8","0",-39.527885437011697,"5460",-71.230049133300795,1.795913934707640,"4335",./0.png
,,,,,,,,,,,,,,,,,,,,,,,,,,,,,,,,,,,,,,,,,,,,,,,,"0","0",1.934534788131710,3.728837251663210,1.794302463531490,-0.225771814584732,0.329328089952469,279.902343750000000,280.127960205078011,0.622193276882172,160.589996337890994,124.059997558594006,319.040252685546989,287.934204101561988,-82.110000610351605,34.989997863769503,"10","8","0",-39.529293060302699,"5460",-71.216720581054702,5.457445621490480,"4337",./0.png
,,,,,,,,,,,,,,,,,,,,,,,,,,,,,,,,,,,,,,,,,,,,,,,,"0","0",1.441511034965520,3.184443950653080,1.742932915687560,0.738099813461304,0.353606253862381,282.591522216796989,281.853485107421989,0.452357769012451,160.529998779296989,124.040000915527003,299.892578125000000,283.257812500000000,-82.139999389648395,35.239997863769503,"10","8","0",-39.534561157226598,"5460",-71.166656494140597,0.927744209766388,"4345",./0.png
,,,,,,,,,,,,,,,,,,,,,,,,,,,,,,,,,,,,,,,,,,,,,,,,"0","0",1.336234569549560,3.045177221298220,1.708942651748660,0.773287236690521,0.354230523109436,282.772491455078011,281.999328613281023,0.596313595771790,160.519989013671989,124.040000915527003,296.359588623046989,283.207672119141023,-82.150001525878906,35.270000457763700,"10","8","0",-39.535243988037102,"5460",-71.160133361816406,1.519361615180970,"4346",./0.png
,,,,,,,,,,,,,,,,,,,,,,,,,,,,,,,,,,,,,,,,,,,,,,,,"0","0",1.179763793945310,2.771341085433960,1.591577291488650,0.843744456768036,0.357229650020599,283.177246093750000,282.333648681641023,0.905252456665039,160.509994506835994,124.029998779297003,316.031097412108977,285.028015136718977,-82.159996032714801,35.340000152587898,"10","8","0",-39.536705017089801,"5460",-71.146224975585895,2.585013151168820,"4348",./0.png
,,,,,,,,,,,,,,,,,,,,,,,,,,,,,,,,,,,,,,,,,,,,,,,,"0","0",0.878327488899231,2.278155565261840,1.399828076362610,0.935206949710846,0.370559453964233,283.784301757811988,282.849121093750000,0.819525957107544,160.489990234375000,124.029998779297003,310.547973632811988,285.346618652343977,-82.169998168945298,35.430000305175803,"10","8","0",-39.538806915283203,"5460",-71.126182556152301,2.829597473144530,"4351",./0.png
,,,,,,,,,,,,,,,,,,,,,,,,,,,,,,,,,,,,,,,,,,,,,,,,"0","0",0.811602115631104,2.114150047302250,1.302547931671140,0.921634197235107,0.381041556596756,283.941406250000000,283.019805908203011,0.914957344532013,160.479995727539006,124.019996643065994,306.774475097656023,285.028015136718977,-82.169998168945298,35.459999084472699,"10","8","0",-39.539520263671903,"5460",-71.119354248046903,2.529035806655880,"4352",./0.png
,,,,,,,,,,,,,,,,,,,,,,,,,,,,,,,,,,,,,,,,,,,,,,,,"0","0",0.729549646377563,1.851100564002990,1.121550917625430,0.948313295841217,0.393319725990295,284.289794921875000,283.341583251953011,1.650911211967470,160.459991455078011,124.019996643065994,319.061981201171989,292.292877197266023,-82.180000305175795,35.529998779296903,"10","8","0",-39.540950775146499,"5460",-71.105659484863295,5.969453811645510,"4354",./0.png
,,,,,,,,,,,,,,,,,,,,,,,,,,,,,,,,,,,,,,,,,,,,,,,,"0","0",0.000000000000000,0.000000000000000,0.000000000000000,0.000000000000000,0.396208077669144,0.000000000000000,0.000000000000000,1.775457262992860,160.449996948241989,124.009994506835994,327.500579833983977,289.282592773438012,-82.139999389648395,35.590000152587898,"0","8","0",-39.546367645263707,"5461",-71.092941284179702,6.560733795166020,"4356",./0.png
,,,,,,,,,,,,,,,,,,,,,,,,,,,,,,,,,,,,,,,,,,,,,,,,"0","0",1.273544311523440,2.709836959838870,1.436292648315430,-0.611043632030487,0.334536999464035,278.367004394531023,278.977844238281023,0.544554173946381,160.739990234375000,124.099998474120994,295.494537353516023,280.077941894531023,-81.970001220703111,34.319999694824197,"10","8","0",-39.518909454345703,"5461",-71.352607727050795,1.278279781341550,"4316",./0.png
,,,,,,,,,,,,,,,,,,,,,,,,,,,,,,,,,,,,,,,,,,,,,,,,"0","0",1.553712368011470,3.385809183120730,1.832096815109250,0.669917345046997,0.353606253862381,282.404113769531023,281.734344482421989,0.452357769012451,160.529998779296989,124.040000915527003,303.752197265625000,282.815856933593977,-82.089996337890597,35.239997863769503,"10","8","0",-39.538612365722699,"5461",-71.166793823242202,0.927744209766388,"4345",./0.png
,,,,,,,,,,,,,,,,,,,,,,,,,,,,,,,,,,,,,,,,,,,,,,,,"0","0",1.467792749404910,3.261337518692020,1.793544769287110,0.740997016429901,0.354230523109436,282.630065917968977,281.889251708983977,0.596313595771790,160.529998779296989,124.029998779297003,305.675659179688012,283.160888671875000,-82.099998474121094,35.270000457763700,"10","8","0",-39.539299011230497,"5461",-71.160293579101605,1.519361615180970,"4346",./0.png
,,,,,,,,,,,,,,,,,,,,,,,,,,,,,,,,,,,,,,,,,,,,,,,,"0","0",1.386569499969480,3.133754968643190,1.747185468673710,0.777721107006073,0.354230523109436,282.836730957031023,282.059143066406023,0.596313595771790,160.519989013671989,124.029998779297003,306.990875244140966,283.897521972656023,-82.099998474121094,35.299999237060497,"10","8","0",-39.540019989013707,"5461",-71.153450012207003,1.519361615180970,"4347",./0.png
,,,,,,,,,,,,,,,,,,,,,,,,,,,,,,,,,,,,,,,,,,,,,,,,"0","0",1.296620607376100,2.968594789505000,1.671974182128910,0.823883473873138,0.357229650020599,283.062713623046989,282.239013671875000,0.905252456665039,160.509994506835994,124.029998779297003,300.976013183593977,284.235900878906023,-82.110000610351605,35.340000152587898,"10","8","0",-39.540767669677699,"5461",-71.146316528320298,2.585013151168820,"4348",./0.png
,,,,,,,,,,,,,,,,,,,,,,,,,,,,,,,,,,,,,,,,,,,,,,,,"0","0",1.178088307380680,2.779569625854490,1.601481318473820,0.850834548473358,0.357229650020599,283.278228759766023,282.427612304688012,0.905252456665039,160.500000000000000,124.029998779297003,295.631988525391023,285.526855468750000,-82.110000610351605,35.369998931884801,"10","8","0",-39.541507720947301,"5461",-71.139274597167997,2.585013151168820,"4349",./0.png
,,,,,,,,,,,,,,,,,,,,,,,,,,,,,,,,,,,,,,,,,,,,,,,,"0","0",1.028340220451350,2.583544492721560,1.555204272270200,0.848187088966370,0.370559453964233,283.456695556641023,282.608642578125000,0.819525957107544,160.500000000000000,124.019996643065994,296.503509521483977,283.621429443358977,-82.119995117187500,35.399997711181598,"10","8","0",-39.542194366455099,"5461",-71.132759094238295,2.829597473144530,"4350",./0.png
,,,,,,,,,,,,,,,,,,,,,,,,,,,,,,,,,,,,,,,,,,,,,,,,"0","0",0.833071351051331,2.231125354766850,1.398054003715520,0.868469297885895,0.381041556596756,283.842559814453011,282.974243164061988,0.914957344532013,160.479995727539006,124.019996643065994,305.600402832031023,285.507202148438012,-82.119995117187500,35.459999084472699,"10","8","0",-39.543605804443402,"5461",-71.119293212890597,2.529035806655880,"4352",./0.png
,,,,,,,,,,,,,,,,,,,,,,,,,,,,,,,,,,,,,,,,,,,,,,,,"0","0",0.768687367439270,2.054903507232670,1.286216139793400,0.892172813415527,0.381041556596756,284.056274414061988,283.164184570311988,0.914957344532013,160.470001220703011,124.019996643065994,311.651397705078011,286.832397460938012,-82.129997253417997,35.500000000000000,"10","8","0",-39.544330596923800,"5461",-71.112373352050795,2.529035806655880,"4353",./0.png
,,,,,,,,,,,,,,,,,,,,,,,,,,,,,,,,,,,,,,,,,,,,,,,,"0","0",0.702943563461304,1.902156591415410,1.199213027954100,0.921775639057159,0.393319725990295,284.260528564453011,283.338806152343977,1.650911211967470,160.470001220703011,124.019996643065994,316.119293212891023,287.757720947266023,-82.129997253417997,35.529998779296903,"10","8","0",-39.545001983642599,"5461",-71.105957031250000,5.969453811645510,"4354",./0.png
,,,,,,,,,,,,,,,,,,,,,,,,,,,,,,,,,,,,,,,,,,,,,,,,"0","0",0.686239123344421,1.856976628303530,1.170737504959110,0.921838521957397,0.393319725990295,284.375030517578011,283.453277587891023,1.650911211967470,160.459991455078011,124.009994506835994,309.044128417968977,286.582855224608977,-82.139999389648395,35.559997558593800,"10","8","0",-39.545665740966797,"5461",-71.099655151367202,5.969453811645510,"4355",./0.png
,,,,,,,,,,,,,,,,,,,,,,,,,,,,,,,,,,,,,,,,,,,,,,,,"0","0",0.722161531448364,1.948812127113340,1.226650595664980,0.755963861942291,0.396208077669144,284.345031738281023,283.589294433593977,1.775457262992860,160.440002441405994,124.009994506835994,296.428039550780966,285.120086669921989,-82.150001525878906,35.619998931884801,"10","8","0",-39.547142028808601,"5461",-71.085517883300795,6.560733795166020,"4357",./0.png
,,,,,,,,,,,,,,,,,,,,,,,,,,,,,,,,,,,,,,,,,,,,,,,,"0","0",1.241110086441040,2.668648004531860,1.427537918090820,-0.619965016841888,0.327982008457184,278.334136962891023,278.953918457031023,0.439417898654938,160.739990234375000,124.099998474120994,296.243896484375000,281.040313720703011,-81.909996032714801,34.319999694824197,"10","8","0",-39.522907257080099,"5462",-71.353019714355497,2.034779787063600,"4316",./0.png
,,,,,,,,,,,,,,,,,,,,,,,,,,,,,,,,,,,,,,,,,,,,,,,,"0","0",0.632311701774597,1.821696639060970,1.189384937286380,0.901866853237152,0.401291579008102,284.501098632811988,283.599365234375000,0.732181966304779,160.449996948241989,124.009994506835994,309.060302734375000,284.381530761718977,-82.089996337890597,35.590000152587898,"10","8","0",-39.550415039062493,"5462",-71.093284606933594,3.147920846939090,"4356",./0.png
,,,,,,,,,,,,,,,,,,,,,,,,,,,,,,,,,,,,,,,,,,,,,,,,"0","0",0.685493826866150,1.976689457893370,1.291195631027220,0.633340358734131,0.397077947854996,284.349426269531023,283.716217041016023,0.636750578880310,160.440002441405994,124.000000000000000,306.759490966796989,285.244903564453011,-82.099998474121094,35.659999847412102,"10","8","0",-39.551918029785199,"5462",-71.078941345214801,2.284941196441650,"4358",./0.png
,,,,,,,,,,,,,,,,,,,,,,,,,,,,,,,,,,,,,,,,,,,,,,,,"0","0",0.000000000000000,0.000000000000000,0.000000000000000,0.000000000000000,0.397077947854996,0.000000000000000,0.000000000000000,0.636750578880310,160.440002441405994,124.000000000000000,327.183410644531023,286.446502685546989,-82.049995422363295,35.659999847412102,"0","8","0",-39.555915832519503,"5463",-71.079788208007798,2.284941196441650,"4358",./0.png
,,,,,,,,,,,,,,,,,,,,,,,,,,,,,,,,,,,,,,,,,,,,,,,,"0","0",1.217275977134700,2.583190441131590,1.365914463996890,-0.635266602039337,0.301752328872681,278.189849853516023,278.824859619141023,0.365013778209686,160.750000000000000,124.099998474120994,297.085845947266023,279.854125976561988,-81.860000610351605,34.290000915527301,"10","8","0",-39.526153564453097,"5463",-71.360328674316406,1.152817606925960,"4315",./0.png
,,,,,,,,,,,,,,,,,,,,,,,,,,,,,,,,,,,,,,,,,,,,,,,,"0","0",0.772206068038940,2.204066991806030,1.431860923767090,0.905050098896027,0.390452355146408,284.112579345703011,283.207672119141023,0.484707385301590,160.479995727539006,124.009994506835994,305.856536865233977,287.145965576171989,-82.029998779296889,35.500000000000000,"10","8","0",-39.552421569824197,"5463",-71.113052368164105,1.785857439041140,"4353",./0.png
,,,,,,,,,,,,,,,,,,,,,,,,,,,,,,,,,,,,,,,,,,,,,,,,"0","0",0.634111523628235,1.859041810035710,1.224930286407470,0.872299671173096,0.401291579008102,284.688201904296989,283.816009521483977,0.732181966304779,160.449996948241989,124.000000000000000,311.915283203125000,285.303955078125000,-82.049995422363295,35.619998931884801,"10","8","0",-39.555149078369098,"5463",-71.087097167968807,3.147920846939090,"4357",./0.png
,,,,,,,,,,,,,,,,,,,,,,,,,,,,,,,,,,,,,,,,,,,,,,,,"0","0",0.000000000000000,0.000000000000000,0.000000000000000,0.000000000000000,0.397161185741425,0.000000000000000,0.000000000000000,0.633515655994415,160.459991455078011,124.000000000000000,324.512176513671989,286.650970458983977,-81.989997863769503,35.559997558593800,"0","8","0",-39.557868957519503,"5464",-71.100105285644503,2.243824243545530,"4355",./0.png
,,,,,,,,,,,,,,,,,,,,,,,,,,,,,,,,,,,,,,,,,,,,,,,,"0","0",1.191285967826840,2.539584875106810,1.348298907279970,-0.674202978610992,0.285847067832947,278.136871337891023,278.810852050781023,0.369866222143173,160.750000000000000,124.089996337890994,295.746612548828011,279.470794677733977,-81.809997558593807,34.290000915527301,"10","8","0",-39.530059814453097,"5464",-71.361488342285199,1.531086564064030,"4315",./0.png
,,,,,,,,,,,,,,,,,,,,,,,,,,,,,,,,,,,,,,,,,,,,,,,,"0","0",1.127594232559200,2.520338773727420,1.392744541168210,-0.732747197151184,0.314701616764069,278.184814453125000,278.917358398438012,0.442652881145477,160.739990234375000,124.089996337890994,297.452239990233977,279.854125976561988,-81.809997558593807,34.319999694824197,"10","8","0",-39.530834197997997,"5464",-71.354331970214801,2.336344718933110,"4316",./0.png
,,,,,,,,,,,,,,,,,,,,,,,,,,,,,,,,,,,,,,,,,,,,,,,,"0","0",0.554416537284851,1.778537988662720,1.224121451377870,1.012471675872800,0.402501255273819,284.838195800781023,283.825744628906023,0.704684793949127,160.459991455078011,124.000000000000000,318.840515136718977,289.520080566406023,-81.989997863769503,35.590000152587898,"10","8","0",-39.558521270752003,"5464",-71.093879699707003,2.874818563461300,"4356",./0.png
,,,,,,,,,,,,,,,,,,,,,,,,,,,,,,,,,,,,,,,,,,,,,,,,"0","0",0.543340563774109,1.843224048614500,1.299883484840390,1.099486112594600,0.397161185741425,284.830718994141023,283.731231689453011,0.633515655994415,160.459991455078011,124.000000000000000,302.596221923828011,285.356445312500000,-81.939994812011719,35.559997558593800,"10","8","0",-39.561923980712898,"5465",-71.100395202636705,2.243824243545530,"4355",./0.png
,,,,,,,,,,,,,,,,,,,,,,,,,,,,,,,,,,,,,,,,,,,,,,,,"0","0",0.510808229446411,1.740044951438900,1.229236721992490,1.099884629249570,0.402501255273819,285.012603759766023,283.912658691406023,0.704684793949127,160.459991455078011,124.000000000000000,309.101867675780966,283.144165039061988,-81.939994812011719,35.590000152587898,"10","8","0",-39.562583923339801,"5465",-71.094161987304702,2.874818563461300,"4356",./0.png
,,,,,,,,,,,,,,,,,,,,,,,,,,,,,,,,,,,,,,,,,,,,,,,,"0","0",1.927322864532470,4.244201660156250,2.316878795623780,0.314844816923141,0.343283295631409,281.705108642578011,281.390411376953011,0.415155708789825,160.529998779296989,124.000000000000000,301.009582519531023,279.242218017578011,-81.599998474121094,35.309997558593800,"10","8","0",-39.580120086669901,"5471",-71.159393310546903,1.353256702423100,"4347",./0.png
,,,,,,,,,,,,,,,,,,,,,,,,,,,,,,,,,,,,,,,,,,,,,,,,"0","0",1.780814647674560,4.045909881591801,2.265095233917240,0.435441076755524,0.364310562610626,282.135162353516023,281.699890136718977,0.460445165634155,160.529998779296989,123.989997863770000,303.652313232421989,281.023254394531023,-81.599998474121094,35.340000152587898,"10","8","0",-39.580810546875000,"5471",-71.152976989746094,1.813860297203060,"4348",./0.png
,,,,,,,,,,,,,,,,,,,,,,,,,,,,,,,,,,,,,,,,,,,,,,,,"0","0",1.573991298675540,3.916466951370240,2.342475652694700,0.289708644151688,0.348397850990295,282.234039306641023,281.944335937500000,0.496029734611511,160.519989013671989,124.000000000000000,295.330139160156023,279.716125488281023,-82.959999084472699,35.340000152587898,"10","8","0",-39.576663970947301,"5476",-71.157768249511705,0.928502321243286,"4348",./0.png
,,,,,,,,,,,,,,,,,,,,,,,,,,,,,,,,,,,,,,,,,,,,,,,,"0","0",1.519076108932500,3.843850612640380,2.324774503707890,0.302809715270996,0.348397850990295,282.368255615233977,282.065399169921989,0.496029734611511,160.529998779296989,123.989997863770000,295.089263916016023,278.947113037108977,-82.909996032714801,35.340000152587898,"10","8","0",-39.580589294433601,"5477",-71.159263610839801,0.928502321243286,"4348",./0.png
,,,,,,,,,,,,,,,,,,,,,,,,,,,,,,,,,,,,,,,,,,,,,,,,"0","0",1.334043264389040,3.557672977447510,2.223629713058470,0.352057337760925,0.348397850990295,282.719085693358977,282.366912841796989,0.496029734611511,160.519989013671989,123.989997863770000,303.843475341796989,280.493408203125000,-82.919998168945298,35.369998931884801,"10","8","0",-39.581245422363303,"5477",-71.152832031250000,0.928502321243286,"4349",./0.png
,,,,,,,,,,,,,,,,,,,,,,,,,,,,,,,,,,,,,,,,,,,,,,,,"0","0",1.073183298110960,3.126699686050420,2.053516387939450,0.406913667917252,0.358867347240448,283.124359130858977,282.717285156250000,0.398980885744095,160.509994506835994,123.989997863770000,305.755889892578011,281.452087402343977,-82.869995117187500,35.399997711181598,"10","8","0",-39.585849761962898,"5478",-71.147659301757798,0.758442997932434,"4350",./0.png
,,,,,,,,,,,,,,,,,,,,,,,,,,,,,,,,,,,,,,,,,,,,,,,,"0","0",1.196286797523500,2.941551208496090,1.745264410972600,-0.501140773296356,0.309865415096283,279.245269775391023,279.746124267578011,0.517057001590729,160.750000000000000,124.059997558594006,317.971862792968977,288.273559570311988,-82.689994812011719,34.349998474121101,"10","8","0",-39.567874908447301,"5479",-71.361701965332003,3.783244848251340,"4317",./0.png
,,,,,,,,,,,,,,,,,,,,,,,,,,,,,,,,,,,,,,,,,,,,,,,,"0","0",1.221371054649350,3.161085844039920,1.939714789390560,-0.425790250301361,0.322959274053574,279.527770996093977,279.953338623046989,0.589843630790710,160.750000000000000,124.049995422362997,315.657226562499943,285.106933593750000,-82.639999389648395,34.349998474121101,"10","8","0",-39.571826934814503,"5480",-71.362472534179702,2.436606884002690,"4317",./0.png
,,,,,,,,,,,,,,,,,,,,,,,,,,,,,,,,,,,,,,,,,,,,,,,,"0","0",2.311647176742550,4.792442798614500,2.480795621871950,0.036983370780945,0.325475335121155,280.746948242188012,280.709960937500000,0.581756234169006,160.669998168945000,124.029998779297003,296.948486328125000,282.409179687500000,-82.689994812011719,34.729999542236300,"10","8","0",-39.579772949218800,"5480",-71.285980224609403,2.368373155593870,"4329",./0.png
,,,,,,,,,,,,,,,,,,,,,,,,,,,,,,,,,,,,,,,,,,,,,,,,"0","0",2.338234186172490,4.832447528839110,2.494213342666630,-0.065183795988560,0.318392246961594,280.617553710938012,280.682708740233977,0.693362414836884,160.660003662109006,124.019996643065994,296.913146972656023,283.361358642578011,-82.689994812011719,34.759998321533203,"10","8","0",-39.580410003662102,"5480",-71.279823303222699,2.314865350723270,"4330",./0.png
,,,,,,,,,,,,,,,,,,,,,,,,,,,,,,,,,,,,,,,,,,,,,,,,"0","0",1.229406833648680,3.335623741149900,2.106216907501220,-0.326258540153503,0.322959274053574,279.842193603516023,280.168121337891023,0.589843630790710,160.750000000000000,124.049995422362997,304.041595458983977,285.336761474608977,-82.589996337890597,34.349998474121101,"10","8","0",-39.575794219970703,"5481",-71.363105773925795,2.436606884002690,"4317",./0.png
,,,,,,,,,,,,,,,,,,,,,,,,,,,,,,,,,,,,,,,,,,,,,,,,"0","0",2.263010740280150,4.898689746856690,2.635679006576540,0.188156977295876,0.325475335121155,281.214447021483977,281.026367187500000,0.581756234169006,160.669998168945000,124.019996643065994,312.722259521483977,284.480743408203011,-82.639999389648395,34.729999542236300,"10","8","0",-39.583805084228501,"5481",-71.286094665527301,2.368373155593870,"4329",./0.png
,,,,,,,,,,,,,,,,,,,,,,,,,,,,,,,,,,,,,,,,,,,,,,,,"0","0",2.334814071655270,4.987141609191890,2.652327537536620,0.128846541047096,0.318392246961594,281.135437011718977,281.006622314453011,0.693362414836884,160.660003662109006,124.019996643065994,315.619964599608977,290.066009521483977,-82.639999389648395,34.759998321533203,"10","8","0",-39.584445953369098,"5481",-71.279907226562500,2.314865350723270,"4330",./0.png
,,,,,,,,,,,,,,,,,,,,,,,,,,,,,,,,,,,,,,,,,,,,,,,,"0","0",2.377192497253420,5.018605709075930,2.641413211822510,0.064043387770653,0.318392246961594,281.051635742188012,280.987579345703011,0.693362414836884,160.660003662109006,124.019996643065994,312.419830322266023,287.339508056641023,-82.639999389648395,34.799999237060497,"10","8","0",-39.585063934326200,"5481",-71.273963928222699,2.314865350723270,"4331",./0.png
,,,,,,,,,,,,,,,,,,,,,,,,,,,,,,,,,,,,,,,,,,,,,,,,"0","0",2.407806158065800,5.051493644714360,2.643687486648560,0.033920545130968,0.299404680728912,281.021514892578011,280.987518310546989,0.439417898654938,160.649993896484006,124.019996643065994,309.441497802733977,283.127410888671989,-82.650001525878906,34.829998016357401,"10","8","0",-39.585674285888707,"5481",-71.268051147460895,2.598411321640010,"4332",./0.png
,,,,,,,,,,,,,,,,,,,,,,,,,,,,,,,,,,,,,,,,,,,,,,,,"0","0",0.000000000000000,0.000000000000000,0.000000000000000,0.000000000000000,0.332068204879761,0.000000000000000,0.000000000000000,0.667482733726501,160.759994506835994,124.049995422362997,325.713775634766023,287.281463623046989,-82.540000915527301,34.349998474121101,"0","8","0",-39.579772949218800,"5482",-71.363632202148395,3.062275171279910,"4317",./0.png
,,,,,,,,,,,,,,,,,,,,,,,,,,,,,,,,,,,,,,,,,,,,,,,,"0","0",0.000000000000000,0.000000000000000,0.000000000000000,0.000000000000000,0.350052088499069,0.000000000000000,0.000000000000000,0.994213879108429,160.660003662109006,124.009994506835994,345.947692871093977,291.642211914061988,-82.589996337890597,34.799999237060497,"0","8","0",-39.589076995849602,"5482",-71.274330139160199,3.976710796356200,"4331",./0.png
,,,,,,,,,,,,,,,,,,,,,,,,,,,,,,,,,,,,,,,,,,,,,,,,"0","0",2.158484697341920,4.929078102111820,2.770593404769900,0.331461966037750,0.350551575422287,281.642913818358977,281.311462402343977,0.418390661478043,160.669998168945000,124.019996643065994,297.299316406250000,281.787872314453011,-82.589996337890597,34.729999542236300,"10","8","0",-39.587833404541001,"5482",-71.286262512207003,1.253845095634460,"4329",./0.png
,,,,,,,,,,,,,,,,,,,,,,,,,,,,,,,,,,,,,,,,,,,,,,,,"0","0",2.251321077346800,5.043016433715820,2.791695356369020,0.283802717924118,0.350052088499069,281.579284667968977,281.295562744141023,0.994213879108429,160.660003662109006,124.019996643065994,304.129241943358977,283.134124755858977,-82.589996337890597,34.770000457763700,"10","8","0",-39.588470458984403,"5482",-71.280151367187500,3.976710796356200,"4330",./0.png
,,,,,,,,,,,,,,,,,,,,,,,,,,,,,,,,,,,,,,,,,,,,,,,,"0","0",2.335329771041870,5.115344047546390,2.780014276504520,0.190944522619247,0.337624430656433,281.462707519531023,281.271728515625000,0.538084268569946,160.649993896484006,124.009994506835994,306.616790771483977,279.881683349608977,-82.599998474121094,34.829998016357401,"10","8","0",-39.589679718017599,"5482",-71.268539428710895,1.860099792480470,"4332",./0.png
,,,,,,,,,,,,,,,,,,,,,,,,,,,,,,,,,,,,,,,,,,,,,,,,"0","0",1.223010063171390,3.635980844497680,2.412970781326290,-0.152453184127808,0.332068204879761,280.498718261718977,280.651031494141023,0.667482733726501,160.759994506835994,124.040000915527003,301.741271972656023,283.227752685546989,-82.489997863769503,34.349998474121101,"10","8","0",-39.583770751953097,"5483",-71.363983154296903,3.062275171279910,"4317",./0.png
,,,,,,,,,,,,,,,,,,,,,,,,,,,,,,,,,,,,,,,,,,,,,,,,"0","0",1.278556108474730,3.756283283233640,2.477727174758910,-0.045066017657518,0.330365598201752,280.859710693358977,280.904663085938012,0.475002497434616,160.750000000000000,124.040000915527003,303.356109619140966,286.039764404296989,-82.489997863769503,34.380001068115199,"10","8","0",-39.584438323974602,"5483",-71.357612609863295,2.646334409713750,"4318",./0.png
,,,,,,,,,,,,,,,,,,,,,,,,,,,,,,,,,,,,,,,,,,,,,,,,"0","0",2.282775640487670,5.155098915100100,2.872323274612430,0.399785697460175,0.350052088499069,281.949127197266023,281.549255371093977,0.994213879108429,160.660003662109006,124.009994506835994,299.360626220703068,281.469085693358977,-82.540000915527301,34.799999237060497,"10","8","0",-39.593067169189503,"5483",-71.274909973144503,3.976710796356200,"4331",./0.png
,,,,,,,,,,,,,,,,,,,,,,,,,,,,,,,,,,,,,,,,,,,,,,,,"0","0",2.273245573043820,5.118136405944820,2.844890832901000,0.341701477766037,0.337624430656433,281.924407958983977,281.582458496093977,0.538084268569946,160.649993896484006,124.009994506835994,298.649536132811988,281.628601074218977,-82.549995422363295,34.860000610351598,"10","8","0",-39.594284057617202,"5483",-71.263236999511705,1.860099792480470,"4333",./0.png
,,,,,,,,,,,,,,,,,,,,,,,,,,,,,,,,,,,,,,,,,,,,,,,,"0","0",1.968400001525880,4.858539104461670,2.890139102935790,0.611478745937347,0.373209029436111,282.521606445311988,281.910186767578011,0.486324846744537,160.669998168945000,124.009994506835994,304.961944580078011,284.579833984375000,-82.479995727539105,34.729999542236300,"10","8","0",-39.595851898193402,"5484",-71.286994934082003,2.090678453445430,"4329",./0.png
,,,,,,,,,,,,,,,,,,,,,,,,,,,,,,,,,,,,,,,,,,,,,,,,"0","0",2.156632423400880,4.974535465240480,2.817903041839600,0.532337725162506,0.353344827890396,282.441192626953011,281.908599853516023,0.848640620708466,160.639999389648011,124.000000000000000,301.192016601561988,281.581115722656023,-82.500000000000000,34.889999389648402,"10","8","0",-39.598945617675803,"5484",-71.257324218750000,2.302681207656860,"4334",./0.png
,,,,,,,,,,,,,,,,,,,,,,,,,,,,,,,,,,,,,,,,,,,,,,,,"0","0",2.166938543319700,4.994340419769290,2.827401876449580,0.511262774467468,0.353344827890396,282.456878662108977,281.945434570311988,0.848640620708466,160.629989624023011,124.000000000000000,305.229003906250000,281.913085937500000,-82.509994506835895,34.919998168945298,"10","8","0",-39.599628448486293,"5484",-71.250808715820298,2.302681207656860,"4335",./0.png
,,,,,,,,,,,,,,,,,,,,,,,,,,,,,,,,,,,,,,,,,,,,,,,,"0","0",0.000000000000000,0.000000000000000,0.000000000000000,0.000000000000000,0.353344827890396,0.000000000000000,0.000000000000000,0.848640620708466,160.629989624023011,124.000000000000000,333.464813232421989,288.369445800780966,-82.459999084472699,34.919998168945298,"0","8","0",-39.603679656982401,"5485",-71.250808715820298,2.302681207656860,"4335",./0.png
,,,,,,,,,,,,,,,,,,,,,,,,,,,,,,,,,,,,,,,,,,,,,,,,"0","0",0.000000000000000,0.000000000000000,0.000000000000000,0.000000000000000,0.343087941408157,0.000000000000000,0.000000000000000,1.021711111068730,160.610000610351989,123.989997863770000,344.369567871093977,290.006164550780966,-82.470001220703111,35.049999237060497,"0","8","0",-39.606372833252003,"5485",-71.224929809570298,6.336001396179200,"4339",./0.png
,,,,,,,,,,,,,,,,,,,,,,,,,,,,,,,,,,,,,,,,,,,,,,,,"0","0",1.972472429275510,4.743887424468990,2.771414995193480,0.686067044734955,0.353344827890396,282.781372070311988,282.095062255858977,0.848640620708466,160.639999389648011,124.000000000000000,301.812500000000000,281.326354980468977,-82.449996948242202,34.889999389648402,"10","8","0",-39.602989196777301,"5485",-71.257446289062500,2.302681207656860,"4334",./0.png
,,,,,,,,,,,,,,,,,,,,,,,,,,,,,,,,,,,,,,,,,,,,,,,,"0","0",1.987581729888920,4.785728931427000,2.798147201538090,0.614570140838623,0.348030239343643,282.742980957031023,282.128204345703011,0.546171665191650,160.629989624023011,123.989997863770000,313.849853515625000,284.401397705078011,-82.459999084472699,34.950000762939503,"10","8","0",-39.604362487792997,"5485",-71.244239807128906,1.846149921417240,"4336",./0.png
,,,,,,,,,,,,,,,,,,,,,,,,,,,,,,,,,,,,,,,,,,,,,,,,"0","0",1.902293443679810,4.687111854553220,2.784818410873410,0.638353526592255,0.348030239343643,282.757324218750000,282.118743896483977,0.546171665191650,160.619995117188012,123.989997863770000,299.318542480468977,283.261169433593977,-82.459999084472699,34.989997863769503,"10","8","0",-39.605041503906200,"5485",-71.237686157226605,1.846149921417240,"4337",./0.png
,,,,,,,,,,,,,,,,,,,,,,,,,,,,,,,,,,,,,,,,,,,,,,,,"0","0",1.876151084899900,4.661099433898930,2.784948348999020,0.636851727962494,0.343087941408157,282.728057861328011,282.090972900391023,1.021711111068730,160.610000610351989,123.989997863770000,297.919708251953011,283.010284423828011,-82.470001220703111,35.020000457763700,"10","8","0",-39.605701446533203,"5485",-71.231399536132798,6.336001396179200,"4338",./0.png
,,,,,,,,,,,,,,,,,,,,,,,,,,,,,,,,,,,,,,,,,,,,,,,,"0","0",1.756687402725220,4.440469741821290,2.683782339096070,0.642999947071075,0.346029669046402,282.746002197266023,282.102752685546989,0.416773170232773,160.599990844726989,123.979995727539006,297.871948242188012,282.631195068358977,-82.479995727539105,35.079998016357401,"10","8","0",-39.607051849365199,"5485",-71.218368530273395,1.323733210563660,"4340",./0.png
,,,,,,,,,,,,,,,,,,,,,,,,,,,,,,,,,,,,,,,,,,,,,,,,"0","0",1.677661657333370,4.387035846710211,2.709374189376830,0.665209949016571,0.376639455556870,282.929565429688012,282.264068603516023,0.499264717102051,160.610000610351989,123.979995727539006,302.731445312499943,284.949066162108977,-82.419998168945298,35.049999237060497,"10","8","0",-39.610408782958999,"5486",-71.225151062011705,2.289794445037840,"4339",./0.png
,,,,,,,,,,,,,,,,,,,,,,,,,,,,,,,,,,,,,,,,,,,,,,,,"0","0",0.976009607315063,3.643657207489010,2.667647600173950,0.175981208682060,0.324711561203003,281.695251464843977,281.519317626953011,0.360161334276199,160.759994506835994,124.029998779297003,295.509429931641023,280.733032226561988,-82.279998779296889,34.349998474121101,"10","8","0",-39.599617004394503,"5487",-71.366744995117202,0.647300302982330,"4317",./0.png
,,,,,,,,,,,,,,,,,,,,,,,,,,,,,,,,,,,,,,,,,,,,,,,,"0","0",0.964885711669922,3.602192878723140,2.637307167053220,0.302787721157074,0.341906875371933,282.076110839843977,281.773376464843977,0.389275997877121,160.759994506835994,124.029998779297003,301.240478515625000,283.337982177733977,-82.279998779296889,34.380001068115199,"10","8","0",-39.600280761718800,"5487",-71.360450744628906,0.866684377193451,"4318",./0.png
,,,,,,,,,,,,,,,,,,,,,,,,,,,,,,,,,,,,,,,,,,,,,,,,"0","0",1.433017730712890,4.154625415802000,2.721607685089110,0.882322788238525,0.381404250860214,283.347015380858977,282.464660644531023,0.476619988679886,160.679992675780994,124.000000000000000,308.765380859375000,286.926208496093977,-82.330001831054702,34.729999542236300,"10","8","0",-39.607868194580099,"5487",-71.288299560546903,1.759837746620180,"4329",./0.png
,,,,,,,,,,,,,,,,,,,,,,,,,,,,,,,,,,,,,,,,,,,,,,,,"0","0",0.000000000000000,0.000000000000000,0.000000000000000,0.000000000000000,0.357850670814514,0.000000000000000,0.000000000000000,0.622193276882172,160.769989013671989,124.019996643065994,321.693450927733977,285.919097900391023,-82.229995727539105,34.349998474121101,"0","8","0",-39.603626251220703,"5488",-71.366981506347699,4.826802253723140,"4317",./0.png
,,,,,,,,,,,,,,,,,,,,,,,,,,,,,,,,,,,,,,,,,,,,,,,,"0","0",0.887811183929443,3.532040357589720,2.644229173660280,0.370779454708099,0.371791809797287,282.267547607421989,281.896789550781023,0.859962999820709,160.759994506835994,124.019996643065994,319.697662353516023,290.229583740233977,-82.229995727539105,34.380001068115199,"10","8","0",-39.604282379150398,"5488",-71.360809326171903,4.465887546539310,"4318",./0.png
,,,,,,,,,,,,,,,,,,,,,,,,,,,,,,,,,,,,,,,,,,,,,,,,"0","0",1.302658081054690,3.956855297088620,2.654197216033940,0.970110714435577,0.399160593748093,283.537750244141023,282.567474365233977,0.560728967189789,160.679992675780994,124.000000000000000,310.214080810546989,288.148803710938012,-82.279998779296889,34.729999542236300,"10","8","0",-39.611881256103501,"5488",-71.288650512695298,2.986209392547610,"4329",./0.png
,,,,,,,,,,,,,,,,,,,,,,,,,,,,,,,,,,,,,,,,,,,,,,,,"0","0",1.313737392425540,3.848320484161380,2.534583091735840,0.836793899536133,0.405585646629333,283.534362792968977,282.697326660156023,0.437800437211990,160.610000610351989,123.969993591309006,297.057708740233977,285.241607666016023,-82.319999694824205,35.049999237060497,"10","8","0",-39.618492126464801,"5488",-71.225532531738295,0.601550161838531,"4339",./0.png
,,,,,,,,,,,,,,,,,,,,,,,,,,,,,,,,,,,,,,,,,,,,,,,,"0","0",0.000000000000000,0.000000000000000,0.000000000000000,0.000000000000000,0.371791809797287,0.000000000000000,0.000000000000000,0.859962999820709,160.759994506835994,124.019996643065994,333.713287353516023,287.943817138671989,-82.180000305175795,34.380001068115199,"0","8","0",-39.608295440673800,"5489",-71.361015319824205,4.465887546539310,"4318",./0.png
,,,,,,,,,,,,,,,,,,,,,,,,,,,,,,,,,,,,,,,,,,,,,,,,"0","0",0.000000000000000,0.000000000000000,0.000000000000000,0.000000000000000,0.410683840513229,0.000000000000000,0.000000000000000,0.614105880260468,160.669998168945000,123.989997863770000,320.023834228516023,294.555145263671989,-82.229995727539105,34.770000457763700,"0","8","0",-39.616523742675803,"5489",-71.282997131347699,3.767456769943240,"4330",./0.png
,,,,,,,,,,,,,,,,,,,,,,,,,,,,,,,,,,,,,,,,,,,,,,,,"0","0",0.000000000000000,0.000000000000000,0.000000000000000,0.000000000000000,0.408770918846130,0.000000000000000,0.000000000000000,0.795263707637787,160.669998168945000,123.989997863770000,331.077087402343977,289.158935546875000,-82.180000305175795,34.770000457763700,"0","8","0",-39.620544433593800,"5490",-71.283340454101605,3.578999757766720,"4330",./0.png
,,,,,,,,,,,,,,,,,,,,,,,,,,,,,,,,,,,,,,,,,,,,,,,,"0","0",1.184350967407230,3.657652139663700,2.473301172256470,1.057361125946040,0.408770918846130,283.824279785156023,282.766662597656023,0.795263707637787,160.669998168945000,123.989997863770000,302.268402099608977,288.049560546875000,-82.189994812011719,34.799999237060497,"10","8","0",-39.621208190917997,"5490",-71.277030944824205,3.578999757766720,"4331",./0.png
,,,,,,,,,,,,,,,,,,,,,,,,,,,,,,,,,,,,,,,,,,,,,,,,"0","0",1.178275823593140,3.631162405014040,2.452886581420900,1.040436506271360,0.403738170862198,283.815795898438012,282.775024414061988,0.572051346302032,160.660003662109006,123.979995727539006,297.680084228516023,286.599060058593977,-82.189994812011719,34.829998016357401,"10","8","0",-39.621902465820298,"5490",-71.270416259765597,1.041203737258910,"4332",./0.png
,,,,,,,,,,,,,,,,,,,,,,,,,,,,,,,,,,,,,,,,,,,,,,,,"0","0",0.000000000000000,0.000000000000000,0.000000000000000,0.000000000000000,0.417379736900330,0.000000000000000,0.000000000000000,0.675570130348206,160.709991455078011,124.000000000000000,330.926391601561988,289.494750976561988,-82.110000610351605,34.610000610351598,"0","8","0",-39.621131896972699,"5491",-71.316116333007798,4.752678871154790,"4325",./0.png
,,,,,,,,,,,,,,,,,,,,,,,,,,,,,,,,,,,,,,,,,,,,,,,,"0","0",0.000000000000000,0.000000000000000,0.000000000000000,0.000000000000000,0.399742037057877,0.000000000000000,0.000000000000000,0.683657526969910,160.629989624023011,123.969993591309006,329.443176269531023,287.506958007811988,-82.159996032714801,34.989997863769503,"0","8","0",-39.629268646240199,"5491",-71.238960266113295,5.290670871734620,"4337",./0.png
,,,,,,,,,,,,,,,,,,,,,,,,,,,,,,,,,,,,,,,,,,,,,,,,"0","0",1.023333311080930,3.356374263763430,2.333040952682500,1.081175565719600,0.403738170862198,284.031707763671989,282.950256347656023,0.572051346302032,160.660003662109006,123.979995727539006,300.223907470703068,286.192871093750000,-82.139999389648395,34.829998016357401,"10","8","0",-39.625911712646499,"5491",-71.270828247070298,1.041203737258910,"4332",./0.png
,,,,,,,,,,,,,,,,,,,,,,,,,,,,,,,,,,,,,,,,,,,,,,,,"0","0",0.967546463012695,3.271980524063110,2.304434061050420,1.117905378341670,0.403738170862198,284.150390625000000,283.032196044921989,0.572051346302032,160.649993896484006,123.979995727539006,301.076599121093977,286.397766113281023,-82.139999389648395,34.860000610351598,"10","8","0",-39.626590728759801,"5491",-71.264396667480497,1.041203737258910,"4333",./0.png
,,,,,,,,,,,,,,,,,,,,,,,,,,,,,,,,,,,,,,,,,,,,,,,,"0","0",0.762930870056152,2.862749099731450,2.099818229675290,1.125516653060910,0.399609893560410,284.538085937500000,283.412384033203011,0.528379380702972,160.619995117188012,123.969993591309006,303.305511474608977,286.342529296875000,-82.159996032714801,35.020000457763700,"10","8","0",-39.629917144775398,"5491",-71.232795715332003,2.404526233673100,"4338",./0.png
,,,,,,,,,,,,,,,,,,,,,,,,,,,,,,,,,,,,,,,,,,,,,,,,"0","0",0.000000000000000,0.000000000000000,0.000000000000000,0.000000000000000,0.370944529771805,0.000000000000000,0.000000000000000,1.003918766975400,160.629989624023011,123.969993591309006,341.473419189453011,291.430786132811988,-82.110000610351605,34.959999084472699,"0","8","0",-39.632667541503899,"5492",-71.245285034179702,3.931755304336550,"4336",./0.png
,,,,,,,,,,,,,,,,,,,,,,,,,,,,,,,,,,,,,,,,,,,,,,,,"0","0",0.000000000000000,0.000000000000000,0.000000000000000,0.000000000000000,0.378890037536621,0.000000000000000,0.000000000000000,1.602386713027950,160.619995117188012,123.959999084472997,352.324279785156023,293.544036865233977,-82.110000610351605,35.020000457763700,"0","8","0",-39.633956909179702,"5492",-71.233024597167997,7.615494251251220,"4338",./0.png
,,,,,,,,,,,,,,,,,,,,,,,,,,,,,,,,,,,,,,,,,,,,,,,,"0","0",0.613732337951660,2.666788816452030,2.053056478500370,1.189709901809690,0.370944529771805,284.751831054688012,283.561889648438012,1.003918766975400,160.629989624023011,123.959999084472997,310.550170898438012,287.555236816406023,-82.110000610351605,34.989997863769503,"10","8","0",-39.633308410644503,"5492",-71.239181518554702,3.931755304336550,"4337",./0.png
,,,,,,,,,,,,,,,,,,,,,,,,,,,,,,,,,,,,,,,,,,,,,,,,"0","0",0.601644396781921,2.538244962692260,1.936600565910340,1.136617183685300,0.378890037536621,284.747283935546989,283.610443115233977,1.602386713027950,160.610000610351989,123.959999084472997,309.482543945311988,289.573822021483977,-82.119995117187500,35.049999237060497,"10","8","0",-39.634620666503899,"5492",-71.226699829101605,7.615494251251220,"4339",./0.png
,,,,,,,,,,,,,,,,,,,,,,,,,,,,,,,,,,,,,,,,,,,,,,,,"0","0",0.508837938308716,2.470402717590330,1.961564779281620,1.178755044937130,0.370944529771805,284.879241943358977,283.700317382811988,1.003918766975400,160.629989624023011,123.959999084472997,297.556060791016023,284.129852294921989,-82.059997558593807,34.989997863769503,"10","8","0",-39.637348175048800,"5493",-71.239402770996094,3.931755304336550,"4337",./0.png
,,,,,,,,,,,,,,,,,,,,,,,,,,,,,,,,,,,,,,,,,,,,,,,,"0","0",0.501968026161194,2.406862497329710,1.904894471168520,1.168233633041380,0.378890037536621,284.903533935546989,283.735168457031023,1.602386713027950,160.619995117188012,123.959999084472997,303.779876708983977,282.577423095703011,-82.059997558593807,35.020000457763700,"10","8","0",-39.638000488281200,"5493",-71.233238220214801,7.615494251251220,"4338",./0.png
,,,,,,,,,,,,,,,,,,,,,,,,,,,,,,,,,,,,,,,,,,,,,,,,"0","0",0.253400802612305,5.547336101531980,5.293935298919680,0.926029920578003,0.285352855920792,275.904113769531023,274.978118896483977,0.389275997877121,161.330001831055000,122.269996643065994,295.419952392578011,281.943511962891023,-82.229995727539105,35.180000305175803,"10","8","0",-41.496162414550803,"6065",-71.650238037109403,1.948610544204710,"4343",./0.png
,,,,,,,,,,,,,,,,,,,,,,,,,,,,,,,,,,,,,,,,,,,,,,,,"0","0",0.000000000000000,0.000000000000000,0.000000000000000,0.000000000000000,0.290407478809357,0.000000000000000,0.000000000000000,0.745121836662292,161.279998779296989,122.180000305175994,333.351409912108977,283.194305419921989,-82.629997253417997,35.569999694824197,"0","8","0",-41.580432891845703,"6090",-71.589958190917997,4.316817283630370,"4355",./0.png
,,,,,,,,,,,,,,,,,,,,,,,,,,,,,,,,,,,,,,,,,,,,,,,,"0","0",0.774528026580811,3.987116336822510,3.212588310241700,-0.039478346705437,0.290407478809357,276.776062011718977,276.815521240233977,0.745121836662292,161.279998779296989,122.180000305175994,306.646881103516023,279.356567382811988,-82.629997253417997,35.540000915527301,"10","8","0",-41.579776763916001,"6090",-71.596511840820298,4.316817283630370,"4354",./0.png
,,,,,,,,,,,,,,,,,,,,,,,,,,,,,,,,,,,,,,,,,,,,,,,,"0","0",-0.055108070373535,2.852143287658690,2.907251358032230,0.596021771430969,0.345603972673416,281.718933105468977,281.122711181641023,0.420008152723312,161.279998779296989,121.860000610352003,299.851287841796989,284.331909179688012,-82.750000000000000,36.049999237060497,"10","8","0",-41.898452758789098,"6185",-71.556999206542997,1.436920166015620,"4370",./0.png
,,,,,,,,,,,,,,,,,,,,,,,,,,,,,,,,,,,,,,,,,,,,,,,,"0","0",-0.062984228134155,2.495334386825560,2.558318614959720,0.586898744106293,0.351380765438080,282.086090087891023,281.498962402343977,0.473385006189346,161.269989013671989,121.860000610352003,304.713836669921989,286.738464355468977,-82.699996948242202,36.079998016357401,"10","8","0",-41.903167724609403,"6186",-71.550895690917997,2.356189489364620,"4371",./0.png
,,,,,,,,,,,,,,,,,,,,,,,,,,,,,,,,,,,,,,,,,,,,,,,,"0","0",-0.089156627655029,2.181482076644900,2.270638704299930,0.565432786941528,0.359005987644196,282.307067871093977,281.741455078125000,0.426478058099747,161.269989013671989,121.849998474120994,296.593109130859034,285.461334228516023,-82.709999084472699,36.119998931884801,"10","8","0",-41.903839111328097,"6186",-71.544075012207003,1.305847287178040,"4372",./0.png
,,,,,,,,,,,,,,,,,,,,,,,,,,,,,,,,,,,,,,,,,,,,,,,,"0","0",0.056252479553223,2.211249351501460,2.154996871948240,0.489906698465347,0.369664013385773,282.494537353516023,282.004608154296989,0.415155708789825,161.269989013671989,121.839996337890994,303.607788085938012,284.156372070311988,-82.459999084472699,36.119998931884801,"10","8","0",-41.924041748046903,"6191",-71.547737121582003,0.880441427230835,"4372",./0.png
